Workbook

Sheet weekly_reporting_2025
A1: DATA SOURCE: Reports>Business Reports>Detail Page Sales Traffic By Parent
C2: WEEKLY PERFORMANCE | X2: =(#REF!+#REF!+#REF!+#REF!)-(monthly_reporting_2021!D17+monthly_reporting_2021!D23+monthly_reporting_2021!D29+monthly_reporting_2021!D35) -> #REF! | Y2: =((#REF!+#REF!+#REF!+#REF!)-(monthly_reporting_2021!E17+monthly_reporting_2021!E23+monthly_reporting_2021!E29+monthly_reporting_2021!E35))/(#REF!+#REF!+#REF!+#REF!) -> #REF!
C3: Total Sales | F3: Total Orders | K3: Total Units Sold
C4: =VLOOKUP("Current Week",$B$11:$Z$475,MATCH("SALES",$B$11:$Z$11,0),FALSE) -> 51870.5 | F4: =VLOOKUP("Current Week",$B$11:$Z$475,MATCH("Units Sold",$B$11:$Z$11,0),FALSE) -> 863 | K4: =VLOOKUP("Current Week",$B$11:$Z$475,MATCH("Ordered Items",$B$11:$Z$11,0),FALSE) -> 789
C5: =(C4-(VLOOKUP("Previous Week",$B$11:$Z$479,MATCH("SALES",$B$11:$Z$11,0),FALSE)))/C4 -> 0.15463606 | F5: =(F4-(VLOOKUP("Previous Week",$B$11:$Z$489,MATCH("Units Sold",$B$11:$Z$11,0),FALSE)))/F4 -> 0.16801854 | K5: =(K4-(VLOOKUP("Previous Week",$B$11:$Z$489,MATCH("Ordered Items",$B$11:$Z$11,0),FALSE)))/K4 -> 0.17490494
C7: Advertising Sales | F7: Advertising Spend | K7: ACoS
C8: =VLOOKUP("Current Week",$B$11:$Z$475,MATCH("AD SALES",$B$11:$Z$11,0),FALSE) -> 15352.2 | F8: =VLOOKUP("Current Week",$B$11:$Z$475,MATCH("SP AD SPEND",$B$11:$Z$11,0),FALSE) -> 7606.26 | K8: =F8/C8 -> 0.49545081
C9: =(C8-(VLOOKUP("Previous Week",$B$11:$Z$489,MATCH("AD SALES",$B$11:$Z$11,0),FALSE)))/C8 -> 0.044404059 | F9: =(F8-(VLOOKUP("Previous Week",$B$11:$Z$489,MATCH("SP AD SPEND",$B$11:$Z$11,0),FALSE)))/F8 -> 0.15952255 | K9: =(K8-(VLOOKUP("Previous Week",$B$11:$Z$489,MATCH("ACOS",$B$11:$Z$11,0),FALSE)))/K8 -> 0.12046775
D10: SALES METRICS | L10: ADVERTISING PERFORMANCE | V10: MoM | X10: YoY
A11: Month-Code | B11: DATE | C11: BRAND | D11: SALES | E11: UNITS SOLD | F11: ORDERED ITEMS | G11: UNITS PER ORDER | H11: SALES PER ORDER | I11: ASP | J11: SESSIONS (traffic) | K11: ORDERS PER SESSION (conversion) | L11: SP AD SPEND | M11: IMPRESSIONS | N11: UNIT SALES | O11: AD SALES | P11: ACoS | Q11: ROAS (return on ad send) | R11: TACoS (Total Advertsing Cost of Sales) | S11: REVENUE PERCENTAGE OF AD SALES | T11: ORGANIC SALES | U11: CPO | V11: SALES | W11: UNITS | X11: SALES | Y11: UNITS
A13: =IFERROR(IF(B13>0,MONTH(B13)&"-"&YEAR(B13),B13),) -> 12-2024 | B13: 45641 | C13: BeFlexible | D13: 489.65 | E13: 7 | F13: 6 | G13: =E13/F13 -> 1.1666667 | H13: =D13/E13 -> 69.95 | I13: =H13/G13 -> 59.957143 | J13: 43 | K13: =E13/J13 -> 0.1627907 | L13: 15.24 | M13: 3203 | N13: 0 | O13: 0 | P13: =L13/O13 -> #DIV/0! | Q13: =O13/L13 -> 0 | R13: =L13/D13 -> 0.031124272 | S13: =O13/D13 -> 0 | T13: =D13-O13 -> 489.65 | U13: =L13/N13 -> #DIV/0!
A14: =IFERROR(IF(B14>0,MONTH(B14)&"-"&YEAR(B14),B14),) -> 0 | C14: Better Bladder | D14: 15008.3 | E14: 215 | F14: 204 | G14: =E14/F14 -> 1.0539216 | H14: =D14/E14 -> 69.806047 | I14: =H14/G14 -> 66.234574 | J14: 1544 | K14: =E14/J14 -> 0.1392487 | L14: 1231.04 | M14: 184121 | N14: 62 | O14: 4371.6 | P14: =L14/O14 -> 0.28159941 | Q14: =O14/L14 -> 3.5511437 | R14: =L14/D14 -> 0.082023947 | S14: =O14/D14 -> 0.29127883 | T14: =D14-O14 -> 10636.7 | U14: =L14/N14 -> 19.855484
A15: =IFERROR(IF(B15>0,MONTH(B15)&"-"&YEAR(B15),B15),) -> 0 | C15: Grown American | D15: 5190.9 | E15: 82 | F15: 78 | G15: =E15/F15 -> 1.0512821 | H15: =D15/E15 -> 63.303659 | I15: =H15/G15 -> 60.215675 | J15: 444 | K15: =E15/J15 -> 0.18468468 | L15: 336.89 | M15: 53355 | N15: 11 | O15: 729.3 | P15: =L15/O15 -> 0.4619361 | Q15: =O15/L15 -> 2.1648016 | R15: =L15/D15 -> 0.064900114 | S15: =O15/D15 -> 0.14049587 | T15: =D15-O15 -> 4461.6 | U15: =L15/N15 -> 30.626364
A16: =IFERROR(IF(B16>0,MONTH(B16)&"-"&YEAR(B16),B16),) -> 0 | C16: Ideal Prostate | D16: 13598.13 | E16: 186 | F16: 177 | G16: =E16/F16 -> 1.0508475 | H16: =D16/E16 -> 73.108226 | I16: =H16/G16 -> 69.570731 | J16: 1053 | K16: =E16/J16 -> 0.17663818 | L16: 1329.14 | M16: 152039 | N16: 63 | O16: 4588.39 | P16: =L16/O16 -> 0.28967459 | Q16: =O16/L16 -> 3.4521495 | R16: =L16/D16 -> 0.097744322 | S16: =O16/D16 -> 0.33742801 | T16: =D16-O16 -> 9009.74 | U16: =L16/N16 -> 21.09746
C17: Prosvent | D17: 34530 | E17: 594 | F17: 534 | G17: =E17/F17 -> 1.1123596 | H17: =D17/E17 -> 58.131313 | I17: =H17/G17 -> 52.259463 | J17: 1945 | K17: =E17/J17 -> 0.30539846 | L17: 3165.15 | M17: 334486 | N17: 151 | O17: 9555 | P17: =L17/O17 -> 0.33125589 | Q17: =O17/L17 -> 3.0188143 | R17: =L17/D17 -> 0.091663771 | S17: =O17/D17 -> 0.2767159 | T17: =D17-O17 -> 24975 | U17: =L17/N17 -> 20.961258
C18: Cebria | D18: 2877 | E18: 77 | F18: 66 | G18: =E18/F18 -> 1.1666667 | H18: =D18/E18 -> 37.363636 | I18: =H18/G18 -> 32.025974 | J18: 178 | K18: =E18/J18 -> 0.43258427 | L18: 204.18 | M18: 110559 | N18: 12 | O18: 531 | P18: =L18/O18 -> 0.38451977 | Q18: =O18/L18 -> 2.6006465 | R18: =L18/D18 -> 0.07096976 | S18: =O18/D18 -> 0.18456726 | T18: =D18-O18 -> 2346 | U18: =L18/N18 -> 17.015
A19: =IFERROR(IF(B19>0,MONTH(B19)&"-"&YEAR(B19),B19),) -> 12-2024 | B19: 45647 | C19: Profemin | D19: 1483.65 | E19: 27 | F19: 26 | G19: =E19/F19 -> 1.0384615 | H19: =D19/E19 -> 54.95 | I19: =H19/G19 -> 52.914815 | J19: 57 | K19: =E19/J19 -> 0.47368421 | L19: 45.57 | M19: 9880 | N19: 1 | O19: 54.95 | P19: =L19/O19 -> 0.82929936 | Q19: =O19/L19 -> 1.2058372 | R19: =L19/D19 -> 0.030714791 | S19: =O19/D19 -> 0.037037037 | T19: =D19-O19 -> 1428.7 | U19: =L19/N19 -> 45.57
A20: =IFERROR(IF(B20>0,MONTH(B20)&"-"&YEAR(B20),B20),) -> 0 | B20: 2024 - Week 51 | D20: =SUM(D13:D19) -> 73177.63 | E20: =SUM(E13:E19) -> 1188 | F20: =SUM(F13:F19) -> 1091 | G20: =E20/F20 -> 1.0889093 | H20: =D20/E20 -> 61.597332 | I20: =H20/G20 -> 56.56792 | J20: =SUM(J13:J19) -> 5264 | K20: =E20/J20 -> 0.22568389 | L20: =SUM(L13:L19) -> 6327.21 | M20: =SUM(M13:M19) -> 847643 | N20: =SUM(N13:N19) -> 300 | O20: =SUM(O13:O19) -> 19830.24 | P20: =L20/O20 -> 0.31906876 | Q20: =O20/L20 -> 3.1341207 | R20: =L20/D20 -> 0.086463718 | S20: =O20/D20 -> 0.27098773 | T20: =SUM(T13:T19) -> 53347.39 | U20: =L20/N20 -> 21.0907 | V20: =IFERROR((D20-#REF!)/D20,) -> 0 | W20: =IFERROR((E20-#REF!)/E20,) -> 0 | X20: =IFERROR((D20-#REF!)/D20,) -> 0 | Y20: =IFERROR((E20-#REF!)/E20,) -> 0
A21: =IFERROR(IF(B21>0,MONTH(B21)&"-"&YEAR(B21),B21),) -> 12-2024 | B21: 45648 | C21: BeFlexible | D21: 279.8 | E21: 4 | F21: 4 | G21: =E21/F21 -> 1 | H21: =D21/E21 -> 69.95 | I21: =H21/G21 -> 69.95 | J21: 39 | K21: =E21/J21 -> 0.1025641 | L21: 31.25 | M21: 2623 | N21: 0 | O21: 0 | P21: =L21/O21 -> #DIV/0! | Q21: =O21/L21 -> 0 | R21: =L21/D21 -> 0.11168692 | S21: =O21/D21 -> 0 | T21: =D21-O21 -> 279.8 | U21: =L21/N21 -> #DIV/0!
A22: =IFERROR(IF(B22>0,MONTH(B22)&"-"&YEAR(B22),B22),) -> 0 | C22: Better Bladder | D22: 12879.85 | E22: 189 | F22: 180 | G22: =E22/F22 -> 1.05 | H22: =D22/E22 -> 68.147354 | I22: =H22/G22 -> 64.902242 | J22: 1603 | K22: =E22/J22 -> 0.11790393 | L22: 1300.66 | M22: 190376 | N22: 48 | O22: 3487.2 | P22: =L22/O22 -> 0.37298119 | Q22: =O22/L22 -> 2.6811004 | R22: =L22/D22 -> 0.1009841 | S22: =O22/D22 -> 0.27074849 | T22: =D22-O22 -> 9392.65 | U22: =L22/N22 -> 27.097083
A23: =IFERROR(IF(B23>0,MONTH(B23)&"-"&YEAR(B23),B23),) -> 0 | C23: Grown American | D23: 3756.9 | E23: 62 | F23: 55 | G23: =E23/F23 -> 1.1272727 | H23: =D23/E23 -> 60.595161 | I23: =H23/G23 -> 53.753772 | J23: 392 | K23: =E23/J23 -> 0.15816327 | L23: 329.68 | M23: 68679 | N23: 13 | O23: 634.35 | P23: =L23/O23 -> 0.51971309 | Q23: =O23/L23 -> 1.9241386 | R23: =L23/D23 -> 0.087753201 | S23: =O23/D23 -> 0.16884932 | T23: =D23-O23 -> 3122.55 | U23: =L23/N23 -> 25.36
A24: =IFERROR(IF(B24>0,MONTH(B24)&"-"&YEAR(B24),B24),) -> 0 | C24: Ideal Prostate | D24: 10387.44 | E24: 131 | F24: 120 | G24: =E24/F24 -> 1.0916667 | H24: =D24/E24 -> 79.293435 | I24: =H24/G24 -> 72.635208 | J24: 969 | K24: =E24/J24 -> 0.13519092 | L24: 1540.56 | M24: 102909 | N24: 66 | O24: 5670.95 | P24: =L24/O24 -> 0.27165819 | Q24: =O24/L24 -> 3.6810965 | R24: =L24/D24 -> 0.14830988 | S24: =O24/D24 -> 0.54594298 | T24: =D24-O24 -> 4716.49 | U24: =L24/N24 -> 23.341818
C25: Prosvent | D25: 33136 | E25: 568 | F25: 515 | G25: =E25/F25 -> 1.1029126 | H25: =D25/E25 -> 58.338028 | I25: =H25/G25 -> 52.894515 | J25: 2313 | K25: =E25/J25 -> 0.24556853 | L25: 3748.29 | M25: 348947 | N25: 152 | O25: 9816 | P25: =L25/O25 -> 0.38185513 | Q25: =O25/L25 -> 2.6187942 | R25: =L25/D25 -> 0.11311836 | S25: =O25/D25 -> 0.2962337 | T25: =D25-O25 -> 23320 | U25: =L25/N25 -> 24.659803
C26: Cebria | D26: 2142 | E26: 58 | F26: 51 | G26: =E26/F26 -> 1.1372549 | H26: =D26/E26 -> 36.931034 | I26: =H26/G26 -> 32.473841 | J26: 147 | K26: =E26/J26 -> 0.39455782 | L26: 148.3 | M26: 102280 | N26: 6 | O26: 231 | P26: =L26/O26 -> 0.64199134 | Q26: =O26/L26 -> 1.5576534 | R26: =L26/D26 -> 0.06923436 | S26: =O26/D26 -> 0.10784314 | T26: =D26-O26 -> 1911 | U26: =L26/N26 -> 24.716667
A27: =IFERROR(IF(B27>0,MONTH(B27)&"-"&YEAR(B27),B27),) -> 12-2024 | B27: 45654 | C27: Profemin | D27: 2088.1 | E27: 38 | F27: 31 | G27: =E27/F27 -> 1.2258065 | H27: =D27/E27 -> 54.95 | I27: =H27/G27 -> 44.827632 | J27: 109 | K27: =E27/J27 -> 0.34862385 | L27: 167.05 | M27: 23736 | N27: 4 | O27: 274.75 | P27: =L27/O27 -> 0.60800728 | Q27: =O27/L27 -> 1.6447172 | R27: =L27/D27 -> 0.080000958 | S27: =O27/D27 -> 0.13157895 | T27: =D27-O27 -> 1813.35 | U27: =L27/N27 -> 41.7625
A28: =IFERROR(IF(B28>0,MONTH(B28)&"-"&YEAR(B28),B28),) -> 0 | B28: 2024 - Week 52 | D28: =SUM(D21:D27) -> 64670.09 | E28: =SUM(E21:E27) -> 1050 | F28: =SUM(F21:F27) -> 956 | G28: =E28/F28 -> 1.0983264 | H28: =D28/E28 -> 61.590562 | I28: =H28/G28 -> 56.07674 | J28: =SUM(J21:J27) -> 5572 | K28: =E28/J28 -> 0.18844221 | L28: =SUM(L21:L27) -> 7265.79 | M28: =SUM(M21:M27) -> 839550 | N28: =SUM(N21:N27) -> 289 | O28: =SUM(O21:O27) -> 20114.25 | P28: =L28/O28 -> 0.361226 | Q28: =O28/L28 -> 2.76835 | R28: =L28/D28 -> 0.11235163 | S28: =O28/D28 -> 0.31102864 | T28: =SUM(T21:T27) -> 44555.84 | U28: =L28/N28 -> 25.141142 | V28: =IFERROR((D28-#REF!)/D28,) -> 0 | W28: =IFERROR((E28-#REF!)/E28,) -> 0 | X28: =IFERROR((D28-#REF!)/D28,) -> 0 | Y28: =IFERROR((E28-#REF!)/E28,) -> 0
A29: =IFERROR(IF(B29>0,MONTH(B29)&"-"&YEAR(B29),B29),) -> 12-2024 | B29: 45655 | C29: BeFlexible | D29: 559.6 | E29: 8 | F29: 4 | G29: =E29/F29 -> 2 | H29: =D29/E29 -> 69.95 | I29: =H29/G29 -> 34.975 | J29: 30 | K29: =E29/J29 -> 0.26666667 | L29: 27.25 | M29: 4171 | N29: 0 | O29: 0 | P29: =L29/O29 -> #DIV/0! | Q29: =O29/L29 -> 0 | R29: =L29/D29 -> 0.048695497 | S29: =O29/D29 -> 0 | T29: =D29-O29 -> 559.6 | U29: =L29/N29 -> #DIV/0!
A30: =IFERROR(IF(B30>0,MONTH(B30)&"-"&YEAR(B30),B30),) -> 0 | C30: Better Bladder | D30: 14778.45 | E30: 216 | F30: 204 | G30: =E30/F30 -> 1.0588235 | H30: =D30/E30 -> 68.41875 | I30: =H30/G30 -> 64.617708 | J30: 2053 | K30: =E30/J30 -> 0.10521189 | L30: 1911.36 | M30: 277055 | N30: 68 | O30: 5056.2 | P30: =L30/O30 -> 0.37802302 | Q30: =O30/L30 -> 2.6453415 | R30: =L30/D30 -> 0.12933427 | S30: =O30/D30 -> 0.34213331 | T30: =D30-O30 -> 9722.25 | U30: =L30/N30 -> 28.108235
A31: =IFERROR(IF(B31>0,MONTH(B31)&"-"&YEAR(B31),B31),) -> 0 | C31: Grown American | D31: 5605.6 | E31: 89 | F31: 82 | G31: =E31/F31 -> 1.0853659 | H31: =D31/E31 -> 62.98427 | I31: =H31/G31 -> 58.030451 | J31: 468 | K31: =E31/J31 -> 0.19017094 | L31: 421.12 | M31: 83864 | N31: 17 | O31: 1029 | P31: =L31/O31 -> 0.4092517 | Q31: =O31/L31 -> 2.443484 | R31: =L31/D31 -> 0.075124875 | S31: =O31/D31 -> 0.18356643 | T31: =D31-O31 -> 4576.6 | U31: =L31/N31 -> 24.771765
A32: =IFERROR(IF(B32>0,MONTH(B32)&"-"&YEAR(B32),B32),) -> 0 | C32: Ideal Prostate | D32: 10854.18 | E32: 134 | F32: 129 | G32: =E32/F32 -> 1.0387597 | H32: =D32/E32 -> 81.001343 | I32: =H32/G32 -> 77.978905 | J32: 1067 | K32: =E32/J32 -> 0.12558575 | L32: 1570.8 | M32: 147200 | N32: 50 | O32: 3951.17 | P32: =L32/O32 -> 0.39755313 | Q32: =O32/L32 -> 2.5153871 | R32: =L32/D32 -> 0.14471844 | S32: =O32/D32 -> 0.36402289 | T32: =D32-O32 -> 6903.01 | U32: =L32/N32 -> 31.416
C33: Prosvent | D33: 38341 | E33: 656 | F33: 594 | G33: =E33/F33 -> 1.1043771 | H33: =D33/E33 -> 58.446646 | I33: =H33/G33 -> 52.922725 | J33: 2883 | K33: =E33/J33 -> 0.22754076 | L33: 4657.15 | M33: 569735 | N33: 220 | O33: 13822 | P33: =L33/O33 -> 0.33693749 | Q33: =O33/L33 -> 2.9679096 | R33: =L33/D33 -> 0.12146658 | S33: =O33/D33 -> 0.36050181 | T33: =D33-O33 -> 24519 | U33: =L33/N33 -> 21.168864
C34: Cebria | D34: 3417 | E34: 92 | F34: 76 | G34: =E34/F34 -> 1.2105263 | H34: =D34/E34 -> 37.141304 | I34: =H34/G34 -> 30.681947 | J34: 245 | K34: =E34/J34 -> 0.3755102 | L34: 346.37 | M34: 173145 | N34: 23 | O34: 906 | P34: =L34/O34 -> 0.38230684 | Q34: =O34/L34 -> 2.6157 | R34: =L34/D34 -> 0.1013667 | S34: =O34/D34 -> 0.26514486 | T34: =D34-O34 -> 2511 | U34: =L34/N34 -> 15.059565
A35: =IFERROR(IF(B35>0,MONTH(B35)&"-"&YEAR(B35),B35),) -> 1-2025 | B35: 45661 | C35: Profemin | D35: 1923.25 | E35: 36 | F35: 30 | G35: =E35/F35 -> 1.2 | H35: =D35/E35 -> 53.423611 | I35: =H35/G35 -> 44.519676 | J35: 187 | K35: =E35/J35 -> 0.19251337 | L35: 279.84 | M35: 58995 | N35: 3 | O35: 219.8 | P35: =L35/O35 -> 1.2731574 | Q35: =O35/L35 -> 0.78544883 | R35: =L35/D35 -> 0.1455037 | S35: =O35/D35 -> 0.11428571 | T35: =D35-O35 -> 1703.45 | U35: =L35/N35 -> 93.28
A36: =IFERROR(IF(B36>0,MONTH(B36)&"-"&YEAR(B36),B36),) -> 0 | B36: 2025 - Week 1 | D36: =SUM(D29:D35) -> 75479.08 | E36: =SUM(E29:E35) -> 1231 | F36: =SUM(F29:F35) -> 1119 | G36: =E36/F36 -> 1.1000894 | H36: =D36/E36 -> 61.315256 | I36: =H36/G36 -> 55.736614 | J36: =SUM(J29:J35) -> 6933 | K36: =E36/J36 -> 0.17755661 | L36: =SUM(L29:L35) -> 9213.89 | M36: =SUM(M29:M35) -> 1314165 | N36: =SUM(N29:N35) -> 381 | O36: =SUM(O29:O35) -> 24984.17 | P36: =L36/O36 -> 0.36878912 | Q36: =O36/L36 -> 2.7115768 | R36: =L36/D36 -> 0.1220721 | S36: =O36/D36 -> 0.33100788 | T36: =SUM(T29:T35) -> 50494.91 | U36: =L36/N36 -> 24.183438 | V36: =IFERROR((D36-#REF!)/D36,) -> 0 | W36: =IFERROR((E36-#REF!)/E36,) -> 0 | X36: =IFERROR((D36-#REF!)/D36,) -> 0 | Y36: =IFERROR((E36-#REF!)/E36,) -> 0
A37: =IFERROR(IF(B37>0,MONTH(B37)&"-"&YEAR(B37),B37),) -> 1-2025 | B37: 45662 | C37: BeFlexible | D37: 279.8 | E37: 4 | F37: 4 | G37: =E37/F37 -> 1 | H37: =D37/E37 -> 69.95 | I37: =H37/G37 -> 69.95 | J37: 39 | K37: =E37/J37 -> 0.1025641 | L37: 19.2 | M37: 3087 | N37: 0 | O37: 0 | P37: =L37/O37 -> #DIV/0! | Q37: =O37/L37 -> 0 | R37: =L37/D37 -> 0.068620443 | S37: =O37/D37 -> 0 | T37: =D37-O37 -> 279.8 | U37: =L37/N37 -> #DIV/0!
A38: =IFERROR(IF(B38>0,MONTH(B38)&"-"&YEAR(B38),B38),) -> 0 | C38: Better Bladder | D38: 13819.1 | E38: 200 | F38: 189 | G38: =E38/F38 -> 1.0582011 | H38: =D38/E38 -> 69.0955 | I38: =H38/G38 -> 65.295248 | J38: 1916 | K38: =E38/J38 -> 0.10438413 | L38: 1928.76 | M38: 254417 | N38: 63 | O38: 4683.4 | P38: =L38/O38 -> 0.41182901 | Q38: =O38/L38 -> 2.4281922 | R38: =L38/D38 -> 0.13957204 | S38: =O38/D38 -> 0.33890774 | T38: =D38-O38 -> 9135.7 | U38: =L38/N38 -> 30.615238
A39: =IFERROR(IF(B39>0,MONTH(B39)&"-"&YEAR(B39),B39),) -> 0 | C39: Grown American | D39: 3631.95 | E39: 61 | F39: 57 | G39: =E39/F39 -> 1.0701754 | H39: =D39/E39 -> 59.540164 | I39: =H39/G39 -> 55.635891 | J39: 402 | K39: =E39/J39 -> 0.15174129 | L39: 257.2 | M39: 39572 | N39: 9 | O39: 499.5 | P39: =L39/O39 -> 0.51491491 | Q39: =O39/L39 -> 1.9420684 | R39: =L39/D39 -> 0.070815953 | S39: =O39/D39 -> 0.13752943 | T39: =D39-O39 -> 3132.45 | U39: =L39/N39 -> 28.577778
A40: =IFERROR(IF(B40>0,MONTH(B40)&"-"&YEAR(B40),B40),) -> 0 | C40: Ideal Prostate | D40: 15291.29 | E40: 212 | F40: 198 | G40: =E40/F40 -> 1.0707071 | H40: =D40/E40 -> 72.128726 | I40: =H40/G40 -> 67.365509 | J40: 1288 | K40: =E40/J40 -> 0.16459627 | L40: 1913.77 | M40: 275572 | N40: 66 | O40: 5665.75 | P40: =L40/O40 -> 0.33777876 | Q40: =O40/L40 -> 2.9605177 | R40: =L40/D40 -> 0.12515425 | S40: =O40/D40 -> 0.37052139 | T40: =D40-O40 -> 9625.54 | U40: =L40/N40 -> 28.996515
C41: Prosvent | D41: 36716 | E41: 634 | F41: 568 | G41: =E41/F41 -> 1.1161972 | H41: =D41/E41 -> 57.911672 | I41: =H41/G41 -> 51.883012 | J41: 2505 | K41: =E41/J41 -> 0.25309381 | L41: 4100.36 | M41: 596258 | N41: 193 | O41: 12410.95 | P41: =L41/O41 -> 0.33038244 | Q41: =O41/L41 -> 3.0267952 | R41: =L41/D41 -> 0.11167774 | S41: =O41/D41 -> 0.33802566 | T41: =D41-O41 -> 24305.05 | U41: =L41/N41 -> 21.245389
C42: Cebria | D42: 2403 | E42: 65 | F42: 58 | G42: =E42/F42 -> 1.1206897 | H42: =D42/E42 -> 36.969231 | I42: =H42/G42 -> 32.987929 | J42: 242 | K42: =E42/J42 -> 0.26859504 | L42: 352.75 | M42: 181718 | N42: 16 | O42: 603 | P42: =L42/O42 -> 0.58499171 | Q42: =O42/L42 -> 1.7094259 | R42: =L42/D42 -> 0.14679567 | S42: =O42/D42 -> 0.25093633 | T42: =D42-O42 -> 1800 | U42: =L42/N42 -> 22.046875
A43: =IFERROR(IF(B43>0,MONTH(B43)&"-"&YEAR(B43),B43),) -> 1-2025 | B43: 45668 | C43: Profemin | D43: 1923.25 | E43: 36 | F43: 31 | G43: =E43/F43 -> 1.1612903 | H43: =D43/E43 -> 53.423611 | I43: =H43/G43 -> 46.003665 | J43: 151 | K43: =E43/J43 -> 0.2384106 | L43: 213.06 | M43: 133970 | N43: 3 | O43: 164.85 | P43: =L43/O43 -> 1.2924477 | Q43: =O43/L43 -> 0.77372571 | R43: =L43/D43 -> 0.11078123 | S43: =O43/D43 -> 0.085714286 | T43: =D43-O43 -> 1758.4 | U43: =L43/N43 -> 71.02
A44: =IFERROR(IF(B44>0,MONTH(B44)&"-"&YEAR(B44),B44),) -> 0 | B44: 2025 - Week 2 | D44: =SUM(D37:D43) -> 74064.39 | E44: =SUM(E37:E43) -> 1212 | F44: =SUM(F37:F43) -> 1105 | G44: =E44/F44 -> 1.0968326 | H44: =D44/E44 -> 61.109233 | I44: =H44/G44 -> 55.714276 | J44: =SUM(J37:J43) -> 6543 | K44: =E44/J44 -> 0.18523613 | L44: =SUM(L37:L43) -> 8785.1 | M44: =SUM(M37:M43) -> 1484594 | N44: =SUM(N37:N43) -> 350 | O44: =SUM(O37:O43) -> 24027.45 | P44: =L44/O44 -> 0.36562765 | Q44: =O44/L44 -> 2.7350229 | R44: =L44/D44 -> 0.11861436 | S44: =O44/D44 -> 0.32441299 | T44: =SUM(T37:T43) -> 50036.94 | U44: =L44/N44 -> 25.100286 | V44: =IFERROR((D44-#REF!)/D44,) -> 0 | W44: =IFERROR((E44-#REF!)/E44,) -> 0 | X44: =IFERROR((D44-#REF!)/D44,) -> 0 | Y44: =IFERROR((E44-#REF!)/E44,) -> 0
A45: =IFERROR(IF(B45>0,MONTH(B45)&"-"&YEAR(B45),B45),) -> 1-2025 | B45: 45669 | C45: BeFlexible | D45: 839.4 | E45: 12 | F45: 10 | G45: =E45/F45 -> 1.2 | H45: =D45/E45 -> 69.95 | I45: =H45/G45 -> 58.291667 | J45: 50 | K45: =E45/J45 -> 0.24 | L45: 21.03 | M45: 2340 | N45: 1 | O45: 69.95 | P45: =L45/O45 -> 0.30064332 | Q45: =O45/L45 -> 3.3262007 | R45: =L45/D45 -> 0.02505361 | S45: =O45/D45 -> 0.083333333 | T45: =D45-O45 -> 769.45 | U45: =L45/N45 -> 21.03
A46: =IFERROR(IF(B46>0,MONTH(B46)&"-"&YEAR(B46),B46),) -> 0 | C46: Better Bladder | D46: 14758.6 | E46: 222 | F46: 208 | G46: =E46/F46 -> 1.0673077 | H46: =D46/E46 -> 66.48018 | I46: =H46/G46 -> 62.287736 | J46: 1935 | K46: =E46/J46 -> 0.11472868 | L46: 2083.08 | M46: 255000 | N46: 65 | O46: 4826.4 | P46: =L46/O46 -> 0.43160119 | Q46: =O46/L46 -> 2.3169537 | R46: =L46/D46 -> 0.14114347 | S46: =O46/D46 -> 0.32702289 | T46: =D46-O46 -> 9932.2 | U46: =L46/N46 -> 32.047385
A47: =IFERROR(IF(B47>0,MONTH(B47)&"-"&YEAR(B47),B47),) -> 0 | C47: Grown American | D47: 2731.83 | E47: 65 | F47: 54 | G47: =E47/F47 -> 1.2037037 | H47: =D47/E47 -> 42.028154 | I47: =H47/G47 -> 34.915697 | J47: 259 | K47: =E47/J47 -> 0.25096525 | L47: 153.92 | M47: 4188 | N47: 16 | O47: 794.13 | P47: =L47/O47 -> 0.19382217 | Q47: =O47/L47 -> 5.1593685 | R47: =L47/D47 -> 0.056343184 | S47: =O47/D47 -> 0.29069525 | T47: =D47-O47 -> 1937.7 | U47: =L47/N47 -> 9.62
A48: =IFERROR(IF(B48>0,MONTH(B48)&"-"&YEAR(B48),B48),) -> 0 | C48: Ideal Prostate | D48: 12484.1 | E48: 180 | F48: 173 | G48: =E48/F48 -> 1.0404624 | H48: =D48/E48 -> 69.356111 | I48: =H48/G48 -> 66.658929 | J48: 1215 | K48: =E48/J48 -> 0.14814815 | L48: 1660.74 | M48: 274211 | N48: 50 | O48: 3355.44 | P48: =L48/O48 -> 0.49493956 | Q48: =O48/L48 -> 2.0204487 | R48: =L48/D48 -> 0.13302841 | S48: =O48/D48 -> 0.26877708 | T48: =D48-O48 -> 9128.66 | U48: =L48/N48 -> 33.2148
C49: Prosvent | D49: 36095 | E49: 617 | F49: 560 | G49: =E49/F49 -> 1.1017857 | H49: =D49/E49 -> 58.50081 | I49: =H49/G49 -> 53.096359 | J49: 2725 | K49: =E49/J49 -> 0.22642202 | L49: 4593.27 | M49: 591289 | N49: 201 | O49: 13047 | P49: =L49/O49 -> 0.35205564 | Q49: =O49/L49 -> 2.8404601 | R49: =L49/D49 -> 0.12725502 | S49: =O49/D49 -> 0.36146281 | T49: =D49-O49 -> 23048 | U49: =L49/N49 -> 22.85209
C50: Cebria | D50: 3102 | E50: 83 | F50: 71 | G50: =E50/F50 -> 1.1690141 | H50: =D50/E50 -> 37.373494 | I50: =H50/G50 -> 31.970097 | J50: 232 | K50: =E50/J50 -> 0.35775862 | L50: 352.67 | M50: 174766 | N50: 10 | O50: 444 | P50: =L50/O50 -> 0.7943018 | Q50: =O50/L50 -> 1.2589673 | R50: =L50/D50 -> 0.11369117 | S50: =O50/D50 -> 0.14313346 | T50: =D50-O50 -> 2658 | U50: =L50/N50 -> 35.267
A51: =IFERROR(IF(B51>0,MONTH(B51)&"-"&YEAR(B51),B51),) -> 1-2025 | B51: 45675 | C51: Profemin | D51: 1428.7 | E51: 26 | F51: 23 | G51: =E51/F51 -> 1.1304348 | H51: =D51/E51 -> 54.95 | I51: =H51/G51 -> 48.609615 | J51: 60 | K51: =E51/J51 -> 0.43333333 | L51: 66.99 | M51: 8498 | N51: 1 | O51: 54.95 | P51: =L51/O51 -> 1.2191083 | Q51: =O51/L51 -> 0.82027168 | R51: =L51/D51 -> 0.04688878 | S51: =O51/D51 -> 0.038461538 | T51: =D51-O51 -> 1373.75 | U51: =L51/N51 -> 66.99
A52: =IFERROR(IF(B52>0,MONTH(B52)&"-"&YEAR(B52),B52),) -> 0 | B52: 2025 - Week 3 | D52: =SUM(D45:D51) -> 71439.63 | E52: =SUM(E45:E51) -> 1205 | F52: =SUM(F45:F51) -> 1099 | G52: =E52/F52 -> 1.0964513 | H52: =D52/E52 -> 59.286 | I52: =H52/G52 -> 54.0708 | J52: =SUM(J45:J51) -> 6476 | K52: =E52/J52 -> 0.18607165 | L52: =SUM(L45:L51) -> 8931.7 | M52: =SUM(M45:M51) -> 1310292 | N52: =SUM(N45:N51) -> 344 | O52: =SUM(O45:O51) -> 22591.87 | P52: =L52/O52 -> 0.39535019 | Q52: =O52/L52 -> 2.5294031 | R52: =L52/D52 -> 0.12502444 | S52: =O52/D52 -> 0.31623722 | T52: =SUM(T45:T51) -> 48847.76 | U52: =L52/N52 -> 25.964244 | V52: =IFERROR((D52-#REF!)/D52,) -> 0 | W52: =IFERROR((E52-#REF!)/E52,) -> 0 | X52: =IFERROR((D52-#REF!)/D52,) -> 0 | Y52: =IFERROR((E52-#REF!)/E52,) -> 0
A53: =IFERROR(IF(B53>0,MONTH(B53)&"-"&YEAR(B53),B53),) -> 1-2025 | B53: 45676 | C53: BeFlexible | D53: 629.55 | E53: 9 | F53: 8 | G53: =E53/F53 -> 1.125 | H53: =D53/E53 -> 69.95 | I53: =H53/G53 -> 62.177778 | J53: 40 | K53: =E53/J53 -> 0.225 | L53: 23.88 | M53: 2861 | N53: 0 | O53: 0 | P53: =L53/O53 -> #DIV/0! | Q53: =O53/L53 -> 0 | R53: =L53/D53 -> 0.037931856 | S53: =O53/D53 -> 0 | T53: =D53-O53 -> 629.55 | U53: =L53/N53 -> #DIV/0!
A54: =IFERROR(IF(B54>0,MONTH(B54)&"-"&YEAR(B54),B54),) -> 0 | C54: Better Bladder | D54: 13409.7 | E54: 203 | F54: 194 | G54: =E54/F54 -> 1.0463918 | H54: =D54/E54 -> 66.057635 | I54: =H54/G54 -> 63.128972 | J54: 1754 | K54: =E54/J54 -> 0.11573546 | L54: 1983.55 | M54: 214609 | N54: 59 | O54: 4017 | P54: =L54/O54 -> 0.4937889 | Q54: =O54/L54 -> 2.0251569 | R54: =L54/D54 -> 0.14791904 | S54: =O54/D54 -> 0.29955927 | T54: =D54-O54 -> 9392.7 | U54: =L54/N54 -> 33.619492
A55: =IFERROR(IF(B55>0,MONTH(B55)&"-"&YEAR(B55),B55),) -> 0 | C55: Grown American | D55: 1617.65 | E55: 47 | F55: 38 | G55: =E55/F55 -> 1.2368421 | H55: =D55/E55 -> 34.418085 | I55: =H55/G55 -> 27.827388 | J55: 170 | K55: =E55/J55 -> 0.27647059 | L55: 51.96 | M55: 294 | N55: 12 | O55: 489.3 | P55: =L55/O55 -> 0.10619252 | Q55: =O55/L55 -> 9.4168591 | R55: =L55/D55 -> 0.032120669 | S55: =O55/D55 -> 0.30247581 | T55: =D55-O55 -> 1128.35 | U55: =L55/N55 -> 4.33
A56: =IFERROR(IF(B56>0,MONTH(B56)&"-"&YEAR(B56),B56),) -> 0 | C56: Ideal Prostate | D56: 11645.91 | E56: 164 | F56: 151 | G56: =E56/F56 -> 1.0860927 | H56: =D56/E56 -> 71.011646 | I56: =H56/G56 -> 65.382674 | J56: 950 | K56: =E56/J56 -> 0.17263158 | L56: 1415.9 | M56: 245460 | N56: 49 | O56: 3722.15 | P56: =L56/O56 -> 0.38039843 | Q56: =O56/L56 -> 2.6288227 | R56: =L56/D56 -> 0.12157916 | S56: =O56/D56 -> 0.31961006 | T56: =D56-O56 -> 7923.76 | U56: =L56/N56 -> 28.895918
C57: Prosvent | D57: 38070 | E57: 654 | F57: 593 | G57: =E57/F57 -> 1.1028668 | H57: =D57/E57 -> 58.211009 | I57: =H57/G57 -> 52.781542 | J57: 2895 | K57: =E57/J57 -> 0.22590674 | L57: 4833.3 | M57: 591587 | N57: 219 | O57: 14367.85 | P57: =L57/O57 -> 0.33639689 | Q57: =O57/L57 -> 2.9726791 | R57: =L57/D57 -> 0.12695823 | S57: =O57/D57 -> 0.37740609 | T57: =D57-O57 -> 23702.15 | U57: =L57/N57 -> 22.069863
C58: Cebria | D58: 3114 | E58: 84 | F58: 64 | G58: =E58/F58 -> 1.3125 | H58: =D58/E58 -> 37.071429 | I58: =H58/G58 -> 28.244898 | J58: 254 | K58: =E58/J58 -> 0.33070866 | L58: 443.65 | M58: 141105 | N58: 9 | O58: 345 | P58: =L58/O58 -> 1.285942 | Q58: =O58/L58 -> 0.77764003 | R58: =L58/D58 -> 0.14246949 | S58: =O58/D58 -> 0.11078998 | T58: =D58-O58 -> 2769 | U58: =L58/N58 -> 49.294444
A59: =IFERROR(IF(B59>0,MONTH(B59)&"-"&YEAR(B59),B59),) -> 1-2025 | B59: 45682 | C59: Profemin | D59: 329.7 | E59: 6 | F59: 5 | G59: =E59/F59 -> 1.2 | H59: =D59/E59 -> 54.95 | I59: =H59/G59 -> 45.791667 | J59: 57 | K59: =E59/J59 -> 0.10526316 | L59: 69.76 | M59: 9632 | N59: 1 | O59: 54.95 | P59: =L59/O59 -> 1.2695177 | Q59: =O59/L59 -> 0.78770069 | R59: =L59/D59 -> 0.21158629 | S59: =O59/D59 -> 0.16666667 | T59: =D59-O59 -> 274.75 | U59: =L59/N59 -> 69.76
A60: =IFERROR(IF(B60>0,MONTH(B60)&"-"&YEAR(B60),B60),) -> 0 | B60: 2025 - Week 4 | D60: =SUM(D53:D59) -> 68816.51 | E60: =SUM(E53:E59) -> 1167 | F60: =SUM(F53:F59) -> 1053 | G60: =E60/F60 -> 1.1082621 | H60: =D60/E60 -> 58.968732 | I60: =H60/G60 -> 53.20829 | J60: =SUM(J53:J59) -> 6120 | K60: =E60/J60 -> 0.19068627 | L60: =SUM(L53:L59) -> 8822 | M60: =SUM(M53:M59) -> 1205548 | N60: =SUM(N53:N59) -> 349 | O60: =SUM(O53:O59) -> 22996.25 | P60: =L60/O60 -> 0.38362777 | Q60: =O60/L60 -> 2.6066935 | R60: =L60/D60 -> 0.12819598 | S60: =O60/D60 -> 0.33416763 | T60: =SUM(T53:T59) -> 45820.26 | U60: =L60/N60 -> 25.277937 | V60: =IFERROR((D60-#REF!)/D60,) -> 0 | W60: =IFERROR((E60-#REF!)/E60,) -> 0 | X60: =IFERROR((D60-#REF!)/D60,) -> 0 | Y60: =IFERROR((E60-#REF!)/E60,) -> 0
A61: =IFERROR(IF(B61>0,MONTH(B61)&"-"&YEAR(B61),B61),) -> 1-2025 | B61: 45683 | C61: BeFlexible | D61: 559.6 | E61: 8 | F61: 7 | G61: =E61/F61 -> 1.1428571 | H61: =D61/E61 -> 69.95 | I61: =H61/G61 -> 61.20625 | J61: 53 | K61: =E61/J61 -> 0.1509434 | L61: 30.18 | M61: 2254 | N61: 1 | O61: 69.95 | P61: =L61/O61 -> 0.43145104 | Q61: =O61/L61 -> 2.3177601 | R61: =L61/D61 -> 0.05393138 | S61: =O61/D61 -> 0.125 | T61: =D61-O61 -> 489.65 | U61: =L61/N61 -> 30.18
A62: =IFERROR(IF(B62>0,MONTH(B62)&"-"&YEAR(B62),B62),) -> 0 | C62: Better Bladder | D62: 14439.15 | E62: 217 | F62: 206 | G62: =E62/F62 -> 1.0533981 | H62: =D62/E62 -> 66.539862 | I62: =H62/G62 -> 63.166873 | J62: 1768 | K62: =E62/J62 -> 0.12273756 | L62: 1889.35 | M62: 193382 | N62: 60 | O62: 3996.9 | P62: =L62/O62 -> 0.47270385 | Q62: =O62/L62 -> 2.1154895 | R62: =L62/D62 -> 0.13084912 | S62: =O62/D62 -> 0.27680992 | T62: =D62-O62 -> 10442.25 | U62: =L62/N62 -> 31.489167
A63: =IFERROR(IF(B63>0,MONTH(B63)&"-"&YEAR(B63),B63),) -> 0 | C63: Grown American | D63: 1223.25 | E63: 35 | F63: 29 | G63: =E63/F63 -> 1.2068966 | H63: =D63/E63 -> 34.95 | I63: =H63/G63 -> 28.958571 | J63: 223 | K63: =E63/J63 -> 0.15695067 | L63: 57.32 | M63: 390 | N63: 6 | O63: 279.6 | P63: =L63/O63 -> 0.20500715 | Q63: =O63/L63 -> 4.8778786 | R63: =L63/D63 -> 0.046858778 | S63: =O63/D63 -> 0.22857143 | T63: =D63-O63 -> 943.65 | U63: =L63/N63 -> 9.5533333
A64: =IFERROR(IF(B64>0,MONTH(B64)&"-"&YEAR(B64),B64),) -> 0 | C64: Ideal Prostate | D64: 11252.14 | E64: 163 | F64: 150 | G64: =E64/F64 -> 1.0866667 | H64: =D64/E64 -> 69.031534 | I64: =H64/G64 -> 63.525951 | J64: 824 | K64: =E64/J64 -> 0.19781553 | L64: 1036.05 | M64: 254869 | N64: 39 | O64: 2791.86 | P64: =L64/O64 -> 0.37109669 | Q64: =O64/L64 -> 2.6947155 | R64: =L64/D64 -> 0.092075818 | S64: =O64/D64 -> 0.24811814 | T64: =D64-O64 -> 8460.28 | U64: =L64/N64 -> 26.565385
C65: Prosvent | D65: 41868 | E65: 719 | F65: 643 | G65: =E65/F65 -> 1.118196 | H65: =D65/E65 -> 58.230876 | I65: =H65/G65 -> 52.075735 | J65: 2901 | K65: =E65/J65 -> 0.24784557 | L65: 5840.71 | M65: 658470 | N65: 226 | O65: 14319.95 | P65: =L65/O65 -> 0.40787223 | Q65: =O65/L65 -> 2.4517482 | R65: =L65/D65 -> 0.13950296 | S65: =O65/D65 -> 0.34202613 | T65: =D65-O65 -> 27548.05 | U65: =L65/N65 -> 25.84385
C66: Cebria | D66: 2790 | E66: 75 | F66: 65 | G66: =E66/F66 -> 1.1538462 | H66: =D66/E66 -> 37.2 | I66: =H66/G66 -> 32.24 | J66: 208 | K66: =E66/J66 -> 0.36057692 | L66: 379.67 | M66: 164837 | N66: 10 | O66: 381 | P66: =L66/O66 -> 0.99650919 | Q66: =O66/L66 -> 1.003503 | R66: =L66/D66 -> 0.13608244 | S66: =O66/D66 -> 0.13655914 | T66: =D66-O66 -> 2409 | U66: =L66/N66 -> 37.967
A67: =IFERROR(IF(B67>0,MONTH(B67)&"-"&YEAR(B67),B67),) -> 2-2025 | B67: 45689 | C67: Profemin | D67: 2967.3 | E67: 54 | F67: 45 | G67: =E67/F67 -> 1.2 | H67: =D67/E67 -> 54.95 | I67: =H67/G67 -> 45.791667 | J67: 138 | K67: =E67/J67 -> 0.39130435 | L67: 178.09 | M67: 65701 | N67: 1 | O67: 54.95 | P67: =L67/O67 -> 3.2409463 | Q67: =O67/L67 -> 0.30855186 | R67: =L67/D67 -> 0.060017524 | S67: =O67/D67 -> 0.018518519 | T67: =D67-O67 -> 2912.35 | U67: =L67/N67 -> 178.09
A68: =IFERROR(IF(B68>0,MONTH(B68)&"-"&YEAR(B68),B68),) -> 0 | B68: 2025 - Week 5 | D68: =SUM(D61:D67) -> 75099.44 | E68: =SUM(E61:E67) -> 1271 | F68: =SUM(F61:F67) -> 1145 | G68: =E68/F68 -> 1.1100437 | H68: =D68/E68 -> 59.086892 | I68: =H68/G68 -> 53.22934 | J68: =SUM(J61:J67) -> 6115 | K68: =E68/J68 -> 0.20784955 | L68: =SUM(L61:L67) -> 9411.37 | M68: =SUM(M61:M67) -> 1339903 | N68: =SUM(N61:N67) -> 343 | O68: =SUM(O61:O67) -> 21894.21 | P68: =L68/O68 -> 0.42985657 | Q68: =O68/L68 -> 2.3263574 | R68: =L68/D68 -> 0.12531878 | S68: =O68/D68 -> 0.29153626 | T68: =SUM(T61:T67) -> 53205.23 | U68: =L68/N68 -> 27.438397 | V68: =IFERROR((D68-#REF!)/D68,) -> 0 | W68: =IFERROR((E68-#REF!)/E68,) -> 0 | X68: =IFERROR((D68-#REF!)/D68,) -> 0 | Y68: =IFERROR((E68-#REF!)/E68,) -> 0
A69: =IFERROR(IF(B69>0,MONTH(B69)&"-"&YEAR(B69),B69),) -> 2-2025 | B69: 45690 | C69: BeFlexible | D69: 1119.2 | E69: 16 | F69: 8 | G69: =E69/F69 -> 2 | H69: =D69/E69 -> 69.95 | I69: =H69/G69 -> 34.975 | J69: 53 | K69: =E69/J69 -> 0.30188679 | L69: 32.6 | M69: 4224 | N69: 1 | O69: 139.9 | P69: =L69/O69 -> 0.23302359 | Q69: =O69/L69 -> 4.291411 | R69: =L69/D69 -> 0.029127949 | S69: =O69/D69 -> 0.125 | T69: =D69-O69 -> 979.3 | U69: =L69/N69 -> 32.6
A70: =IFERROR(IF(B70>0,MONTH(B70)&"-"&YEAR(B70),B70),) -> 0 | C70: Better Bladder | D70: 15168.15 | E70: 212 | F70: 196 | G70: =E70/F70 -> 1.0816327 | H70: =D70/E70 -> 71.547877 | I70: =H70/G70 -> 66.148038 | J70: 1746 | K70: =E70/J70 -> 0.12142039 | L70: 1875.21 | M70: 220308 | N70: 57 | O70: 4876.35 | P70: =L70/O70 -> 0.38455197 | Q70: =O70/L70 -> 2.6004288 | R70: =L70/D70 -> 0.12362813 | S70: =O70/D70 -> 0.32148614 | T70: =D70-O70 -> 10291.8 | U70: =L70/N70 -> 32.898421
A71: =IFERROR(IF(B71>0,MONTH(B71)&"-"&YEAR(B71),B71),) -> 0 | C71: Grown American | D71: 1432.95 | E71: 41 | F71: 34 | G71: =E71/F71 -> 1.2058824 | H71: =D71/E71 -> 34.95 | I71: =H71/G71 -> 28.982927 | J71: 168 | K71: =E71/J71 -> 0.24404762 | L71: 34.65 | M71: 262 | N71: 8 | O71: 279.6 | P71: =L71/O71 -> 0.12392704 | Q71: =O71/L71 -> 8.0692641 | R71: =L71/D71 -> 0.024180886 | S71: =O71/D71 -> 0.19512195 | T71: =D71-O71 -> 1153.35 | U71: =L71/N71 -> 4.33125
A72: =IFERROR(IF(B72>0,MONTH(B72)&"-"&YEAR(B72),B72),) -> 0 | C72: Ideal Prostate | D72: 9723.42 | E72: 133 | F72: 124 | G72: =E72/F72 -> 1.0725806 | H72: =D72/E72 -> 73.108421 | I72: =H72/G72 -> 68.161235 | J72: 826 | K72: =E72/J72 -> 0.16101695 | L72: 1310.07 | M72: 281222 | N72: 39 | O72: 2902.7 | P72: =L72/O72 -> 0.45132807 | Q72: =O72/L72 -> 2.2156831 | R72: =L72/D72 -> 0.13473346 | S72: =O72/D72 -> 0.29852665 | T72: =D72-O72 -> 6820.72 | U72: =L72/N72 -> 33.591538
C73: Prosvent | D73: 35540 | E73: 608 | F73: 555 | G73: =E73/F73 -> 1.0954955 | H73: =D73/E73 -> 58.453947 | I73: =H73/G73 -> 53.358455 | J73: 2692 | K73: =E73/J73 -> 0.22585438 | L73: 5131.58 | M73: 612577 | N73: 192 | O73: 12234 | P73: =L73/O73 -> 0.41945235 | Q73: =O73/L73 -> 2.384061 | R73: =L73/D73 -> 0.14438886 | S73: =O73/D73 -> 0.34423185 | T73: =D73-O73 -> 23306 | U73: =L73/N73 -> 26.726979
C74: Cebria | D74: 4062 | E74: 109 | F74: 83 | G74: =E74/F74 -> 1.313253 | H74: =D74/E74 -> 37.266055 | I74: =H74/G74 -> 28.376904 | J74: 335 | K74: =E74/J74 -> 0.32537313 | L74: 669.5 | M74: 163410 | N74: 18 | O74: 909 | P74: =L74/O74 -> 0.73652365 | Q74: =O74/L74 -> 1.3577296 | R74: =L74/D74 -> 0.16482029 | S74: =O74/D74 -> 0.22378139 | T74: =D74-O74 -> 3153 | U74: =L74/N74 -> 37.194444
A75: =IFERROR(IF(B75>0,MONTH(B75)&"-"&YEAR(B75),B75),) -> 2-2025 | B75: 45696 | C75: Profemin | D75: 2472.75 | E75: 45 | F75: 39 | G75: =E75/F75 -> 1.1538462 | H75: =D75/E75 -> 54.95 | I75: =H75/G75 -> 47.623333 | J75: 181 | K75: =E75/J75 -> 0.24861878 | L75: 295.77 | M75: 24549 | N75: 8 | O75: 494.55 | P75: =L75/O75 -> 0.59805884 | Q75: =O75/L75 -> 1.6720763 | R75: =L75/D75 -> 0.11961177 | S75: =O75/D75 -> 0.2 | T75: =D75-O75 -> 1978.2 | U75: =L75/N75 -> 36.97125
A76: =IFERROR(IF(B76>0,MONTH(B76)&"-"&YEAR(B76),B76),) -> 0 | B76: 2025 - Week 6 | D76: =SUM(D69:D75) -> 69518.47 | E76: =SUM(E69:E75) -> 1164 | F76: =SUM(F69:F75) -> 1039 | G76: =E76/F76 -> 1.120308 | H76: =D76/E76 -> 59.723771 | I76: =H76/G76 -> 53.310136 | J76: =SUM(J69:J75) -> 6001 | K76: =E76/J76 -> 0.19396767 | L76: =SUM(L69:L75) -> 9349.38 | M76: =SUM(M69:M75) -> 1306552 | N76: =SUM(N69:N75) -> 323 | O76: =SUM(O69:O75) -> 21836.1 | P76: =L76/O76 -> 0.42816162 | Q76: =O76/L76 -> 2.3355666 | R76: =L76/D76 -> 0.13448771 | S76: =O76/D76 -> 0.31410501 | T76: =SUM(T69:T75) -> 47682.37 | U76: =L76/N76 -> 28.945449 | V76: =IFERROR((D76-#REF!)/D76,) -> 0 | W76: =IFERROR((E76-#REF!)/E76,) -> 0 | X76: =IFERROR((D76-#REF!)/D76,) -> 0 | Y76: =IFERROR((E76-#REF!)/E76,) -> 0
A77: =IFERROR(IF(B77>0,MONTH(B77)&"-"&YEAR(B77),B77),) -> 2-2025 | B77: 45697 | C77: BeFlexible | D77: 559.6 | E77: 8 | F77: 7 | G77: =E77/F77 -> 1.1428571 | H77: =D77/E77 -> 69.95 | I77: =H77/G77 -> 61.20625 | J77: 56 | K77: =E77/J77 -> 0.14285714 | L77: 53.18 | M77: 5003 | N77: 0 | O77: 0 | P77: =L77/O77 -> #DIV/0! | Q77: =O77/L77 -> 0 | R77: =L77/D77 -> 0.095032166 | S77: =O77/D77 -> 0 | T77: =D77-O77 -> 559.6 | U77: =L77/N77 -> #DIV/0!
A78: =IFERROR(IF(B78>0,MONTH(B78)&"-"&YEAR(B78),B78),) -> 0 | C78: Better Bladder | D78: 15557.75 | E78: 232 | F78: 222 | G78: =E78/F78 -> 1.045045 | H78: =D78/E78 -> 67.059267 | I78: =H78/G78 -> 64.168782 | J78: 2009 | K78: =E78/J78 -> 0.11548034 | L78: 1848.24 | M78: 211672 | N78: 59 | O78: 4076.85 | P78: =L78/O78 -> 0.45335001 | Q78: =O78/L78 -> 2.2058012 | R78: =L78/D78 -> 0.11879867 | S78: =O78/D78 -> 0.26204625 | T78: =D78-O78 -> 11480.9 | U78: =L78/N78 -> 31.326102
A79: =IFERROR(IF(B79>0,MONTH(B79)&"-"&YEAR(B79),B79),) -> 0 | C79: Grown American | D79: 89.8 | E79: 4 | F79: 3 | G79: =E79/F79 -> 1.3333333 | H79: =D79/E79 -> 22.45 | I79: =H79/G79 -> 16.8375 | J79: 119 | K79: =E79/J79 -> 0.033613445 | L79: 36.4 | M79: 411 | N79: 0 | O79: 0 | P79: =L79/O79 -> #DIV/0! | Q79: =O79/L79 -> 0 | R79: =L79/D79 -> 0.40534521 | S79: =O79/D79 -> 0 | T79: =D79-O79 -> 89.8 | U79: =L79/N79 -> #DIV/0!
A80: =IFERROR(IF(B80>0,MONTH(B80)&"-"&YEAR(B80),B80),) -> 0 | C80: Ideal Prostate | D80: 11487.94 | E80: 165 | F80: 148 | G80: =E80/F80 -> 1.1148649 | H80: =D80/E80 -> 69.623879 | I80: =H80/G80 -> 62.450509 | J80: 818 | K80: =E80/J80 -> 0.20171149 | L80: 1484.79 | M80: 254376 | N80: 33 | O80: 2738.88 | P80: =L80/O80 -> 0.54211576 | Q80: =O80/L80 -> 1.8446245 | R80: =L80/D80 -> 0.12924772 | S80: =O80/D80 -> 0.2384135 | T80: =D80-O80 -> 8749.06 | U80: =L80/N80 -> 44.993636
C81: Prosvent | D81: 37727 | E81: 641 | F81: 582 | G81: =E81/F81 -> 1.1013746 | H81: =D81/E81 -> 58.856474 | I81: =H81/G81 -> 53.439108 | J81: 2129 | K81: =E81/J81 -> 0.30108032 | L81: 3901.57 | M81: 513128 | N81: 175 | O81: 11497.95 | P81: =L81/O81 -> 0.33932745 | Q81: =O81/L81 -> 2.9470059 | R81: =L81/D81 -> 0.10341586 | S81: =O81/D81 -> 0.30476714 | T81: =D81-O81 -> 26229.05 | U81: =L81/N81 -> 22.294686
C82: Cebria | D82: 3762 | E82: 101 | F82: 81 | G82: =E82/F82 -> 1.2469136 | H82: =D82/E82 -> 37.247525 | I82: =H82/G82 -> 29.871777 | J82: 252 | K82: =E82/J82 -> 0.40079365 | L82: 489.36 | M82: 119280 | N82: 8 | O82: 339 | P82: =L82/O82 -> 1.4435398 | Q82: =O82/L82 -> 0.69274154 | R82: =L82/D82 -> 0.13007974 | S82: =O82/D82 -> 0.090111643 | T82: =D82-O82 -> 3423 | U82: =L82/N82 -> 61.17
A83: =IFERROR(IF(B83>0,MONTH(B83)&"-"&YEAR(B83),B83),) -> 2-2025 | B83: 45703 | C83: Profemin | D83: 2307.9 | E83: 42 | F83: 37 | G83: =E83/F83 -> 1.1351351 | H83: =D83/E83 -> 54.95 | I83: =H83/G83 -> 48.408333 | J83: 260 | K83: =E83/J83 -> 0.16153846 | L83: 405.71 | M83: 39930 | N83: 5 | O83: 329.7 | P83: =L83/O83 -> 1.2305429 | Q83: =O83/L83 -> 0.81264943 | R83: =L83/D83 -> 0.17579185 | S83: =O83/D83 -> 0.14285714 | T83: =D83-O83 -> 1978.2 | U83: =L83/N83 -> 81.142
A84: =IFERROR(IF(B84>0,MONTH(B84)&"-"&YEAR(B84),B84),) -> 0 | B84: 2025 - Week 7 | D84: =SUM(D77:D83) -> 71491.99 | E84: =SUM(E77:E83) -> 1193 | F84: =SUM(F77:F83) -> 1080 | G84: =E84/F84 -> 1.1046296 | H84: =D84/E84 -> 59.926228 | I84: =H84/G84 -> 54.250064 | J84: =SUM(J77:J83) -> 5643 | K84: =E84/J84 -> 0.21141237 | L84: =SUM(L77:L83) -> 8219.25 | M84: =SUM(M77:M83) -> 1143800 | N84: =SUM(N77:N83) -> 280 | O84: =SUM(O77:O83) -> 18982.38 | P84: =L84/O84 -> 0.43299365 | Q84: =O84/L84 -> 2.3095027 | R84: =L84/D84 -> 0.11496743 | S84: =O84/D84 -> 0.26551758 | T84: =SUM(T77:T83) -> 52509.61 | U84: =L84/N84 -> 29.354464 | V84: =IFERROR((D84-#REF!)/D84,) -> 0 | W84: =IFERROR((E84-#REF!)/E84,) -> 0 | X84: =IFERROR((D84-#REF!)/D84,) -> 0 | Y84: =IFERROR((E84-#REF!)/E84,) -> 0
A85: =IFERROR(IF(B85>0,MONTH(B85)&"-"&YEAR(B85),B85),) -> 2-2025 | B85: 45704 | C85: BeFlexible | D85: 629.55 | E85: 9 | F85: 8 | G85: =E85/F85 -> 1.125 | H85: =D85/E85 -> 69.95 | I85: =H85/G85 -> 62.177778 | J85: 42 | K85: =E85/J85 -> 0.21428571 | L85: 31.42 | M85: 6359 | N85: 1 | O85: 69.95 | P85: =L85/O85 -> 0.44917798 | Q85: =O85/L85 -> 2.226289 | R85: =L85/D85 -> 0.049908665 | S85: =O85/D85 -> 0.11111111 | T85: =D85-O85 -> 559.6 | U85: =L85/N85 -> 31.42
A86: =IFERROR(IF(B86>0,MONTH(B86)&"-"&YEAR(B86),B86),) -> 0 | C86: Better Bladder | D86: 14179.05 | E86: 208 | F86: 199 | G86: =E86/F86 -> 1.0452261 | H86: =D86/E86 -> 68.16851 | I86: =H86/G86 -> 65.218911 | J86: 2189 | K86: =E86/J86 -> 0.095020557 | L86: 2063.45 | M86: 235321 | N86: 60 | O86: 4196.85 | P86: =L86/O86 -> 0.49166637 | Q86: =O86/L86 -> 2.0338995 | R86: =L86/D86 -> 0.14552809 | S86: =O86/D86 -> 0.29598951 | T86: =D86-O86 -> 9982.2 | U86: =L86/N86 -> 34.390833
A87: =IFERROR(IF(B87>0,MONTH(B87)&"-"&YEAR(B87),B87),) -> 0 | C87: Grown American | D87: 9.95 | E87: 1 | F87: 1 | G87: =E87/F87 -> 1 | H87: =D87/E87 -> 9.95 | I87: =H87/G87 -> 9.95 | J87: 170 | K87: =E87/J87 -> 0.0058823529 | L87: 34.73 | M87: 533 | N87: 0 | O87: 0 | P87: =L87/O87 -> #DIV/0! | Q87: =O87/L87 -> 0 | R87: =L87/D87 -> 3.4904523 | S87: =O87/D87 -> 0 | T87: =D87-O87 -> 9.95 | U87: =L87/N87 -> #DIV/0!
A88: =IFERROR(IF(B88>0,MONTH(B88)&"-"&YEAR(B88),B88),) -> 0 | C88: Ideal Prostate | D88: 11061.2 | E88: 162 | F88: 154 | G88: =E88/F88 -> 1.0519481 | H88: =D88/E88 -> 68.279012 | I88: =H88/G88 -> 64.907209 | J88: 1067 | K88: =E88/J88 -> 0.15182755 | L88: 1827.49 | M88: 338214 | N88: 53 | O88: 3594.28 | P88: =L88/O88 -> 0.50844397 | Q88: =O88/L88 -> 1.966785 | R88: =L88/D88 -> 0.16521625 | S88: =O88/D88 -> 0.32494485 | T88: =D88-O88 -> 7466.92 | U88: =L88/N88 -> 34.480943
C89: Prosvent | D89: 35250 | E89: 606 | F89: 549 | G89: =E89/F89 -> 1.1038251 | H89: =D89/E89 -> 58.168317 | I89: =H89/G89 -> 52.69704 | J89: 2541 | K89: =E89/J89 -> 0.23848878 | L89: 5060.89 | M89: 687261 | N89: 164 | O89: 10507 | P89: =L89/O89 -> 0.48166841 | Q89: =O89/L89 -> 2.076117 | R89: =L89/D89 -> 0.14357135 | S89: =O89/D89 -> 0.29807092 | T89: =D89-O89 -> 24743 | U89: =L89/N89 -> 30.859085
C90: Cebria | D90: 2997 | E90: 83 | F90: 62 | G90: =E90/F90 -> 1.3387097 | H90: =D90/E90 -> 36.108434 | I90: =H90/G90 -> 26.972565 | J90: 405 | K90: =E90/J90 -> 0.20493827 | L90: 805.09 | M90: 158050 | N90: 18 | O90: 864 | P90: =L90/O90 -> 0.93181713 | Q90: =O90/L90 -> 1.0731719 | R90: =L90/D90 -> 0.26863197 | S90: =O90/D90 -> 0.28828829 | T90: =D90-O90 -> 2133 | U90: =L90/N90 -> 44.727222
A91: =IFERROR(IF(B91>0,MONTH(B91)&"-"&YEAR(B91),B91),) -> 2-2025 | B91: 45710 | C91: Profemin | D91: 2252.95 | E91: 41 | F91: 36 | G91: =E91/F91 -> 1.1388889 | H91: =D91/E91 -> 54.95 | I91: =H91/G91 -> 48.24878 | J91: 274 | K91: =E91/J91 -> 0.14963504 | L91: 456.27 | M91: 62581 | N91: 1 | O91: 54.95 | P91: =L91/O91 -> 8.3033667 | Q91: =O91/L91 -> 0.12043308 | R91: =L91/D91 -> 0.20252114 | S91: =O91/D91 -> 0.024390244 | T91: =D91-O91 -> 2198 | U91: =L91/N91 -> 456.27
A92: =IFERROR(IF(B92>0,MONTH(B92)&"-"&YEAR(B92),B92),) -> 0 | B92: 2025 - Week 8 | D92: =SUM(D85:D91) -> 66379.7 | E92: =SUM(E85:E91) -> 1110 | F92: =SUM(F85:F91) -> 1009 | G92: =E92/F92 -> 1.1000991 | H92: =D92/E92 -> 59.801532 | I92: =H92/G92 -> 54.360131 | J92: =SUM(J85:J91) -> 6688 | K92: =E92/J92 -> 0.1659689 | L92: =SUM(L85:L91) -> 10279.34 | M92: =SUM(M85:M91) -> 1488319 | N92: =SUM(N85:N91) -> 297 | O92: =SUM(O85:O91) -> 19287.03 | P92: =L92/O92 -> 0.53296645 | Q92: =O92/L92 -> 1.8762907 | R92: =L92/D92 -> 0.15485668 | S92: =O92/D92 -> 0.29055615 | T92: =SUM(T85:T91) -> 47092.67 | U92: =L92/N92 -> 34.610572 | V92: =IFERROR((D92-#REF!)/D92,) -> 0 | W92: =IFERROR((E92-#REF!)/E92,) -> 0 | X92: =IFERROR((D92-#REF!)/D92,) -> 0 | Y92: =IFERROR((E92-#REF!)/E92,) -> 0
A93: =IFERROR(IF(B93>0,MONTH(B93)&"-"&YEAR(B93),B93),) -> 2-2025 | B93: 45711 | C93: BeFlexible | D93: 629.55 | E93: 9 | F93: 9 | G93: =E93/F93 -> 1 | H93: =D93/E93 -> 69.95 | I93: =H93/G93 -> 69.95 | J93: 53 | K93: =E93/J93 -> 0.16981132 | L93: 38.34 | M93: 4700 | N93: 0 | O93: 0 | P93: =L93/O93 -> #DIV/0! | Q93: =O93/L93 -> 0 | R93: =L93/D93 -> 0.060900643 | S93: =O93/D93 -> 0 | T93: =D93-O93 -> 629.55 | U93: =L93/N93 -> #DIV/0!
A94: =IFERROR(IF(B94>0,MONTH(B94)&"-"&YEAR(B94),B94),) -> 0 | C94: Better Bladder | D94: 12989.7 | E94: 188 | F94: 181 | G94: =E94/F94 -> 1.038674 | H94: =D94/E94 -> 69.094149 | I94: =H94/G94 -> 66.521494 | J94: 1826 | K94: =E94/J94 -> 0.10295728 | L94: 1884.08 | M94: 224393 | N94: 53 | O94: 3657.05 | P94: =L94/O94 -> 0.51519121 | Q94: =O94/L94 -> 1.9410269 | R94: =L94/D94 -> 0.14504415 | S94: =O94/D94 -> 0.2815346 | T94: =D94-O94 -> 9332.65 | U94: =L94/N94 -> 35.548679
A95: =IFERROR(IF(B95>0,MONTH(B95)&"-"&YEAR(B95),B95),) -> 0 | C95: Grown American | D95: 29.85 | E95: 3 | F95: 3 | G95: =E95/F95 -> 1 | H95: =D95/E95 -> 9.95 | I95: =H95/G95 -> 9.95 | J95: 132 | K95: =E95/J95 -> 0.022727273 | L95: 26.69 | M95: 289 | N95: 1 | O95: 9.95 | P95: =L95/O95 -> 2.6824121 | Q95: =O95/L95 -> 0.3727988 | R95: =L95/D95 -> 0.89413735 | S95: =O95/D95 -> 0.33333333 | T95: =D95-O95 -> 19.9 | U95: =L95/N95 -> 26.69
A96: =IFERROR(IF(B96>0,MONTH(B96)&"-"&YEAR(B96),B96),) -> 0 | C96: Ideal Prostate | D96: 12242.43 | E96: 177 | F96: 168 | G96: =E96/F96 -> 1.0535714 | H96: =D96/E96 -> 69.166271 | I96: =H96/G96 -> 65.649342 | J96: 1003 | K96: =E96/J96 -> 0.17647059 | L96: 1668.79 | M96: 310616 | N96: 65 | O96: 4626.49 | P96: =L96/O96 -> 0.36070325 | Q96: =O96/L96 -> 2.772362 | R96: =L96/D96 -> 0.13631199 | S96: =O96/D96 -> 0.37790618 | T96: =D96-O96 -> 7615.94 | U96: =L96/N96 -> 25.673692
C97: Prosvent | D97: 31795 | E97: 541 | F97: 497 | G97: =E97/F97 -> 1.0885312 | H97: =D97/E97 -> 58.770795 | I97: =H97/G97 -> 53.990915 | J97: 2265 | K97: =E97/J97 -> 0.2388521 | L97: 4374.14 | M97: 621132 | N97: 167 | O97: 10713 | P97: =L97/O97 -> 0.40830206 | Q97: =O97/L97 -> 2.4491672 | R97: =L97/D97 -> 0.1375732 | S97: =O97/D97 -> 0.33693977 | T97: =D97-O97 -> 21082 | U97: =L97/N97 -> 26.192455
C98: Cebria | D98: 3138 | E98: 84 | F98: 72 | G98: =E98/F98 -> 1.1666667 | H98: =D98/E98 -> 37.357143 | I98: =H98/G98 -> 32.020408 | J98: 294 | K98: =E98/J98 -> 0.28571429 | L98: 993.53 | M98: 142468 | N98: 18 | O98: 726 | P98: =L98/O98 -> 1.3684986 | Q98: =O98/L98 -> 0.73072781 | R98: =L98/D98 -> 0.31661249 | S98: =O98/D98 -> 0.23135755 | T98: =D98-O98 -> 2412 | U98: =L98/N98 -> 55.196111
A99: =IFERROR(IF(B99>0,MONTH(B99)&"-"&YEAR(B99),B99),) -> 3-2025 | B99: 45717 | C99: Profemin | D99: 2472.75 | E99: 45 | F99: 38 | G99: =E99/F99 -> 1.1842105 | H99: =D99/E99 -> 54.95 | I99: =H99/G99 -> 46.402222 | J99: 327 | K99: =E99/J99 -> 0.13761468 | L99: 554.08 | M99: 70823 | N99: 5 | O99: 274.75 | P99: =L99/O99 -> 2.0166697 | Q99: =O99/L99 -> 0.49586702 | R99: =L99/D99 -> 0.22407441 | S99: =O99/D99 -> 0.11111111 | T99: =D99-O99 -> 2198 | U99: =L99/N99 -> 110.816
A100: =IFERROR(IF(B100>0,MONTH(B100)&"-"&YEAR(B100),B100),) -> 0 | B100: 2025 - Week 9 | D100: =SUM(D93:D99) -> 63297.28 | E100: =SUM(E93:E99) -> 1047 | F100: =SUM(F93:F99) -> 968 | G100: =E100/F100 -> 1.0816116 | H100: =D100/E100 -> 60.455855 | I100: =H100/G100 -> 55.894238 | J100: =SUM(J93:J99) -> 5900 | K100: =E100/J100 -> 0.17745763 | L100: =SUM(L93:L99) -> 9539.65 | M100: =SUM(M93:M99) -> 1374421 | N100: =SUM(N93:N99) -> 309 | O100: =SUM(O93:O99) -> 20007.24 | P100: =L100/O100 -> 0.47680989 | Q100: =O100/L100 -> 2.0972719 | R100: =L100/D100 -> 0.15071185 | S100: =O100/D100 -> 0.31608372 | T100: =SUM(T93:T99) -> 43290.04 | U100: =L100/N100 -> 30.872654 | V100: =IFERROR((D100-#REF!)/D100,) -> 0 | W100: =IFERROR((E100-#REF!)/E100,) -> 0 | X100: =IFERROR((D100-#REF!)/D100,) -> 0 | Y100: =IFERROR((E100-#REF!)/E100,) -> 0
A101: =IFERROR(IF(B101>0,MONTH(B101)&"-"&YEAR(B101),B101),) -> 3-2025 | B101: 45718 | C101: BeFlexible | D101: 629.55 | E101: 9 | F101: 4 | G101: =E101/F101 -> 2.25 | H101: =D101/E101 -> 69.95 | I101: =H101/G101 -> 31.088889 | J101: 59 | K101: =E101/J101 -> 0.15254237 | L101: 41.75 | M101: 5014 | N101: 0 | O101: 0 | P101: =L101/O101 -> #DIV/0! | Q101: =O101/L101 -> 0 | R101: =L101/D101 -> 0.066317211 | S101: =O101/D101 -> 0 | T101: =D101-O101 -> 629.55 | U101: =L101/N101 -> #DIV/0!
A102: =IFERROR(IF(B102>0,MONTH(B102)&"-"&YEAR(B102),B102),) -> 0 | C102: Better Bladder | D102: 14108.8 | E102: 210 | F102: 196 | G102: =E102/F102 -> 1.0714286 | H102: =D102/E102 -> 67.184762 | I102: =H102/G102 -> 62.705778 | J102: 1763 | K102: =E102/J102 -> 0.11911514 | L102: 1710.47 | M102: 248929 | N102: 79 | O102: 5905.4 | P102: =L102/O102 -> 0.28964507 | Q102: =O102/L102 -> 3.4525014 | R102: =L102/D102 -> 0.12123427 | S102: =O102/D102 -> 0.41856147 | T102: =D102-O102 -> 8203.4 | U102: =L102/N102 -> 21.651519
...

Sheet weekly_reporting_2025_idealPros
A1: DATA SOURCE: Detail Page Sales and Traffic
C2: WEEKLY PERFORMANCE | X2: =(#REF!+#REF!+#REF!+#REF!)-(monthly_reporting_2021!D17+monthly_reporting_2021!D23+monthly_reporting_2021!D29+monthly_reporting_2021!D35) -> #REF! | Y2: =((#REF!+#REF!+#REF!+#REF!)-(monthly_reporting_2021!E17+monthly_reporting_2021!E23+monthly_reporting_2021!E29+monthly_reporting_2021!E35))/(#REF!+#REF!+#REF!+#REF!) -> #REF!
C3: Total Sales | F3: Total Orders | K3: Total Units Sold
C4: =VLOOKUP("Current Week",$B$11:$Z$146,MATCH("SALES",$B$11:$Z$11,0),FALSE) -> 9462.3 | F4: =VLOOKUP("Current Week",$B$11:$Z$146,MATCH("Units Sold",$B$11:$Z$11,0),FALSE) -> 154 | K4: =VLOOKUP("Current Week",$B$11:$Z$146,MATCH("Ordered Items",$B$11:$Z$11,0),FALSE) -> 145
C5: =(C4-(VLOOKUP("Previous Week",$B$11:$Z$156,MATCH("SALES",$B$11:$Z$11,0),FALSE)))/C4 -> 0.052788434 | F5: =(F4-(VLOOKUP("Previous Week",$B$11:$Z$156,MATCH("Units Sold",$B$11:$Z$11,0),FALSE)))/F4 -> 0.064935065 | K5: =(K4-(VLOOKUP("Previous Week",$B$11:$Z$156,MATCH("Ordered Items",$B$11:$Z$11,0),FALSE)))/K4 -> 0.10344828
C7: Advertising Sales | F7: Advertising Spend | K7: ACoS
C8: =VLOOKUP("Current Week",$B$11:$Z$146,MATCH("AD SALES",$B$11:$Z$11,0),FALSE) -> 0 | F8: =VLOOKUP("Current Week",$B$11:$Z$146,MATCH("SP AD SPEND",$B$11:$Z$11,0),FALSE) -> 0 | K8: =F8/C8 -> #DIV/0!
C9: =(C8-(VLOOKUP("Previous Week",$B$11:$Z$156,MATCH("AD SALES",$B$11:$Z$11,0),FALSE)))/C8 -> #DIV/0! | F9: =(F8-(VLOOKUP("Previous Week",$B$11:$Z$156,MATCH("SP AD SPEND",$B$11:$Z$11,0),FALSE)))/F8 -> #DIV/0! | K9: =(K8-(VLOOKUP("Previous Week",$B$11:$Z$156,MATCH("ACOS",$B$11:$Z$11,0),FALSE)))/K8 -> #DIV/0!
D10: SALES METRICS | L10: ADVERTISING PERFORMANCE | V10: MoM | X10: YoY
A11: Month-Code | B11: DATE | C11: BRAND | D11: SALES | E11: UNITS SOLD | F11: ORDERED ITEMS | G11: UNITS PER ORDER | H11: SALES PER ORDER | I11: ASP | J11: SESSIONS (traffic) | K11: ORDERS PER SESSION (conversion) | L11: SP AD SPEND | M11: IMPRESSIONS | N11: UNIT SALES | O11: AD SALES | P11: ACoS | Q11: ROAS (return on ad send) | R11: TACoS (Total Advertsing Cost of Sales) | S11: REVENUE PERCENTAGE OF AD SALES | T11: ORGANIC SALES | U11: CPO | V11: SALES | W11: UNITS | X11: SALES | Y11: UNITS
A13: =IFERROR(IF(B13>0,MONTH(B13)&"-"&YEAR(B13),B13),) -> 3-2025 | B13: 45739 | C13: Ideal Prostate (B08BQ7JTP5) | D13: 5515.4 | E13: 92 | F13: 86 | G13: =E13/F13 -> 1.0697674 | H13: =D13/E13 -> 59.95 | I13: =H13/G13 -> 56.040217 | J13: 501 | K13: =E13/J13 -> 0.18363273
A14: =IFERROR(IF(B14>0,MONTH(B14)&"-"&YEAR(B14),B14),) -> 3-2025 | B14: 45745 | C14: Ideal Prostate Ultra (B08BQ8LGDS) | D14: 1888.65 | E14: 27 | F14: 23 | G14: =E14/F14 -> 1.173913 | H14: =D14/E14 -> 69.95 | I14: =H14/G14 -> 59.587037 | J14: 203 | K14: =E14/J14 -> 0.13300493
A15: =IFERROR(IF(B15>0,MONTH(B15)&"-"&YEAR(B15),B15),) -> 0 | B15: 2025 - Week 13 | D15: =SUM(D13:D14) -> 7404.05 | E15: =SUM(E13:E14) -> 119 | F15: =SUM(F13:F14) -> 109 | G15: =E15/F15 -> 1.0917431 | H15: =D15/E15 -> 62.218908 | I15: =H15/G15 -> 56.990428 | J15: =SUM(J13:J14) -> 704 | K15: =E15/J15 -> 0.16903409 | V15: =IFERROR((D15-#REF!)/D15,) -> 0 | W15: =IFERROR((E15-#REF!)/E15,) -> 0 | X15: =IFERROR((D15-#REF!)/D15,) -> 0 | Y15: =IFERROR((E15-#REF!)/E15,) -> 0
A16: =IFERROR(IF(B16>0,MONTH(B16)&"-"&YEAR(B16),B16),) -> 3-2025 | B16: 45746 | C16: Ideal Prostate | D16: 8393 | E16: 140 | F16: 120 | G16: =E16/F16 -> 1.1666667 | H16: =D16/E16 -> 59.95 | I16: =H16/G16 -> 51.385714 | J16: 630 | K16: =E16/J16 -> 0.22222222
A17: =IFERROR(IF(B17>0,MONTH(B17)&"-"&YEAR(B17),B17),) -> 4-2025 | B17: 45752 | C17: Ideal Prostate Ultra | D17: 2518.2 | E17: 36 | F17: 31 | G17: =E17/F17 -> 1.1612903 | H17: =D17/E17 -> 69.95 | I17: =H17/G17 -> 60.234722 | J17: 234 | K17: =E17/J17 -> 0.15384615
A18: =IFERROR(IF(B18>0,MONTH(B18)&"-"&YEAR(B18),B18),) -> 0 | B18: 2025 - Week 14 | D18: =SUM(D16:D17) -> 10911.2 | E18: =SUM(E16:E17) -> 176 | F18: =SUM(F16:F17) -> 151 | G18: =E18/F18 -> 1.1655629 | H18: =D18/E18 -> 61.995455 | I18: =H18/G18 -> 53.189282 | J18: =SUM(J16:J17) -> 864 | K18: =E18/J18 -> 0.2037037 | V18: =IFERROR((D18-#REF!)/D18,) -> 0 | W18: =IFERROR((E18-#REF!)/E18,) -> 0 | X18: =IFERROR((D18-#REF!)/D18,) -> 0 | Y18: =IFERROR((E18-#REF!)/E18,) -> 0
A19: =IFERROR(IF(B19>0,MONTH(B19)&"-"&YEAR(B19),B19),) -> 4-2025 | B19: 45753 | C19: Ideal Prostate | D19: 9651.95 | E19: 161 | F19: 145 | G19: =E19/F19 -> 1.1103448 | H19: =D19/E19 -> 59.95 | I19: =H19/G19 -> 53.992236 | J19: 684 | K19: =E19/J19 -> 0.23538012
A20: =IFERROR(IF(B20>0,MONTH(B20)&"-"&YEAR(B20),B20),) -> 4-2025 | B20: 45759 | C20: Ideal Prostate Ultra | D20: 2098.5 | E20: 30 | F20: 24 | G20: =E20/F20 -> 1.25 | H20: =D20/E20 -> 69.95 | I20: =H20/G20 -> 55.96 | J20: 192 | K20: =E20/J20 -> 0.15625
A21: =IFERROR(IF(B21>0,MONTH(B21)&"-"&YEAR(B21),B21),) -> 0 | B21: 2025 - Week 15 | D21: =SUM(D19:D20) -> 11750.45 | E21: =SUM(E19:E20) -> 191 | F21: =SUM(F19:F20) -> 169 | G21: =E21/F21 -> 1.1301775 | H21: =D21/E21 -> 61.520681 | I21: =H21/G21 -> 54.434529 | J21: =SUM(J19:J20) -> 876 | K21: =E21/J21 -> 0.21803653 | V21: =IFERROR((D21-#REF!)/D21,) -> 0 | W21: =IFERROR((E21-#REF!)/E21,) -> 0 | X21: =IFERROR((D21-#REF!)/D21,) -> 0 | Y21: =IFERROR((E21-#REF!)/E21,) -> 0
A22: =IFERROR(IF(B22>0,MONTH(B22)&"-"&YEAR(B22),B22),) -> 4-2025 | B22: 45760 | C22: Ideal Prostate (B08BQ7JTP5) | D22: 7553.7 | E22: 126 | F22: 115 | G22: =E22/F22 -> 1.0956522 | H22: =D22/E22 -> 59.95 | I22: =H22/G22 -> 54.71627 | J22: 527 | K22: =E22/J22 -> 0.23908918
A23: =IFERROR(IF(B23>0,MONTH(B23)&"-"&YEAR(B23),B23),) -> 4-2025 | B23: 45766 | C23: Ideal Prostate Ultra (B08BQ8LGDS) | D23: 2168.45 | E23: 31 | F23: 27 | G23: =E23/F23 -> 1.1481481 | H23: =D23/E23 -> 69.95 | I23: =H23/G23 -> 60.924194 | J23: 188 | K23: =E23/J23 -> 0.16489362
A24: =IFERROR(IF(B24>0,MONTH(B24)&"-"&YEAR(B24),B24),) -> 0 | B24: 2025 - Week 16 | D24: =SUM(D22:D23) -> 9722.15 | E24: =SUM(E22:E23) -> 157 | F24: =SUM(F22:F23) -> 142 | G24: =E24/F24 -> 1.1056338 | H24: =D24/E24 -> 61.924522 | I24: =H24/G24 -> 56.008167 | J24: =SUM(J22:J23) -> 715 | K24: =E24/J24 -> 0.21958042 | V24: =IFERROR((D24-#REF!)/D24,) -> 0 | W24: =IFERROR((E24-#REF!)/E24,) -> 0 | X24: =IFERROR((D24-#REF!)/D24,) -> 0 | Y24: =IFERROR((E24-#REF!)/E24,) -> 0
A25: =IFERROR(IF(B25>0,MONTH(B25)&"-"&YEAR(B25),B25),) -> 4-2025 | B25: 45767 | C25: Ideal Prostate (B08BQ7JTP5) | D25: 7253.95 | E25: 121 | F25: 110 | G25: =E25/F25 -> 1.1 | H25: =D25/E25 -> 59.95 | I25: =H25/G25 -> 54.5 | J25: 527 | K25: =E25/J25 -> 0.22960152
A26: =IFERROR(IF(B26>0,MONTH(B26)&"-"&YEAR(B26),B26),) -> 4-2025 | B26: 45773 | C26: Ideal Prostate Ultra (B08BQ8LGDS) | D26: 3217.7 | E26: 46 | F26: 40 | G26: =E26/F26 -> 1.15 | H26: =D26/E26 -> 69.95 | I26: =H26/G26 -> 60.826087 | J26: 209 | K26: =E26/J26 -> 0.22009569
A27: =IFERROR(IF(B27>0,MONTH(B27)&"-"&YEAR(B27),B27),) -> 0 | B27: 2025 - Week 17 | D27: =SUM(D25:D26) -> 10471.65 | E27: =SUM(E25:E26) -> 167 | F27: =SUM(F25:F26) -> 150 | G27: =E27/F27 -> 1.1133333 | H27: =D27/E27 -> 62.704491 | I27: =H27/G27 -> 56.321399 | J27: =SUM(J25:J26) -> 736 | K27: =E27/J27 -> 0.22690217 | V27: =IFERROR((D27-#REF!)/D27,) -> 0 | W27: =IFERROR((E27-#REF!)/E27,) -> 0 | X27: =IFERROR((D27-#REF!)/D27,) -> 0 | Y27: =IFERROR((E27-#REF!)/E27,) -> 0
A28: =IFERROR(IF(B28>0,MONTH(B28)&"-"&YEAR(B28),B28),) -> 4-2025 | B28: 45774 | C28: Ideal Prostate (B08BQ7JTP5) | D28: 8153.2 | E28: 136 | F28: 124 | G28: =E28/F28 -> 1.0967742 | H28: =D28/E28 -> 59.95 | I28: =H28/G28 -> 54.660294 | J28: 567 | K28: =E28/J28 -> 0.23985891
A29: =IFERROR(IF(B29>0,MONTH(B29)&"-"&YEAR(B29),B29),) -> 5-2025 | B29: 45780 | C29: Ideal Prostate Ultra (B08BQ8LGDS) | D29: 1888.65 | E29: 27 | F29: 23 | G29: =E29/F29 -> 1.173913 | H29: =D29/E29 -> 69.95 | I29: =H29/G29 -> 59.587037 | J29: 187 | K29: =E29/J29 -> 0.14438503
A30: =IFERROR(IF(B30>0,MONTH(B30)&"-"&YEAR(B30),B30),) -> 0 | B30: 2025 - Week 18 | D30: =SUM(D28:D29) -> 10041.85 | E30: =SUM(E28:E29) -> 163 | F30: =SUM(F28:F29) -> 147 | G30: =E30/F30 -> 1.1088435 | H30: =D30/E30 -> 61.606442 | I30: =H30/G30 -> 55.559184 | J30: =SUM(J28:J29) -> 754 | K30: =E30/J30 -> 0.21618037 | V30: =IFERROR((D30-#REF!)/D30,) -> 0 | W30: =IFERROR((E30-#REF!)/E30,) -> 0 | X30: =IFERROR((D30-#REF!)/D30,) -> 0 | Y30: =IFERROR((E30-#REF!)/E30,) -> 0
A31: =IFERROR(IF(B31>0,MONTH(B31)&"-"&YEAR(B31),B31),) -> 5-2025 | B31: 45781 | C31: Ideal Prostate (B08BQ7JTP5) | D31: 7733.55 | E31: 129 | F31: 113 | G31: =E31/F31 -> 1.1415929 | H31: =D31/E31 -> 59.95 | I31: =H31/G31 -> 52.514341 | J31: 643 | K31: =E31/J31 -> 0.20062208
A32: =IFERROR(IF(B32>0,MONTH(B32)&"-"&YEAR(B32),B32),) -> 5-2025 | B32: 45787 | C32: Ideal Prostate Ultra (B08BQ8LGDS) | D32: 2658.1 | E32: 38 | F32: 34 | G32: =E32/F32 -> 1.1176471 | H32: =D32/E32 -> 69.95 | I32: =H32/G32 -> 62.586842 | J32: 238 | K32: =E32/J32 -> 0.15966387
A33: =IFERROR(IF(B33>0,MONTH(B33)&"-"&YEAR(B33),B33),) -> 0 | B33: 2025 - Week 19 | D33: =SUM(D31:D32) -> 10391.65 | E33: =SUM(E31:E32) -> 167 | F33: =SUM(F31:F32) -> 147 | G33: =E33/F33 -> 1.1360544 | H33: =D33/E33 -> 62.225449 | I33: =H33/G33 -> 54.7733 | J33: =SUM(J31:J32) -> 881 | K33: =E33/J33 -> 0.18955732 | V33: =IFERROR((D33-#REF!)/D33,) -> 0 | W33: =IFERROR((E33-#REF!)/E33,) -> 0 | X33: =IFERROR((D33-#REF!)/D33,) -> 0 | Y33: =IFERROR((E33-#REF!)/E33,) -> 0
A34: =IFERROR(IF(B34>0,MONTH(B34)&"-"&YEAR(B34),B34),) -> 5-2025 | B34: 45788 | C34: Ideal Prostate (B08BQ7JTP5) | D34: 9711.9 | E34: 162 | F34: 138 | G34: =E34/F34 -> 1.173913 | H34: =D34/E34 -> 59.95 | I34: =H34/G34 -> 51.068519 | J34: 648 | K34: =E34/J34 -> 0.25
A35: =IFERROR(IF(B35>0,MONTH(B35)&"-"&YEAR(B35),B35),) -> 5-2025 | B35: 45794 | C35: Ideal Prostate Ultra (B08BQ8LGDS) | D35: 2298.35 | E35: 33 | F35: 28 | G35: =E35/F35 -> 1.1785714 | H35: =D35/E35 -> 69.64697 | I35: =H35/G35 -> 59.094399 | J35: 233 | K35: =E35/J35 -> 0.1416309
A36: =IFERROR(IF(B36>0,MONTH(B36)&"-"&YEAR(B36),B36),) -> 0 | B36: 2025 - Week 20 | D36: =SUM(D34:D35) -> 12010.25 | E36: =SUM(E34:E35) -> 195 | F36: =SUM(F34:F35) -> 166 | G36: =E36/F36 -> 1.1746988 | H36: =D36/E36 -> 61.591026 | I36: =H36/G36 -> 52.431335 | J36: =SUM(J34:J35) -> 881 | K36: =E36/J36 -> 0.22133939 | V36: =IFERROR((D36-#REF!)/D36,) -> 0 | W36: =IFERROR((E36-#REF!)/E36,) -> 0 | X36: =IFERROR((D36-#REF!)/D36,) -> 0 | Y36: =IFERROR((E36-#REF!)/E36,) -> 0
A37: =IFERROR(IF(B37>0,MONTH(B37)&"-"&YEAR(B37),B37),) -> 5-2025 | B37: 45795 | C37: Ideal Prostate (B08BQ7JTP5) | D37: 10611.15 | E37: 177 | F37: 154 | G37: =E37/F37 -> 1.1493506 | H37: =D37/E37 -> 59.95 | I37: =H37/G37 -> 52.159887 | J37: 660 | K37: =E37/J37 -> 0.26818182
A38: =IFERROR(IF(B38>0,MONTH(B38)&"-"&YEAR(B38),B38),) -> 5-2025 | B38: 45801 | C38: Ideal Prostate Ultra (B08BQ8LGDS) | D38: 2378.3 | E38: 34 | F38: 31 | G38: =E38/F38 -> 1.0967742 | H38: =D38/E38 -> 69.95 | I38: =H38/G38 -> 63.777941 | J38: 203 | K38: =E38/J38 -> 0.16748768
A39: =IFERROR(IF(B39>0,MONTH(B39)&"-"&YEAR(B39),B39),) -> 0 | B39: 2025 - Week 21 | D39: =SUM(D37:D38) -> 12989.45 | E39: =SUM(E37:E38) -> 211 | F39: =SUM(F37:F38) -> 185 | G39: =E39/F39 -> 1.1405405 | H39: =D39/E39 -> 61.561374 | I39: =H39/G39 -> 53.975613 | J39: =SUM(J37:J38) -> 863 | K39: =E39/J39 -> 0.24449594 | V39: =IFERROR((D39-#REF!)/D39,) -> 0 | W39: =IFERROR((E39-#REF!)/E39,) -> 0 | X39: =IFERROR((D39-#REF!)/D39,) -> 0 | Y39: =IFERROR((E39-#REF!)/E39,) -> 0
A40: =IFERROR(IF(B40>0,MONTH(B40)&"-"&YEAR(B40),B40),) -> 5-2025 | B40: 45802 | C40: Ideal Prostate (B08BQ7JTP5) | D40: 9352.2 | E40: 156 | F40: 146 | G40: =E40/F40 -> 1.0684932 | H40: =D40/E40 -> 59.95 | I40: =H40/G40 -> 56.107051 | J40: 591 | K40: =E40/J40 -> 0.26395939
A41: =IFERROR(IF(B41>0,MONTH(B41)&"-"&YEAR(B41),B41),) -> 5-2025 | B41: 45808 | C41: Ideal Prostate Ultra (B08BQ8LGDS) | D41: 2728.05 | E41: 39 | F41: 36 | G41: =E41/F41 -> 1.0833333 | H41: =D41/E41 -> 69.95 | I41: =H41/G41 -> 64.569231 | J41: 205 | K41: =E41/J41 -> 0.1902439
A42: =IFERROR(IF(B42>0,MONTH(B42)&"-"&YEAR(B42),B42),) -> 0 | B42: 2025 - Week 22 | D42: =SUM(D40:D41) -> 12080.25 | E42: =SUM(E40:E41) -> 195 | F42: =SUM(F40:F41) -> 182 | G42: =E42/F42 -> 1.0714286 | H42: =D42/E42 -> 61.95 | I42: =H42/G42 -> 57.82 | J42: =SUM(J40:J41) -> 796 | K42: =E42/J42 -> 0.24497487 | V42: =IFERROR((D42-#REF!)/D42,) -> 0 | W42: =IFERROR((E42-#REF!)/E42,) -> 0 | X42: =IFERROR((D42-#REF!)/D42,) -> 0 | Y42: =IFERROR((E42-#REF!)/E42,) -> 0
A43: =IFERROR(IF(B43>0,MONTH(B43)&"-"&YEAR(B43),B43),) -> 6-2025 | B43: 45809 | C43: Ideal Prostate (B08BQ7JTP5) | D43: 7194 | E43: 120 | F43: 109 | G43: =E43/F43 -> 1.1009174 | H43: =D43/E43 -> 59.95 | I43: =H43/G43 -> 54.454583 | J43: 508 | K43: =E43/J43 -> 0.23622047
A44: =IFERROR(IF(B44>0,MONTH(B44)&"-"&YEAR(B44),B44),) -> 6-2025 | B44: 45815 | C44: Ideal Prostate Ultra (B08BQ8LGDS) | D44: 3277.65 | E44: 47 | F44: 41 | G44: =E44/F44 -> 1.1463415 | H44: =D44/E44 -> 69.737234 | I44: =H44/G44 -> 60.834608 | J44: 231 | K44: =E44/J44 -> 0.2034632
A45: =IFERROR(IF(B45>0,MONTH(B45)&"-"&YEAR(B45),B45),) -> 0 | B45: 2025 - Week 23 | D45: =SUM(D43:D44) -> 10471.65 | E45: =SUM(E43:E44) -> 167 | F45: =SUM(F43:F44) -> 150 | G45: =E45/F45 -> 1.1133333 | H45: =D45/E45 -> 62.704491 | I45: =H45/G45 -> 56.321399 | J45: =SUM(J43:J44) -> 739 | K45: =E45/J45 -> 0.22598106 | V45: =IFERROR((D45-#REF!)/D45,) -> 0 | W45: =IFERROR((E45-#REF!)/E45,) -> 0 | X45: =IFERROR((D45-#REF!)/D45,) -> 0 | Y45: =IFERROR((E45-#REF!)/E45,) -> 0
A46: =IFERROR(IF(B46>0,MONTH(B46)&"-"&YEAR(B46),B46),) -> 6-2025 | B46: 45816 | C46: Ideal Prostate (B08BQ7JTP5) | D46: 8992.5 | E46: 150 | F46: 138 | G46: =E46/F46 -> 1.0869565 | H46: =D46/E46 -> 59.95 | I46: =H46/G46 -> 55.154 | J46: 562 | K46: =E46/J46 -> 0.26690391
A47: =IFERROR(IF(B47>0,MONTH(B47)&"-"&YEAR(B47),B47),) -> 6-2025 | B47: 45822 | C47: Ideal Prostate Ultra (B08BQ8LGDS) | D47: 3427.55 | E47: 49 | F47: 40 | G47: =E47/F47 -> 1.225 | H47: =D47/E47 -> 69.95 | I47: =H47/G47 -> 57.102041 | J47: 230 | K47: =E47/J47 -> 0.21304348
A48: =IFERROR(IF(B48>0,MONTH(B48)&"-"&YEAR(B48),B48),) -> 0 | B48: 2025 - Week 24 | D48: =SUM(D46:D47) -> 12420.05 | E48: =SUM(E46:E47) -> 199 | F48: =SUM(F46:F47) -> 178 | G48: =E48/F48 -> 1.1179775 | H48: =D48/E48 -> 62.412312 | I48: =H48/G48 -> 55.826088 | J48: =SUM(J46:J47) -> 792 | K48: =E48/J48 -> 0.25126263 | V48: =IFERROR((D48-#REF!)/D48,) -> 0 | W48: =IFERROR((E48-#REF!)/E48,) -> 0 | X48: =IFERROR((D48-#REF!)/D48,) -> 0 | Y48: =IFERROR((E48-#REF!)/E48,) -> 0
A49: =IFERROR(IF(B49>0,MONTH(B49)&"-"&YEAR(B49),B49),) -> 6-2025 | B49: 45823 | C49: Ideal Prostate (B08BQ7JTP5) | D49: 8752.7 | E49: 146 | F49: 128 | G49: =E49/F49 -> 1.140625 | H49: =D49/E49 -> 59.95 | I49: =H49/G49 -> 52.558904 | J49: 474 | K49: =E49/J49 -> 0.30801688
A50: =IFERROR(IF(B50>0,MONTH(B50)&"-"&YEAR(B50),B50),) -> 6-2025 | B50: 45829 | C50: Ideal Prostate Ultra (B08BQ8LGDS) | D50: 3277.65 | E50: 47 | F50: 43 | G50: =E50/F50 -> 1.0930233 | H50: =D50/E50 -> 69.737234 | I50: =H50/G50 -> 63.80215 | J50: 182 | K50: =E50/J50 -> 0.25824176
A51: =IFERROR(IF(B51>0,MONTH(B51)&"-"&YEAR(B51),B51),) -> 0 | B51: 2025 - Week 25 | D51: =SUM(D49:D50) -> 12030.35 | E51: =SUM(E49:E50) -> 193 | F51: =SUM(F49:F50) -> 171 | G51: =E51/F51 -> 1.128655 | H51: =D51/E51 -> 62.33342 | I51: =H51/G51 -> 55.228056 | J51: =SUM(J49:J50) -> 656 | K51: =E51/J51 -> 0.29420732 | V51: =IFERROR((D51-#REF!)/D51,) -> 0 | W51: =IFERROR((E51-#REF!)/E51,) -> 0 | X51: =IFERROR((D51-#REF!)/D51,) -> 0 | Y51: =IFERROR((E51-#REF!)/E51,) -> 0
A52: =IFERROR(IF(B52>0,MONTH(B52)&"-"&YEAR(B52),B52),) -> 6-2025 | B52: 45830 | C52: Ideal Prostate (B08BQ7JTP5) | D52: 9412.15 | E52: 157 | F52: 135 | G52: =E52/F52 -> 1.162963 | H52: =D52/E52 -> 59.95 | I52: =H52/G52 -> 51.549363 | J52: 467 | K52: =E52/J52 -> 0.33618844
A53: =IFERROR(IF(B53>0,MONTH(B53)&"-"&YEAR(B53),B53),) -> 6-2025 | B53: 45836 | C53: Ideal Prostate Ultra (B08BQ8LGDS) | D53: 2937.9 | E53: 42 | F53: 36 | G53: =E53/F53 -> 1.1666667 | H53: =D53/E53 -> 69.95 | I53: =H53/G53 -> 59.957143 | J53: 170 | K53: =E53/J53 -> 0.24705882
A54: =IFERROR(IF(B54>0,MONTH(B54)&"-"&YEAR(B54),B54),) -> 0 | B54: 2025 - Week 26 | D54: =SUM(D52:D53) -> 12350.05 | E54: =SUM(E52:E53) -> 199 | F54: =SUM(F52:F53) -> 171 | G54: =E54/F54 -> 1.1637427 | H54: =D54/E54 -> 62.060553 | I54: =H54/G54 -> 53.328415 | J54: =SUM(J52:J53) -> 637 | K54: =E54/J54 -> 0.31240188 | V54: =IFERROR((D54-#REF!)/D54,) -> 0 | W54: =IFERROR((E54-#REF!)/E54,) -> 0 | X54: =IFERROR((D54-#REF!)/D54,) -> 0 | Y54: =IFERROR((E54-#REF!)/E54,) -> 0
A55: =IFERROR(IF(B55>0,MONTH(B55)&"-"&YEAR(B55),B55),) -> 6-2025 | B55: 45837 | C55: Ideal Prostate (B08BQ7JTP5) | D55: 8812.65 | E55: 147 | F55: 133 | G55: =E55/F55 -> 1.1052632 | H55: =D55/E55 -> 59.95 | I55: =H55/G55 -> 54.240476 | J55: 500 | K55: =E55/J55 -> 0.294
A56: =IFERROR(IF(B56>0,MONTH(B56)&"-"&YEAR(B56),B56),) -> 7-2025 | B56: 45843 | C56: Ideal Prostate Ultra (B08BQ8LGDS) | D56: 2238.4 | E56: 32 | F56: 29 | G56: =E56/F56 -> 1.1034483 | H56: =D56/E56 -> 69.95 | I56: =H56/G56 -> 63.392188 | J56: 175 | K56: =E56/J56 -> 0.18285714
A57: =IFERROR(IF(B57>0,MONTH(B57)&"-"&YEAR(B57),B57),) -> 0 | B57: 2025 - Week 27 | D57: =SUM(D55:D56) -> 11051.05 | E57: =SUM(E55:E56) -> 179 | F57: =SUM(F55:F56) -> 162 | G57: =E57/F57 -> 1.1049383 | H57: =D57/E57 -> 61.737709 | I57: =H57/G57 -> 55.874352 | J57: =SUM(J55:J56) -> 675 | K57: =E57/J57 -> 0.26518519 | V57: =IFERROR((D57-#REF!)/D57,) -> 0 | W57: =IFERROR((E57-#REF!)/E57,) -> 0 | X57: =IFERROR((D57-#REF!)/D57,) -> 0 | Y57: =IFERROR((E57-#REF!)/E57,) -> 0
A58: =IFERROR(IF(B58>0,MONTH(B58)&"-"&YEAR(B58),B58),) -> 7-2025 | B58: 45844 | C58: Ideal Prostate (B08BQ7JTP5) | D58: 10191.5 | E58: 170 | F58: 154 | G58: =E58/F58 -> 1.1038961 | H58: =D58/E58 -> 59.95 | I58: =H58/G58 -> 54.307647 | J58: 556 | K58: =E58/J58 -> 0.3057554
A59: =IFERROR(IF(B59>0,MONTH(B59)&"-"&YEAR(B59),B59),) -> 7-2025 | B59: 45850 | C59: Ideal Prostate Ultra (B08BQ8LGDS) | D59: 2798 | E59: 40 | F59: 36 | G59: =E59/F59 -> 1.1111111 | H59: =D59/E59 -> 69.95 | I59: =H59/G59 -> 62.955 | J59: 219 | K59: =E59/J59 -> 0.1826484
A60: =IFERROR(IF(B60>0,MONTH(B60)&"-"&YEAR(B60),B60),) -> 0 | B60: 2025 - Week 28 | D60: =SUM(D58:D59) -> 12989.5 | E60: =SUM(E58:E59) -> 210 | F60: =SUM(F58:F59) -> 190 | G60: =E60/F60 -> 1.1052632 | H60: =D60/E60 -> 61.854762 | I60: =H60/G60 -> 55.963832 | J60: =SUM(J58:J59) -> 775 | K60: =E60/J60 -> 0.27096774 | V60: =IFERROR((D60-#REF!)/D60,) -> 0 | W60: =IFERROR((E60-#REF!)/E60,) -> 0 | X60: =IFERROR((D60-#REF!)/D60,) -> 0 | Y60: =IFERROR((E60-#REF!)/E60,) -> 0
A61: =IFERROR(IF(B61>0,MONTH(B61)&"-"&YEAR(B61),B61),) -> 7-2025 | B61: 45851 | C61: Ideal Prostate (B08BQ7JTP5) | D61: 9292.25 | E61: 155 | F61: 139 | G61: =E61/F61 -> 1.1151079 | H61: =D61/E61 -> 59.95 | I61: =H61/G61 -> 53.761613 | J61: 629 | K61: =E61/J61 -> 0.24642289
A62: =IFERROR(IF(B62>0,MONTH(B62)&"-"&YEAR(B62),B62),) -> 7-2025 | B62: 45857 | C62: Ideal Prostate Ultra (B08BQ8LGDS) | D62: 1888.65 | E62: 27 | F62: 25 | G62: =E62/F62 -> 1.08 | H62: =D62/E62 -> 69.95 | I62: =H62/G62 -> 64.768519 | J62: 242 | K62: =E62/J62 -> 0.11157025
A63: =IFERROR(IF(B63>0,MONTH(B63)&"-"&YEAR(B63),B63),) -> 0 | B63: 2025 - Week 29 | D63: =SUM(D61:D62) -> 11180.9 | E63: =SUM(E61:E62) -> 182 | F63: =SUM(F61:F62) -> 164 | G63: =E63/F63 -> 1.1097561 | H63: =D63/E63 -> 61.433516 | I63: =H63/G63 -> 55.357674 | J63: =SUM(J61:J62) -> 871 | K63: =E63/J63 -> 0.20895522 | V63: =IFERROR((D63-#REF!)/D63,) -> 0 | W63: =IFERROR((E63-#REF!)/E63,) -> 0 | X63: =IFERROR((D63-#REF!)/D63,) -> 0 | Y63: =IFERROR((E63-#REF!)/E63,) -> 0
A64: =IFERROR(IF(B64>0,MONTH(B64)&"-"&YEAR(B64),B64),) -> 7-2025 | B64: 45858 | C64: Ideal Prostate (B08BQ7JTP5) | D64: 8812.65 | E64: 147 | F64: 122 | G64: =E64/F64 -> 1.204918 | H64: =D64/E64 -> 59.95 | I64: =H64/G64 -> 49.754422 | J64: 463 | K64: =E64/J64 -> 0.3174946
A65: =IFERROR(IF(B65>0,MONTH(B65)&"-"&YEAR(B65),B65),) -> 7-2025 | B65: 45864 | C65: Ideal Prostate Ultra (B08BQ8LGDS) | D65: 2378.3 | E65: 34 | F65: 33 | G65: =E65/F65 -> 1.030303 | H65: =D65/E65 -> 69.95 | I65: =H65/G65 -> 67.892647 | J65: 198 | K65: =E65/J65 -> 0.17171717
A66: =IFERROR(IF(B66>0,MONTH(B66)&"-"&YEAR(B66),B66),) -> 0 | B66: 2025 - Week 30 | D66: =SUM(D64:D65) -> 11190.95 | E66: =SUM(E64:E65) -> 181 | F66: =SUM(F64:F65) -> 155 | G66: =E66/F66 -> 1.1677419 | H66: =D66/E66 -> 61.828453 | I66: =H66/G66 -> 52.947018 | J66: =SUM(J64:J65) -> 661 | K66: =E66/J66 -> 0.27382753 | V66: =IFERROR((D66-#REF!)/D66,) -> 0 | W66: =IFERROR((E66-#REF!)/E66,) -> 0 | X66: =IFERROR((D66-#REF!)/D66,) -> 0 | Y66: =IFERROR((E66-#REF!)/E66,) -> 0
A67: =IFERROR(IF(B67>0,MONTH(B67)&"-"&YEAR(B67),B67),) -> 7-2025 | B67: 45865 | C67: Ideal Prostate (B08BQ7JTP5) | D67: 7793.5 | E67: 130 | F67: 118 | G67: =E67/F67 -> 1.1016949 | H67: =D67/E67 -> 59.95 | I67: =H67/G67 -> 54.416154 | J67: 459 | K67: =E67/J67 -> 0.2832244
A68: =IFERROR(IF(B68>0,MONTH(B68)&"-"&YEAR(B68),B68),) -> 8-2025 | B68: 45871 | C68: Ideal Prostate Ultra (B08BQ8LGDS) | D68: 2308.35 | E68: 33 | F68: 28 | G68: =E68/F68 -> 1.1785714 | H68: =D68/E68 -> 69.95 | I68: =H68/G68 -> 59.351515 | J68: 212 | K68: =E68/J68 -> 0.15566038
A69: =IFERROR(IF(B69>0,MONTH(B69)&"-"&YEAR(B69),B69),) -> 0 | B69: 2025 - Week 31 | D69: =SUM(D67:D68) -> 10101.85 | E69: =SUM(E67:E68) -> 163 | F69: =SUM(F67:F68) -> 146 | G69: =E69/F69 -> 1.1164384 | H69: =D69/E69 -> 61.97454 | I69: =H69/G69 -> 55.510938 | J69: =SUM(J67:J68) -> 671 | K69: =E69/J69 -> 0.24292101 | V69: =IFERROR((D69-#REF!)/D69,) -> 0 | W69: =IFERROR((E69-#REF!)/E69,) -> 0 | X69: =IFERROR((D69-#REF!)/D69,) -> 0 | Y69: =IFERROR((E69-#REF!)/E69,) -> 0
A70: =IFERROR(IF(B70>0,MONTH(B70)&"-"&YEAR(B70),B70),) -> 8-2025 | B70: 45872 | C70: Ideal Prostate (B08BQ7JTP5) | D70: 8452.95 | E70: 141 | F70: 124 | G70: =E70/F70 -> 1.1370968 | H70: =D70/E70 -> 59.95 | I70: =H70/G70 -> 52.721986 | J70: 460 | K70: =E70/J70 -> 0.30652174
A71: =IFERROR(IF(B71>0,MONTH(B71)&"-"&YEAR(B71),B71),) -> 8-2025 | B71: 45878 | C71: Ideal Prostate Ultra (B08BQ8LGDS) | D71: 3147.75 | E71: 45 | F71: 37 | G71: =E71/F71 -> 1.2162162 | H71: =D71/E71 -> 69.95 | I71: =H71/G71 -> 57.514444 | J71: 248 | K71: =E71/J71 -> 0.18145161
A72: =IFERROR(IF(B72>0,MONTH(B72)&"-"&YEAR(B72),B72),) -> 0 | B72: 2025 - Week 32 | D72: =SUM(D70:D71) -> 11600.7 | E72: =SUM(E70:E71) -> 186 | F72: =SUM(F70:F71) -> 161 | G72: =E72/F72 -> 1.1552795 | H72: =D72/E72 -> 62.369355 | I72: =H72/G72 -> 53.986377 | J72: =SUM(J70:J71) -> 708 | K72: =E72/J72 -> 0.26271186 | V72: =IFERROR((D72-#REF!)/D72,) -> 0 | W72: =IFERROR((E72-#REF!)/E72,) -> 0 | X72: =IFERROR((D72-#REF!)/D72,) -> 0 | Y72: =IFERROR((E72-#REF!)/E72,) -> 0
A73: =IFERROR(IF(B73>0,MONTH(B73)&"-"&YEAR(B73),B73),) -> 8-2025 | B73: 45879 | C73: Ideal Prostate (B08BQ7JTP5) | D73: 8512.9 | E73: 142 | F73: 125 | G73: =E73/F73 -> 1.136 | H73: =D73/E73 -> 59.95 | I73: =H73/G73 -> 52.772887 | J73: 511 | K73: =E73/J73 -> 0.2778865
A74: =IFERROR(IF(B74>0,MONTH(B74)&"-"&YEAR(B74),B74),) -> 8-2025 | B74: 45885 | C74: Ideal Prostate Ultra (B08BQ8LGDS) | D74: 2098.5 | E74: 30 | F74: 29 | G74: =E74/F74 -> 1.0344828 | H74: =D74/E74 -> 69.95 | I74: =H74/G74 -> 67.618333 | J74: 287 | K74: =E74/J74 -> 0.10452962
A75: =IFERROR(IF(B75>0,MONTH(B75)&"-"&YEAR(B75),B75),) -> 0 | B75: 2025 - Week 33 | D75: =SUM(D73:D74) -> 10611.4 | E75: =SUM(E73:E74) -> 172 | F75: =SUM(F73:F74) -> 154 | G75: =E75/F75 -> 1.1168831 | H75: =D75/E75 -> 61.694186 | I75: =H75/G75 -> 55.237818 | J75: =SUM(J73:J74) -> 798 | K75: =E75/J75 -> 0.21553885 | V75: =IFERROR((D75-#REF!)/D75,) -> 0 | W75: =IFERROR((E75-#REF!)/E75,) -> 0 | X75: =IFERROR((D75-#REF!)/D75,) -> 0 | Y75: =IFERROR((E75-#REF!)/E75,) -> 0
A76: =IFERROR(IF(B76>0,MONTH(B76)&"-"&YEAR(B76),B76),) -> 8-2025 | B76: 45886 | C76: Ideal Prostate (B08BQ7JTP5) | D76: 8572.85 | E76: 143 | F76: 126 | G76: =E76/F76 -> 1.1349206 | H76: =D76/E76 -> 59.95 | I76: =H76/G76 -> 52.823077 | J76: 456 | K76: =E76/J76 -> 0.31359649
A77: =IFERROR(IF(B77>0,MONTH(B77)&"-"&YEAR(B77),B77),) -> 8-2025 | B77: 45892 | C77: Ideal Prostate Ultra (B08BQ8LGDS) | D77: 2867.95 | E77: 41 | F77: 36 | G77: =E77/F77 -> 1.1388889 | H77: =D77/E77 -> 69.95 | I77: =H77/G77 -> 61.419512 | J77: 237 | K77: =E77/J77 -> 0.17299578
A78: =IFERROR(IF(B78>0,MONTH(B78)&"-"&YEAR(B78),B78),) -> 0 | B78: 2025 - Week 34 | D78: =SUM(D76:D77) -> 11440.8 | E78: =SUM(E76:E77) -> 184 | F78: =SUM(F76:F77) -> 162 | G78: =E78/F78 -> 1.1358025 | H78: =D78/E78 -> 62.178261 | I78: =H78/G78 -> 54.743904 | J78: =SUM(J76:J77) -> 693 | K78: =E78/J78 -> 0.26551227 | V78: =IFERROR((D78-#REF!)/D78,) -> 0 | W78: =IFERROR((E78-#REF!)/E78,) -> 0 | X78: =IFERROR((D78-#REF!)/D78,) -> 0 | Y78: =IFERROR((E78-#REF!)/E78,) -> 0
A79: =IFERROR(IF(B79>0,MONTH(B79)&"-"&YEAR(B79),B79),) -> 8-2025 | B79: 45893 | C79: Ideal Prostate (B08BQ7JTP5) | D79: 8752.7 | E79: 146 | F79: 131 | G79: =E79/F79 -> 1.1145038 | H79: =D79/E79 -> 59.95 | I79: =H79/G79 -> 53.790753 | J79: 450 | K79: =E79/J79 -> 0.32444444
A80: =IFERROR(IF(B80>0,MONTH(B80)&"-"&YEAR(B80),B80),) -> 8-2025 | B80: 45899 | C80: Ideal Prostate Ultra (B08BQ8LGDS) | D80: 2098.5 | E80: 30 | F80: 26 | G80: =E80/F80 -> 1.1538462 | H80: =D80/E80 -> 69.95 | I80: =H80/G80 -> 60.623333 | J80: 215 | K80: =E80/J80 -> 0.13953488
A81: =IFERROR(IF(B81>0,MONTH(B81)&"-"&YEAR(B81),B81),) -> 0 | B81: 2025 - Week 35 | D81: =SUM(D79:D80) -> 10851.2 | E81: =SUM(E79:E80) -> 176 | F81: =SUM(F79:F80) -> 157 | G81: =E81/F81 -> 1.1210191 | H81: =D81/E81 -> 61.654545 | I81: =H81/G81 -> 54.998657 | J81: =SUM(J79:J80) -> 665 | K81: =E81/J81 -> 0.26466165 | V81: =IFERROR((D81-#REF!)/D81,) -> 0 | W81: =IFERROR((E81-#REF!)/E81,) -> 0 | X81: =IFERROR((D81-#REF!)/D81,) -> 0 | Y81: =IFERROR((E81-#REF!)/E81,) -> 0
A82: =IFERROR(IF(B82>0,MONTH(B82)&"-"&YEAR(B82),B82),) -> 8-2025 | B82: 45900 | C82: Ideal Prostate (B08BQ7JTP5) | D82: 7553.7 | E82: 126 | F82: 116 | G82: =E82/F82 -> 1.0862069 | H82: =D82/E82 -> 59.95 | I82: =H82/G82 -> 55.192063 | J82: 420 | K82: =E82/J82 -> 0.3
A83: =IFERROR(IF(B83>0,MONTH(B83)&"-"&YEAR(B83),B83),) -> 9-2025 | B83: 45906 | C83: Ideal Prostate Ultra (B08BQ8LGDS) | D83: 3497.5 | E83: 50 | F83: 40 | G83: =E83/F83 -> 1.25 | H83: =D83/E83 -> 69.95 | I83: =H83/G83 -> 55.96 | J83: 200 | K83: =E83/J83 -> 0.25
A84: =IFERROR(IF(B84>0,MONTH(B84)&"-"&YEAR(B84),B84),) -> 0 | B84: 2025 - Week 36 | D84: =SUM(D82:D83) -> 11051.2 | E84: =SUM(E82:E83) -> 176 | F84: =SUM(F82:F83) -> 156 | G84: =E84/F84 -> 1.1282051 | H84: =D84/E84 -> 62.790909 | I84: =H84/G84 -> 55.655579 | J84: =SUM(J82:J83) -> 620 | K84: =E84/J84 -> 0.28387097 | V84: =IFERROR((D84-#REF!)/D84,) -> 0 | W84: =IFERROR((E84-#REF!)/E84,) -> 0 | X84: =IFERROR((D84-#REF!)/D84,) -> 0 | Y84: =IFERROR((E84-#REF!)/E84,) -> 0
A85: =IFERROR(IF(B85>0,MONTH(B85)&"-"&YEAR(B85),B85),) -> 9-2025 | B85: 45907 | C85: Ideal Prostate (B08BQ7JTP5) | D85: 6834.3 | E85: 114 | F85: 102 | G85: =E85/F85 -> 1.1176471 | H85: =D85/E85 -> 59.95 | I85: =H85/G85 -> 53.639474 | J85: 372 | K85: =E85/J85 -> 0.30645161
A86: =IFERROR(IF(B86>0,MONTH(B86)&"-"&YEAR(B86),B86),) -> 9-2025 | B86: 45913 | C86: Ideal Prostate Ultra (B08BQ8LGDS) | D86: 2098.5 | E86: 30 | F86: 26 | G86: =E86/F86 -> 1.1538462 | H86: =D86/E86 -> 69.95 | I86: =H86/G86 -> 60.623333 | J86: 152 | K86: =E86/J86 -> 0.19736842
A87: =IFERROR(IF(B87>0,MONTH(B87)&"-"&YEAR(B87),B87),) -> 0 | B87: 2025 - Week 37 | D87: =SUM(D85:D86) -> 8932.8 | E87: =SUM(E85:E86) -> 144 | F87: =SUM(F85:F86) -> 128 | G87: =E87/F87 -> 1.125 | H87: =D87/E87 -> 62.033333 | I87: =H87/G87 -> 55.140741 | J87: =SUM(J85:J86) -> 524 | K87: =E87/J87 -> 0.27480916 | V87: =IFERROR((D87-#REF!)/D87,) -> 0 | W87: =IFERROR((E87-#REF!)/E87,) -> 0 | X87: =IFERROR((D87-#REF!)/D87,) -> 0 | Y87: =IFERROR((E87-#REF!)/E87,) -> 0
A88: =IFERROR(IF(B88>0,MONTH(B88)&"-"&YEAR(B88),B88),) -> 9-2025 | B88: 45914 | C88: Ideal Prostate (B08BQ7JTP5) | D88: 8273.1 | E88: 138 | F88: 116 | G88: =E88/F88 -> 1.1896552 | H88: =D88/E88 -> 59.95 | I88: =H88/G88 -> 50.392754 | J88: 346 | K88: =E88/J88 -> 0.39884393
A89: =IFERROR(IF(B89>0,MONTH(B89)&"-"&YEAR(B89),B89),) -> 9-2025 | B89: 45920 | C89: Ideal Prostate Ultra (B08BQ8LGDS) | D89: 2308.35 | E89: 33 | F89: 31 | G89: =E89/F89 -> 1.0645161 | H89: =D89/E89 -> 69.95 | I89: =H89/G89 -> 65.710606 | J89: 138 | K89: =E89/J89 -> 0.23913043
A90: =IFERROR(IF(B90>0,MONTH(B90)&"-"&YEAR(B90),B90),) -> 0 | B90: 2025 - Week 38 | D90: =SUM(D88:D89) -> 10581.45 | E90: =SUM(E88:E89) -> 171 | F90: =SUM(F88:F89) -> 147 | G90: =E90/F90 -> 1.1632653 | H90: =D90/E90 -> 61.879825 | I90: =H90/G90 -> 53.194937 | J90: =SUM(J88:J89) -> 484 | K90: =E90/J90 -> 0.35330579 | V90: =IFERROR((D90-#REF!)/D90,) -> 0 | W90: =IFERROR((E90-#REF!)/E90,) -> 0 | X90: =IFERROR((D90-#REF!)/D90,) -> 0 | Y90: =IFERROR((E90-#REF!)/E90,) -> 0
A91: =IFERROR(IF(B91>0,MONTH(B91)&"-"&YEAR(B91),B91),) -> 9-2025 | B91: 45921 | C91: Ideal Prostate (B08BQ7JTP5) | D91: 7074.1 | E91: 118 | F91: 108 | G91: =E91/F91 -> 1.0925926 | H91: =D91/E91 -> 59.95 | I91: =H91/G91 -> 54.869492 | J91: 400 | K91: =E91/J91 -> 0.295
A92: =IFERROR(IF(B92>0,MONTH(B92)&"-"&YEAR(B92),B92),) -> 9-2025 | B92: 45927 | C92: Ideal Prostate Ultra (B08BQ8LGDS) | D92: 2308.35 | E92: 33 | F92: 31 | G92: =E92/F92 -> 1.0645161 | H92: =D92/E92 -> 69.95 | I92: =H92/G92 -> 65.710606 | J92: 123 | K92: =E92/J92 -> 0.26829268
A93: =IFERROR(IF(B93>0,MONTH(B93)&"-"&YEAR(B93),B93),) -> 0 | B93: 2025 - Week 39 | D93: =SUM(D91:D92) -> 9382.45 | E93: =SUM(E91:E92) -> 151 | F93: =SUM(F91:F92) -> 139 | G93: =E93/F93 -> 1.0863309 | H93: =D93/E93 -> 62.13543 | I93: =H93/G93 -> 57.197515 | J93: =SUM(J91:J92) -> 523 | K93: =E93/J93 -> 0.28871893 | V93: =IFERROR((D93-#REF!)/D93,) -> 0 | W93: =IFERROR((E93-#REF!)/E93,) -> 0 | X93: =IFERROR((D93-#REF!)/D93,) -> 0 | Y93: =IFERROR((E93-#REF!)/E93,) -> 0
A94: =IFERROR(IF(B94>0,MONTH(B94)&"-"&YEAR(B94),B94),) -> 9-2025 | B94: 45928 | C94: Ideal Prostate (B08BQ7JTP5) | D94: 7913.4 | E94: 132 | F94: 119 | G94: =E94/F94 -> 1.1092437 | H94: =D94/E94 -> 59.95 | I94: =H94/G94 -> 54.045833 | J94: 402 | K94: =E94/J94 -> 0.32835821
A95: =IFERROR(IF(B95>0,MONTH(B95)&"-"&YEAR(B95),B95),) -> 10-2025 | B95: 45934 | C95: Ideal Prostate Ultra (B08BQ8LGDS) | D95: 2798 | E95: 40 | F95: 30 | G95: =E95/F95 -> 1.3333333 | H95: =D95/E95 -> 69.95 | I95: =H95/G95 -> 52.4625 | J95: 129 | K95: =E95/J95 -> 0.31007752
A96: =IFERROR(IF(B96>0,MONTH(B96)&"-"&YEAR(B96),B96),) -> 0 | B96: 2025 - Week 40 | D96: =SUM(D94:D95) -> 10711.4 | E96: =SUM(E94:E95) -> 172 | F96: =SUM(F94:F95) -> 149 | G96: =E96/F96 -> 1.1543624 | H96: =D96/E96 -> 62.275581 | I96: =H96/G96 -> 53.948033 | J96: =SUM(J94:J95) -> 531 | K96: =E96/J96 -> 0.32391714 | V96: =IFERROR((D96-#REF!)/D96,) -> 0 | W96: =IFERROR((E96-#REF!)/E96,) -> 0 | X96: =IFERROR((D96-#REF!)/D96,) -> 0 | Y96: =IFERROR((E96-#REF!)/E96,) -> 0
A97: =IFERROR(IF(B97>0,MONTH(B97)&"-"&YEAR(B97),B97),) -> 10-2025 | B97: 45935 | C97: Ideal Prostate (B08BQ7JTP5) | D97: 7493.75 | E97: 125 | F97: 109 | G97: =E97/F97 -> 1.146789 | H97: =D97/E97 -> 59.95 | I97: =H97/G97 -> 52.2764 | J97: 383 | K97: =E97/J97 -> 0.32637076
A98: =IFERROR(IF(B98>0,MONTH(B98)&"-"&YEAR(B98),B98),) -> 10-2025 | B98: 45941 | C98: Ideal Prostate Ultra (B08BQ8LGDS) | D98: 2518.2 | E98: 36 | F98: 28 | G98: =E98/F98 -> 1.2857143 | H98: =D98/E98 -> 69.95 | I98: =H98/G98 -> 54.405556 | J98: 150 | K98: =E98/J98 -> 0.24
A99: =IFERROR(IF(B99>0,MONTH(B99)&"-"&YEAR(B99),B99),) -> 0 | B99: 2025 - Week 41 | D99: =SUM(D97:D98) -> 10011.95 | E99: =SUM(E97:E98) -> 161 | F99: =SUM(F97:F98) -> 137 | G99: =E99/F99 -> 1.1751825 | H99: =D99/E99 -> 62.186025 | I99: =H99/G99 -> 52.916058 | J99: =SUM(J97:J98) -> 533 | K99: =E99/J99 -> 0.30206379 | V99: =IFERROR((D99-#REF!)/D99,) -> 0 | W99: =IFERROR((E99-#REF!)/E99,) -> 0 | X99: =IFERROR((D99-#REF!)/D99,) -> 0 | Y99: =IFERROR((E99-#REF!)/E99,) -> 0
A100: =IFERROR(IF(B100>0,MONTH(B100)&"-"&YEAR(B100),B100),) -> 10-2025 | B100: 45942 | C100: Ideal Prostate (B08BQ7JTP5) | D100: 6825.3 | E100: 114 | F100: 105 | G100: =E100/F100 -> 1.0857143 | H100: =D100/E100 -> 59.871053 | I100: =H100/G100 -> 55.144391 | J100: 318 | K100: =E100/J100 -> 0.35849057
A101: =IFERROR(IF(B101>0,MONTH(B101)&"-"&YEAR(B101),B101),) -> 10-2025 | B101: 45948 | C101: Ideal Prostate Ultra (B08BQ8LGDS) | D101: 1958.6 | E101: 28 | F101: 26 | G101: =E101/F101 -> 1.0769231 | H101: =D101/E101 -> 69.95 | I101: =H101/G101 -> 64.953571 | J101: 153 | K101: =E101/J101 -> 0.18300654
A102: =IFERROR(IF(B102>0,MONTH(B102)&"-"&YEAR(B102),B102),) -> 0 | B102: 2025 - Week 42 | D102: =SUM(D100:D101) -> 8783.9 | E102: =SUM(E100:E101) -> 142 | F102: =SUM(F100:F101) -> 131 | G102: =E102/F102 -> 1.0839695 | H102: =D102/E102 -> 61.858451 | I102: =H102/G102 -> 57.066599 | J102: =SUM(J100:J101) -> 471 | K102: =E102/J102 -> 0.3014862 | V102: =IFERROR((D102-#REF!)/D102,) -> 0 | W102: =IFERROR((E102-#REF!)/E102,) -> 0 | X102: =IFERROR((D102-#REF!)/D102,) -> 0 | Y102: =IFERROR((E102-#REF!)/E102,) -> 0
...

Sheet WALMART_weekly_reporting_2025-B
A1: WALMART - DATA SOURCES: https://seller.walmart.com/analytics/overview/item-sale; https://seller.walmart.com/analytics/reports; And Intentwise
C2: WEEKLY PERFORMANCE | X2: =(#REF!+#REF!+#REF!+#REF!)-(monthly_reporting_2021!D17+monthly_reporting_2021!D23+monthly_reporting_2021!D29+monthly_reporting_2021!D35) -> #REF! | Y2: =((#REF!+#REF!+#REF!+#REF!)-(monthly_reporting_2021!E17+monthly_reporting_2021!E23+monthly_reporting_2021!E29+monthly_reporting_2021!E35))/(#REF!+#REF!+#REF!+#REF!) -> #REF!
C3: Total Sales | F3: Total Orders | K3: Total Units Sold
C4: =VLOOKUP("Current Week",$B$11:$X$289,MATCH("SALES",$B$11:$X$11,0),FALSE) -> 21426.35 | F4: =VLOOKUP("Current Week",$B$11:$X$289,MATCH("Units Sold",$B$11:$X$11,0),FALSE) -> 154 | K4: =VLOOKUP("Current Week",$B$11:$X$289,MATCH("Ordered Items",$B$11:$X$11,0),FALSE) -> 133
C5: =(C4-(VLOOKUP("Previous Week",$B$11:$X$293,MATCH("SALES",$B$11:$X$11,0),FALSE)))/C4 -> 0.54579338 | F5: =(F4-(VLOOKUP("Previous Week",$B$11:$X$293,MATCH("Units Sold",$B$11:$X$11,0),FALSE)))/F4 -> 0.34415584 | K5: =(K4-(VLOOKUP("Previous Week",$B$11:$X$293,MATCH("Ordered Items",$B$11:$X$11,0),FALSE)))/K4 -> 0.23308271
C7: Advertising Sales | F7: Advertising Spend | K7: ACoS
C8: =VLOOKUP("Current Week",$B$11:$X$289,MATCH("AD SALES",$B$11:$X$11,0),FALSE) -> 2909.81 | F8: =VLOOKUP("Current Week",$B$11:$X$289,MATCH("SP AD SPEND",$B$11:$X$11,0),FALSE) -> 1088.4 | K8: =F8/C8 -> 0.37404504
C9: =(C8-(VLOOKUP("Previous Week",$B$11:$X$293,MATCH("AD SALES",$B$11:$X$11,0),FALSE)))/C8 -> -0.016296597 | F9: =(F8-(VLOOKUP("Previous Week",$B$11:$X$293,MATCH("SP AD SPEND",$B$11:$X$11,0),FALSE)))/F8 -> 0.0067346564 | K9: =(K8-(VLOOKUP("Previous Week",$B$11:$X$293,MATCH("ACOS",$B$11:$X$11,0),FALSE)))/K8 -> 0.022661941
D10: SALES METRICS | L10: ADVERTISING PERFORMANCE | V10: MoM | X10: YoY
A11: Month-Code | B11: DATE | C11: BRAND | D11: SALES | E11: UNITS SOLD | F11: ORDERED ITEMS | G11: UNITS PER ORDER | H11: SALES PER ORDER | I11: ASP | J11: SP AD SPEND | K11: IMPRESSIONS | L11: UNIT SALES | M11: AD SALES | N11: ACoS | O11: ROAS (return on ad send) | P11: TACoS (Total Advertsing Cost of Sales) | Q11: REVENUE PERCENTAGE OF AD SALES | R11: ORGANIC SALES | S11: CPO | T11: SALES | U11: UNITS | V11: SALES | W11: UNITS
B13: 45641 | C13: AirDoctor | D13: 10331.1 | E13: 29 | F13: 30 | G13: =E13/F13 -> 0.96666667 | H13: =D13/E13 -> 356.24483 | I13: =H13/G13 -> 368.52913 | J13: 93.48 | K13: 23980 | L13: 12 | M13: 2862.3 | N13: =J13/M13 -> 0.03265905 | O13: =M13/J13 -> 30.619384 | P13: =J13/D13 -> 0.0090484072 | Q13: =M13/D13 -> 0.27705665 | R13: =D13-M13 -> 7468.8 | S13: =J13/L13 -> 7.79
C14: AquaTru | D14: 8314.03 | E14: 39 | F14: 46 | G14: =E14/F14 -> 0.84782609 | H14: =D14/E14 -> 213.18026 | I14: =H14/G14 -> 251.44338 | J14: 174.95 | K14: 16451 | L14: 5 | M14: 654.9 | N14: =J14/M14 -> 0.26714002 | O14: =M14/J14 -> 3.7433552 | P14: =J14/D14 -> 0.021042743 | Q14: =M14/D14 -> 0.078770464 | R14: =D14-M14 -> 7659.13 | S14: =J14/L14 -> 34.99
C15: Beflexible | D15: 0 | E15: 0 | F15: 0 | G15: =E15/F15 -> #DIV/0! | H15: =D15/E15 -> #DIV/0! | I15: =H15/G15 -> #DIV/0! | J15: 0 | K15: 0 | L15: 0 | M15: 0 | N15: =J15/M15 -> #DIV/0! | O15: =M15/J15 -> #DIV/0! | P15: =J15/D15 -> #DIV/0! | Q15: =M15/D15 -> #DIV/0! | R15: =D15-M15 -> 0 | S15: =J15/L15 -> #DIV/0!
C16: Better Bladder | D16: 59.95 | E16: 1 | F16: 1 | G16: =E16/F16 -> 1 | H16: =D16/E16 -> 59.95 | I16: =H16/G16 -> 59.95 | J16: 58.66 | K16: 3967 | L16: 1 | M16: 59.95 | N16: =J16/M16 -> 0.97848207 | O16: =M16/J16 -> 1.0219911 | P16: =J16/D16 -> 0.97848207 | Q16: =M16/D16 -> 1 | R16: =D16-M16 -> 0 | S16: =J16/L16 -> 58.66
C17: Cebria | D17: 0 | E17: 0 | F17: 0 | G17: =E17/F17 -> #DIV/0! | H17: =D17/E17 -> #DIV/0! | I17: =H17/G17 -> #DIV/0! | J17: 0 | K17: 0 | L17: 0 | M17: 0 | N17: =J17/M17 -> #DIV/0! | O17: =M17/J17 -> #DIV/0! | P17: =J17/D17 -> #DIV/0! | Q17: =M17/D17 -> #DIV/0! | R17: =D17-M17 -> 0 | S17: =J17/L17 -> #DIV/0!
C18: GA Grown American | D18: 239.96 | E18: 4 | F18: 4 | G18: =E18/F18 -> 1 | H18: =D18/E18 -> 59.99 | I18: =H18/G18 -> 59.99 | J18: 41.79 | K18: 11511 | L18: 1 | M18: 59.99 | N18: =J18/M18 -> 0.6966161 | O18: =M18/J18 -> 1.4355109 | P18: =J18/D18 -> 0.17415403 | Q18: =M18/D18 -> 0.25 | R18: =D18-M18 -> 179.97 | S18: =J18/L18 -> 41.79
C19: Ideal Prostate | D19: 689.73 | E19: 11 | F19: 10 | G19: =E19/F19 -> 1.1 | H19: =D19/E19 -> 62.702727 | I19: =H19/G19 -> 57.002479 | J19: 160.43 | K19: 4358 | L19: 4 | M19: 279.8 | N19: =J19/M19 -> 0.57337384 | O19: =M19/J19 -> 1.7440628 | P19: =J19/D19 -> 0.23259826 | Q19: =M19/D19 -> 0.40566599 | R19: =D19-M19 -> 409.93 | S19: =J19/L19 -> 40.1075
B20: to | C20: Miracle Blade | D20: 162.73 | E20: 4 | F20: 7 | G20: =E20/F20 -> 0.57142857 | H20: =D20/E20 -> 40.6825 | I20: =H20/G20 -> 71.194375 | J20: 159.89 | K20: 17913 | L20: 0 | M20: 0 | N20: =J20/M20 -> #DIV/0! | O20: =M20/J20 -> 0 | P20: =J20/D20 -> 0.98254778 | Q20: =M20/D20 -> 0 | R20: =D20-M20 -> 162.73 | S20: =J20/L20 -> #DIV/0!
C21: Paint Zoom | D21: -4.96 | E21: -1 | F21: 1 | G21: =E21/F21 -> -1 | H21: =D21/E21 -> 4.96 | I21: =H21/G21 -> -4.96 | J21: 79.62 | K21: 182108 | L21: 1 | M21: 84.96 | N21: =J21/M21 -> 0.93714689 | O21: =M21/J21 -> 1.0670686 | P21: =J21/D21 -> -16.052419 | Q21: =M21/D21 -> -17.129032 | R21: =D21-M21 -> -89.92 | S21: =J21/L21 -> 79.62
C22: Profemin | D22: 274.75 | E22: 5 | F22: 4 | G22: =E22/F22 -> 1.25 | H22: =D22/E22 -> 54.95 | I22: =H22/G22 -> 43.96 | J22: 0 | K22: 0 | L22: 0 | M22: 0 | N22: =J22/M22 -> #DIV/0! | O22: =M22/J22 -> #DIV/0! | P22: =J22/D22 -> 0 | Q22: =M22/D22 -> 0 | R22: =D22-M22 -> 274.75 | S22: =J22/L22 -> #DIV/0!
C23: Prosvent | D23: 2437.8 | E23: 29 | F23: 24 | G23: =E23/F23 -> 1.2083333 | H23: =D23/E23 -> 84.062069 | I23: =H23/G23 -> 69.568609 | J23: 63.47 | K23: 12313 | L23: 6 | M23: 579.7 | N23: =J23/M23 -> 0.10948767 | O23: =M23/J23 -> 9.1334489 | P23: =J23/D23 -> 0.02603577 | Q23: =M23/D23 -> 0.23779637 | R23: =D23-M23 -> 1858.1 | S23: =J23/L23 -> 10.578333
C24: SaniTru | D24: 67.96 | E24: 1 | F24: 1 | G24: =E24/F24 -> 1 | H24: =D24/E24 -> 67.96 | I24: =H24/G24 -> 67.96 | J24: 2.14 | K24: 10943 | L24: 0 | M24: 0 | N24: =J24/M24 -> #DIV/0! | O24: =M24/J24 -> 0 | P24: =J24/D24 -> 0.031489111 | Q24: =M24/D24 -> 0 | R24: =D24-M24 -> 67.96 | S24: =J24/L24 -> #DIV/0!
C25: Rotorazer Saw | D25: -139.37 | E25: 0 | F25: 3 | G25: =E25/F25 -> 0 | H25: =D25/E25 -> #DIV/0! | I25: =H25/G25 -> #DIV/0! | J25: 21.79 | K25: 21569 | L25: 0 | M25: 0 | N25: =J25/M25 -> #DIV/0! | O25: =M25/J25 -> 0 | P25: =J25/D25 -> -0.15634642 | Q25: =M25/D25 -> 0 | R25: =D25-M25 -> -139.37 | S25: =J25/L25 -> #DIV/0!
C26: Superthotics | D26: 0 | E26: 0 | F26: 0 | G26: =E26/F26 -> #DIV/0! | H26: =D26/E26 -> #DIV/0! | I26: =H26/G26 -> #DIV/0! | J26: 3.1 | K26: 1684 | L26: 0 | M26: 0 | N26: =J26/M26 -> #DIV/0! | O26: =M26/J26 -> 0 | P26: =J26/D26 -> #DIV/0! | Q26: =M26/D26 -> #DIV/0! | R26: =D26-M26 -> 0 | S26: =J26/L26 -> #DIV/0!
C27: Therabotanics | D27: 0 | E27: 0 | F27: 0 | G27: =E27/F27 -> #DIV/0! | H27: =D27/E27 -> #DIV/0! | I27: =H27/G27 -> #DIV/0! | J27: 0 | K27: 0 | L27: 0 | M27: 0 | N27: =J27/M27 -> #DIV/0! | O27: =M27/J27 -> #DIV/0! | P27: =J27/D27 -> #DIV/0! | Q27: =M27/D27 -> #DIV/0! | R27: =D27-M27 -> 0 | S27: =J27/L27 -> #DIV/0!
C28: WALKFIT | D28: 900.09 | E28: 28 | F28: 26 | G28: =E28/F28 -> 1.0769231 | H28: =D28/E28 -> 32.146071 | I28: =H28/G28 -> 29.849923 | J28: 164.56 | K28: 45377 | L28: 18 | M28: 474.72 | N28: =J28/M28 -> 0.34664644 | O28: =M28/J28 -> 2.8847837 | P28: =J28/D28 -> 0.18282616 | Q28: =M28/D28 -> 0.52741393 | R28: =D28-M28 -> 425.37 | S28: =J28/L28 -> 9.1422222
A29: =IFERROR(IF(B29>0,MONTH(B29)&"-"&YEAR(B29),B29),) -> 12-2024 | B29: 45647 | C29: AromaTru | D29: 9.8 | E29: 0 | F29: 1 | G29: =E29/F29 -> 0 | H29: =D29/E29 -> #DIV/0! | I29: =H29/G29 -> #DIV/0! | J29: 0 | K29: 12458 | L29: 0 | M29: 0 | N29: =J29/M29 -> #DIV/0! | O29: =M29/J29 -> #DIV/0! | P29: =J29/D29 -> 0 | Q29: =M29/D29 -> 0 | R29: =D29-M29 -> 9.8 | S29: =J29/L29 -> #DIV/0!
A30: =IFERROR(IF(B30>0,MONTH(B30)&"-"&YEAR(B30),B30),) -> 0 | B30: 2024 - Week 51 | D30: =SUM(D13:D29) -> 23343.57 | E30: =SUM(E13:E29) -> 150 | F30: =SUM(F13:F29) -> 158 | G30: =E30/F30 -> 0.94936709 | H30: =D30/E30 -> 155.6238 | I30: =H30/G30 -> 163.92374 | J30: =SUM(J13:J29) -> 1023.88 | K30: =SUM(K13:K29) -> 364632 | L30: =SUM(L13:L29) -> 48 | M30: =SUM(M13:M29) -> 5056.32 | N30: =J30/M30 -> 0.2024951 | O30: =M30/J30 -> 4.9383912 | P30: =J30/D30 -> 0.043861329 | Q30: =M30/D30 -> 0.2166044 | R30: =SUM(R13:R29) -> 18287.25 | S30: =J30/L30 -> 21.330833 | T30: =IFERROR((D30-#REF!)/D30,) -> 0 | U30: =IFERROR((E30-#REF!)/E30,) -> 0 | V30: =IFERROR((D30-monthly_reporting_2021!D49)/D30, ) -> 1 | W30: =IFERROR((E30-monthly_reporting_2021!E49)/E30, ) -> 1
B31: 45648 | C31: AirDoctor | D31: 12504.3 | E31: 32 | F31: 32 | G31: =E31/F31 -> 1 | H31: =D31/E31 -> 390.75937 | I31: =H31/G31 -> 390.75937 | J31: 106.38 | K31: 23406 | L31: 10 | M31: 4010.3 | N31: =J31/M31 -> 0.026526694 | O31: =M31/J31 -> 37.697876 | P31: =J31/D31 -> 0.0085074734 | Q31: =M31/D31 -> 0.32071367 | R31: =D31-M31 -> 8494 | S31: =J31/L31 -> 10.638
C32: AquaTru | D32: 5241.86 | E32: 31 | F32: 37 | G32: =E32/F32 -> 0.83783784 | H32: =D32/E32 -> 169.09226 | I32: =H32/G32 -> 201.81979 | J32: 104.84 | K32: 18706 | L32: 1 | M32: 79.95 | N32: =J32/M32 -> 1.3113196 | O32: =M32/J32 -> 0.76259061 | P32: =J32/D32 -> 0.020000534 | Q32: =M32/D32 -> 0.01525222 | R32: =D32-M32 -> 5161.91 | S32: =J32/L32 -> 104.84
C33: Beflexible | D33: 139.9 | E33: 2 | F33: 1 | G33: =E33/F33 -> 2 | H33: =D33/E33 -> 69.95 | I33: =H33/G33 -> 34.975 | J33: 0 | K33: 0 | L33: 0 | M33: 0 | N33: =J33/M33 -> #DIV/0! | O33: =M33/J33 -> #DIV/0! | P33: =J33/D33 -> 0 | Q33: =M33/D33 -> 0 | R33: =D33-M33 -> 139.9 | S33: =J33/L33 -> #DIV/0!
C34: Better Bladder | D34: 359.7 | E34: 6 | F34: 5 | G34: =E34/F34 -> 1.2 | H34: =D34/E34 -> 59.95 | I34: =H34/G34 -> 49.958333 | J34: 15.23 | K34: 1618 | L34: 0 | M34: 0 | N34: =J34/M34 -> #DIV/0! | O34: =M34/J34 -> 0 | P34: =J34/D34 -> 0.04234084 | Q34: =M34/D34 -> 0 | R34: =D34-M34 -> 359.7 | S34: =J34/L34 -> #DIV/0!
C35: Cebria | D35: 0 | E35: 0 | F35: 0 | G35: =E35/F35 -> #DIV/0! | H35: =D35/E35 -> #DIV/0! | I35: =H35/G35 -> #DIV/0! | J35: 0 | K35: 0 | L35: 0 | M35: 0 | N35: =J35/M35 -> #DIV/0! | O35: =M35/J35 -> #DIV/0! | P35: =J35/D35 -> #DIV/0! | Q35: =M35/D35 -> #DIV/0! | R35: =D35-M35 -> 0 | S35: =J35/L35 -> #DIV/0!
C36: GA Grown American | D36: 119.98 | E36: 2 | F36: 1 | G36: =E36/F36 -> 2 | H36: =D36/E36 -> 59.99 | I36: =H36/G36 -> 29.995 | J36: 41.55 | K36: 9951 | L36: 0 | M36: 0 | N36: =J36/M36 -> #DIV/0! | O36: =M36/J36 -> 0 | P36: =J36/D36 -> 0.34630772 | Q36: =M36/D36 -> 0 | R36: =D36-M36 -> 119.98 | S36: =J36/L36 -> #DIV/0!
C37: Ideal Prostate | D37: 849.35 | E37: 13 | F37: 8 | G37: =E37/F37 -> 1.625 | H37: =D37/E37 -> 65.334615 | I37: =H37/G37 -> 40.205917 | J37: 151.87 | K37: 3720 | L37: 1 | M37: 69.95 | N37: =J37/M37 -> 2.1711222 | O37: =M37/J37 -> 0.4605913 | P37: =J37/D37 -> 0.17880732 | Q37: =M37/D37 -> 0.082357097 | R37: =D37-M37 -> 779.4 | S37: =J37/L37 -> 151.87
B38: to | C38: Miracle Blade | D38: 765.75 | E38: 11 | F38: 14 | G38: =E38/F38 -> 0.78571429 | H38: =D38/E38 -> 69.613636 | I38: =H38/G38 -> 88.599174 | J38: 243.42 | K38: 28115 | L38: 4 | M38: 150.89 | N38: =J38/M38 -> 1.6132282 | O38: =M38/J38 -> 0.61987511 | P38: =J38/D38 -> 0.31788443 | Q38: =M38/D38 -> 0.19704865 | R38: =D38-M38 -> 614.86 | S38: =J38/L38 -> 60.855
C39: Paint Zoom | D39: 0 | E39: 0 | F39: 0 | G39: =E39/F39 -> #DIV/0! | H39: =D39/E39 -> #DIV/0! | I39: =H39/G39 -> #DIV/0! | J39: 53.92 | K39: 167085 | L39: 0 | M39: 0 | N39: =J39/M39 -> #DIV/0! | O39: =M39/J39 -> 0 | P39: =J39/D39 -> #DIV/0! | Q39: =M39/D39 -> #DIV/0! | R39: =D39-M39 -> 0 | S39: =J39/L39 -> #DIV/0!
C40: Profemin | D40: 0 | E40: 0 | F40: 1 | G40: =E40/F40 -> 0 | H40: =D40/E40 -> #DIV/0! | I40: =H40/G40 -> #DIV/0! | J40: 0 | K40: 0 | L40: 0 | M40: 0 | N40: =J40/M40 -> #DIV/0! | O40: =M40/J40 -> #DIV/0! | P40: =J40/D40 -> #DIV/0! | Q40: =M40/D40 -> #DIV/0! | R40: =D40-M40 -> 0 | S40: =J40/L40 -> #DIV/0!
C41: Prosvent | D41: 766.15 | E41: 15 | F41: 14 | G41: =E41/F41 -> 1.0714286 | H41: =D41/E41 -> 51.076667 | I41: =H41/G41 -> 47.671556 | J41: 56.99 | K41: 12059 | L41: 1 | M41: 67 | N41: =J41/M41 -> 0.85059701 | O41: =M41/J41 -> 1.1756448 | P41: =J41/D41 -> 0.074384912 | Q41: =M41/D41 -> 0.087450238 | R41: =D41-M41 -> 699.15 | S41: =J41/L41 -> 56.99
C42: SaniTru | D42: -10.91 | E42: 1 | F42: 1 | G42: =E42/F42 -> 1 | H42: =D42/E42 -> -10.91 | I42: =H42/G42 -> -10.91 | J42: 8.58 | K42: 10088 | L42: 1 | M42: 19.99 | N42: =J42/M42 -> 0.42921461 | O42: =M42/J42 -> 2.3298368 | P42: =J42/D42 -> -0.78643446 | Q42: =M42/D42 -> -1.832264 | R42: =D42-M42 -> -30.9 | S42: =J42/L42 -> 8.58
C43: Rotorazer Saw | D43: 299.9 | E43: 2 | F43: 3 | G43: =E43/F43 -> 0.66666667 | H43: =D43/E43 -> 149.95 | I43: =H43/G43 -> 224.925 | J43: 19.96 | K43: 26977 | L43: 0 | M43: 0 | N43: =J43/M43 -> #DIV/0! | O43: =M43/J43 -> 0 | P43: =J43/D43 -> 0.066555519 | Q43: =M43/D43 -> 0 | R43: =D43-M43 -> 299.9 | S43: =J43/L43 -> #DIV/0!
C44: Superthotics | D44: 0 | E44: 0 | F44: 0 | G44: =E44/F44 -> #DIV/0! | H44: =D44/E44 -> #DIV/0! | I44: =H44/G44 -> #DIV/0! | J44: 1.02 | K44: 12691 | L44: 0 | M44: 0 | N44: =J44/M44 -> #DIV/0! | O44: =M44/J44 -> 0 | P44: =J44/D44 -> #DIV/0! | Q44: =M44/D44 -> #DIV/0! | R44: =D44-M44 -> 0 | S44: =J44/L44 -> #DIV/0!
C45: Therabotanics | D45: 79.8 | E45: 4 | F45: 2 | G45: =E45/F45 -> 2 | H45: =D45/E45 -> 19.95 | I45: =H45/G45 -> 9.975 | J45: 0 | K45: 0 | L45: 0 | M45: 0 | N45: =J45/M45 -> #DIV/0! | O45: =M45/J45 -> #DIV/0! | P45: =J45/D45 -> 0 | Q45: =M45/D45 -> 0 | R45: =D45-M45 -> 79.8 | S45: =J45/L45 -> #DIV/0!
C46: WALKFIT | D46: 359.6 | E46: 10 | F46: 12 | G46: =E46/F46 -> 0.83333333 | H46: =D46/E46 -> 35.96 | I46: =H46/G46 -> 43.152 | J46: 98.1 | K46: 44788 | L46: 4 | M46: 143.84 | N46: =J46/M46 -> 0.68200779 | O46: =M46/J46 -> 1.4662589 | P46: =J46/D46 -> 0.27280311 | Q46: =M46/D46 -> 0.4 | R46: =D46-M46 -> 215.76 | S46: =J46/L46 -> 24.525
A47: =IFERROR(IF(B47>0,MONTH(B47)&"-"&YEAR(B47),B47),) -> 12-2024 | B47: 45654 | C47: AromaTru | D47: 0 | E47: 0 | F47: 0 | G47: =E47/F47 -> #DIV/0! | H47: =D47/E47 -> #DIV/0! | I47: =H47/G47 -> #DIV/0! | J47: 0.62 | K47: 8458 | L47: 0 | M47: 0 | N47: =J47/M47 -> #DIV/0! | O47: =M47/J47 -> 0 | P47: =J47/D47 -> #DIV/0! | Q47: =M47/D47 -> #DIV/0! | R47: =D47-M47 -> 0 | S47: =J47/L47 -> #DIV/0!
A48: =IFERROR(IF(B48>0,MONTH(B48)&"-"&YEAR(B48),B48),) -> 0 | B48: 2024 - Week 52 | D48: =SUM(D31:D47) -> 21475.38 | E48: =SUM(E31:E47) -> 129 | F48: =SUM(F31:F47) -> 131 | G48: =E48/F48 -> 0.98473282 | H48: =D48/E48 -> 166.47581 | I48: =H48/G48 -> 169.05683 | J48: =SUM(J31:J47) -> 902.48 | K48: =SUM(K31:K47) -> 367662 | L48: =SUM(L31:L47) -> 22 | M48: =SUM(M31:M47) -> 4541.92 | N48: =J48/M48 -> 0.19870011 | O48: =M48/J48 -> 5.0327099 | P48: =J48/D48 -> 0.042023936 | Q48: =M48/D48 -> 0.21149428 | R48: =SUM(R31:R47) -> 16933.46 | S48: =J48/L48 -> 41.021818 | T48: =IFERROR((D48-#REF!)/D48,) -> 0 | U48: =IFERROR((E48-#REF!)/E48,) -> 0 | V48: =IFERROR((D48-monthly_reporting_2021!D49)/D48, ) -> 1 | W48: =IFERROR((E48-monthly_reporting_2021!E49)/E48, ) -> 1
B49: 45655 | C49: AirDoctor | D49: 8188.57 | E49: 27 | F49: 28 | G49: =E49/F49 -> 0.96428571 | H49: =D49/E49 -> 303.28037 | I49: =H49/G49 -> 314.51298 | J49: 129.44 | K49: 29413 | L49: 10 | M49: 1910.85 | N49: =J49/M49 -> 0.067739488 | O49: =M49/J49 -> 14.762438 | P49: =J49/D49 -> 0.0158074 | Q49: =M49/D49 -> 0.23335576 | R49: =D49-M49 -> 6277.72 | S49: =J49/L49 -> 12.944
C50: AquaTru | D50: 6119.25 | E50: 47 | F50: 52 | G50: =E50/F50 -> 0.90384615 | H50: =D50/E50 -> 130.19681 | I50: =H50/G50 -> 144.04753 | J50: 150.31 | K50: 24899 | L50: 2 | M50: 59.95 | N50: =J50/M50 -> 2.507256 | O50: =M50/J50 -> 0.39884239 | P50: =J50/D50 -> 0.024563468 | Q50: =M50/D50 -> 0.0097969522 | R50: =D50-M50 -> 6059.3 | S50: =J50/L50 -> 75.155
C51: Beflexible | D51: 0 | E51: 0 | F51: 0 | G51: =E51/F51 -> #DIV/0! | H51: =D51/E51 -> #DIV/0! | I51: =H51/G51 -> #DIV/0! | J51: 0 | K51: 0 | L51: 0 | M51: 0 | N51: =J51/M51 -> #DIV/0! | O51: =M51/J51 -> #DIV/0! | P51: =J51/D51 -> #DIV/0! | Q51: =M51/D51 -> #DIV/0! | R51: =D51-M51 -> 0 | S51: =J51/L51 -> #DIV/0!
C52: Better Bladder | D52: 0 | E52: 0 | F52: 0 | G52: =E52/F52 -> #DIV/0! | H52: =D52/E52 -> #DIV/0! | I52: =H52/G52 -> #DIV/0! | J52: 0 | K52: 0 | L52: 0 | M52: 0 | N52: =J52/M52 -> #DIV/0! | O52: =M52/J52 -> #DIV/0! | P52: =J52/D52 -> #DIV/0! | Q52: =M52/D52 -> #DIV/0! | R52: =D52-M52 -> 0 | S52: =J52/L52 -> #DIV/0!
C53: Cebria | D53: 39 | E53: 1 | F53: 1 | G53: =E53/F53 -> 1 | H53: =D53/E53 -> 39 | I53: =H53/G53 -> 39 | J53: 0 | K53: 0 | L53: 0 | M53: 0 | N53: =J53/M53 -> #DIV/0! | O53: =M53/J53 -> #DIV/0! | P53: =J53/D53 -> 0 | Q53: =M53/D53 -> 0 | R53: =D53-M53 -> 39 | S53: =J53/L53 -> #DIV/0!
C54: GA Grown American | D54: 0 | E54: 0 | F54: 0 | G54: =E54/F54 -> #DIV/0! | H54: =D54/E54 -> #DIV/0! | I54: =H54/G54 -> #DIV/0! | J54: 63.85 | K54: 9126 | L54: 0 | M54: 0 | N54: =J54/M54 -> #DIV/0! | O54: =M54/J54 -> 0 | P54: =J54/D54 -> #DIV/0! | Q54: =M54/D54 -> #DIV/0! | R54: =D54-M54 -> 0 | S54: =J54/L54 -> #DIV/0!
C55: Ideal Prostate | D55: 559.6 | E55: 8 | F55: 8 | G55: =E55/F55 -> 1 | H55: =D55/E55 -> 69.95 | I55: =H55/G55 -> 69.95 | J55: 109.95 | K55: 4948 | L55: 2 | M55: 139.9 | N55: =J55/M55 -> 0.78591851 | O55: =M55/J55 -> 1.2723965 | P55: =J55/D55 -> 0.19647963 | Q55: =M55/D55 -> 0.25 | R55: =D55-M55 -> 419.7 | S55: =J55/L55 -> 54.975
B56: to | C56: Miracle Blade | D56: 787.34 | E56: 15 | F56: 17 | G56: =E56/F56 -> 0.88235294 | H56: =D56/E56 -> 52.489333 | I56: =H56/G56 -> 59.487911 | J56: 181.4 | K56: 21748 | L56: 4 | M56: 86.24 | N56: =J56/M56 -> 2.1034323 | O56: =M56/J56 -> 0.47541345 | P56: =J56/D56 -> 0.23039602 | Q56: =M56/D56 -> 0.10953337 | R56: =D56-M56 -> 701.1 | S56: =J56/L56 -> 45.35
C57: Paint Zoom | D57: 0 | E57: 0 | F57: 0 | G57: =E57/F57 -> #DIV/0! | H57: =D57/E57 -> #DIV/0! | I57: =H57/G57 -> #DIV/0! | J57: 110.73 | K57: 148952 | L57: 0 | M57: 0 | N57: =J57/M57 -> #DIV/0! | O57: =M57/J57 -> 0 | P57: =J57/D57 -> #DIV/0! | Q57: =M57/D57 -> #DIV/0! | R57: =D57-M57 -> 0 | S57: =J57/L57 -> #DIV/0!
C58: Profemin | D58: 219.8 | E58: 4 | F58: 4 | G58: =E58/F58 -> 1 | H58: =D58/E58 -> 54.95 | I58: =H58/G58 -> 54.95 | J58: 0 | K58: 0 | L58: 0 | M58: 0 | N58: =J58/M58 -> #DIV/0! | O58: =M58/J58 -> #DIV/0! | P58: =J58/D58 -> 0 | Q58: =M58/D58 -> 0 | R58: =D58-M58 -> 219.8 | S58: =J58/L58 -> #DIV/0!
C59: Prosvent | D59: 2148.25 | E59: 30 | F59: 29 | G59: =E59/F59 -> 1.0344828 | H59: =D59/E59 -> 71.608333 | I59: =H59/G59 -> 69.221389 | J59: 95.12 | K59: 24865 | L59: 5 | M59: 381.85 | N59: =J59/M59 -> 0.24910305 | O59: =M59/J59 -> 4.0144029 | P59: =J59/D59 -> 0.044277901 | Q59: =M59/D59 -> 0.17774933 | R59: =D59-M59 -> 1766.4 | S59: =J59/L59 -> 19.024
C60: SaniTru | D60: 59.97 | E60: 3 | F60: 2 | G60: =E60/F60 -> 1.5 | H60: =D60/E60 -> 19.99 | I60: =H60/G60 -> 13.326667 | J60: 23.38 | K60: 15937 | L60: 4 | M60: 59.97 | N60: =J60/M60 -> 0.3898616 | O60: =M60/J60 -> 2.5650128 | P60: =J60/D60 -> 0.3898616 | Q60: =M60/D60 -> 1 | R60: =D60-M60 -> 0 | S60: =J60/L60 -> 5.845
C61: Rotorazer Saw | D61: 195 | E61: 1 | F61: 1 | G61: =E61/F61 -> 1 | H61: =D61/E61 -> 195 | I61: =H61/G61 -> 195 | J61: 27.6 | K61: 25799 | L61: 0 | M61: 0 | N61: =J61/M61 -> #DIV/0! | O61: =M61/J61 -> 0 | P61: =J61/D61 -> 0.14153846 | Q61: =M61/D61 -> 0 | R61: =D61-M61 -> 195 | S61: =J61/L61 -> #DIV/0!
C62: Superthotics | D62: 59.95 | E62: 1 | F62: 1 | G62: =E62/F62 -> 1 | H62: =D62/E62 -> 59.95 | I62: =H62/G62 -> 59.95 | J62: 4.81 | K62: 3791 | L62: 0 | M62: 0 | N62: =J62/M62 -> #DIV/0! | O62: =M62/J62 -> 0 | P62: =J62/D62 -> 0.080233528 | Q62: =M62/D62 -> 0 | R62: =D62-M62 -> 59.95 | S62: =J62/L62 -> #DIV/0!
C63: Therabotanics | D63: 679.4 | E63: 12 | F63: 9 | G63: =E63/F63 -> 1.3333333 | H63: =D63/E63 -> 56.616667 | I63: =H63/G63 -> 42.4625 | J63: 0 | K63: 0 | L63: 0 | M63: 0 | N63: =J63/M63 -> #DIV/0! | O63: =M63/J63 -> #DIV/0! | P63: =J63/D63 -> 0 | Q63: =M63/D63 -> 0 | R63: =D63-M63 -> 679.4 | S63: =J63/L63 -> #DIV/0!
C64: WALKFIT | D64: 303.85 | E64: 8 | F64: 15 | G64: =E64/F64 -> 0.53333333 | H64: =D64/E64 -> 37.98125 | I64: =H64/G64 -> 71.214844 | J64: 128.01 | K64: 45345 | L64: 8 | M64: 251.72 | N64: =J64/M64 -> 0.50854124 | O64: =M64/J64 -> 1.9664089 | P64: =J64/D64 -> 0.4212934 | Q64: =M64/D64 -> 0.82843508 | R64: =D64-M64 -> 52.13 | S64: =J64/L64 -> 16.00125
A65: =IFERROR(IF(B65>0,MONTH(B65)&"-"&YEAR(B65),B65),) -> 1-2025 | B65: 45661 | C65: AromaTru | D65: 156.76 | E65: 1 | F65: 1 | G65: =E65/F65 -> 1 | H65: =D65/E65 -> 156.76 | I65: =H65/G65 -> 156.76 | J65: 2.28 | K65: 7662 | L65: 0 | M65: 0 | N65: =J65/M65 -> #DIV/0! | O65: =M65/J65 -> 0 | P65: =J65/D65 -> 0.014544527 | Q65: =M65/D65 -> 0 | R65: =D65-M65 -> 156.76 | S65: =J65/L65 -> #DIV/0!
A66: =IFERROR(IF(B66>0,MONTH(B66)&"-"&YEAR(B66),B66),) -> 0 | B66: 2025 - Week 1 | D66: =SUM(D49:D65) -> 19516.74 | E66: =SUM(E49:E65) -> 158 | F66: =SUM(F49:F65) -> 168 | G66: =E66/F66 -> 0.94047619 | H66: =D66/E66 -> 123.52367 | I66: =H66/G66 -> 131.34162 | J66: =SUM(J49:J65) -> 1026.88 | K66: =SUM(K49:K65) -> 362485 | L66: =SUM(L49:L65) -> 35 | M66: =SUM(M49:M65) -> 2890.48 | N66: =J66/M66 -> 0.35526279 | O66: =M66/J66 -> 2.8148177 | P66: =J66/D66 -> 0.052615345 | Q66: =M66/D66 -> 0.1481026 | R66: =SUM(R49:R65) -> 16626.26 | S66: =J66/L66 -> 29.339429 | T66: =IFERROR((D66-#REF!)/D66,) -> 0 | U66: =IFERROR((E66-#REF!)/E66,) -> 0 | V66: =IFERROR((D66-monthly_reporting_2021!D49)/D66, ) -> 1 | W66: =IFERROR((E66-monthly_reporting_2021!E49)/E66, ) -> 1
B67: 45662 | C67: AirDoctor | D67: 7753.96 | E67: 24 | F67: 26 | G67: =E67/F67 -> 0.92307692 | H67: =D67/E67 -> 323.08167 | I67: =H67/G67 -> 350.00514 | J67: 169.02 | K67: 44579 | L67: 16 | M67: 933.8 | N67: =J67/M67 -> 0.18100236 | O67: =M67/J67 -> 5.52479 | P67: =J67/D67 -> 0.021797894 | Q67: =M67/D67 -> 0.12042879 | R67: =D67-M67 -> 6820.16 | S67: =J67/L67 -> 10.56375
C68: AquaTru | D68: 1654.48 | E68: 21 | F68: 27 | G68: =E68/F68 -> 0.77777778 | H68: =D68/E68 -> 78.784762 | I68: =H68/G68 -> 101.29469 | J68: 104.29 | K68: 25301 | L68: 4 | M68: 951.9 | N68: =J68/M68 -> 0.10955983 | O68: =M68/J68 -> 9.1274331 | P68: =J68/D68 -> 0.063034911 | Q68: =M68/D68 -> 0.57534694 | R68: =D68-M68 -> 702.58 | S68: =J68/L68 -> 26.0725
C69: Beflexible | D69: 0 | E69: 0 | F69: 0 | G69: =E69/F69 -> #DIV/0! | H69: =D69/E69 -> #DIV/0! | I69: =H69/G69 -> #DIV/0! | J69: 0 | K69: 0 | L69: 0 | M69: 0 | N69: =J69/M69 -> #DIV/0! | O69: =M69/J69 -> #DIV/0! | P69: =J69/D69 -> #DIV/0! | Q69: =M69/D69 -> #DIV/0! | R69: =D69-M69 -> 0 | S69: =J69/L69 -> #DIV/0!
C70: Better Bladder | D70: 0 | E70: 0 | F70: 0 | G70: =E70/F70 -> #DIV/0! | H70: =D70/E70 -> #DIV/0! | I70: =H70/G70 -> #DIV/0! | J70: 0 | K70: 0 | L70: 0 | M70: 0 | N70: =J70/M70 -> #DIV/0! | O70: =M70/J70 -> #DIV/0! | P70: =J70/D70 -> #DIV/0! | Q70: =M70/D70 -> #DIV/0! | R70: =D70-M70 -> 0 | S70: =J70/L70 -> #DIV/0!
C71: Cebria | D71: 0 | E71: 0 | F71: 0 | G71: =E71/F71 -> #DIV/0! | H71: =D71/E71 -> #DIV/0! | I71: =H71/G71 -> #DIV/0! | J71: 0 | K71: 0 | L71: 0 | M71: 0 | N71: =J71/M71 -> #DIV/0! | O71: =M71/J71 -> #DIV/0! | P71: =J71/D71 -> #DIV/0! | Q71: =M71/D71 -> #DIV/0! | R71: =D71-M71 -> 0 | S71: =J71/L71 -> #DIV/0!
C72: GA Grown American | D72: 64.95 | E72: 1 | F72: 1 | G72: =E72/F72 -> 1 | H72: =D72/E72 -> 64.95 | I72: =H72/G72 -> 64.95 | J72: 42.63 | K72: 7041 | L72: 3 | M72: 184.93 | N72: =J72/M72 -> 0.23051966 | O72: =M72/J72 -> 4.3380249 | P72: =J72/D72 -> 0.65635104 | Q72: =M72/D72 -> 2.8472671 | R72: =D72-M72 -> -119.98 | S72: =J72/L72 -> 14.21
C73: Ideal Prostate | D73: 929.86 | E73: 14 | F73: 14 | G73: =E73/F73 -> 1 | H73: =D73/E73 -> 66.418571 | I73: =H73/G73 -> 66.418571 | J73: 123.76 | K73: 5860 | L73: 3 | M73: 199.85 | N73: =J73/M73 -> 0.61926445 | O73: =M73/J73 -> 1.614819 | P73: =J73/D73 -> 0.1330953 | Q73: =M73/D73 -> 0.21492483 | R73: =D73-M73 -> 730.01 | S73: =J73/L73 -> 41.253333
B74: to | C74: Miracle Blade | D74: 1117.44 | E74: 19 | F74: 20 | G74: =E74/F74 -> 0.95 | H74: =D74/E74 -> 58.812632 | I74: =H74/G74 -> 61.908033 | J74: 143.4 | K74: 20285 | L74: 7 | M74: 107.8 | N74: =J74/M74 -> 1.3302412 | O74: =M74/J74 -> 0.75174338 | P74: =J74/D74 -> 0.12832904 | Q74: =M74/D74 -> 0.096470504 | R74: =D74-M74 -> 1009.64 | S74: =J74/L74 -> 20.485714
C75: Paint Zoom | D75: 99.95 | E75: 1 | F75: 1 | G75: =E75/F75 -> 1 | H75: =D75/E75 -> 99.95 | I75: =H75/G75 -> 99.95 | J75: 108.68 | K75: 119332 | L75: 0 | M75: 0 | N75: =J75/M75 -> #DIV/0! | O75: =M75/J75 -> 0 | P75: =J75/D75 -> 1.0873437 | Q75: =M75/D75 -> 0 | R75: =D75-M75 -> 99.95 | S75: =J75/L75 -> #DIV/0!
C76: Profemin | D76: -54.95 | E76: -1 | F76: 0 | G76: =E76/F76 -> #DIV/0! | H76: =D76/E76 -> 54.95 | I76: =H76/G76 -> #DIV/0! | J76: 0 | K76: 0 | L76: 0 | M76: 0 | N76: =J76/M76 -> #DIV/0! | O76: =M76/J76 -> #DIV/0! | P76: =J76/D76 -> 0 | Q76: =M76/D76 -> 0 | R76: =D76-M76 -> -54.95 | S76: =J76/L76 -> #DIV/0!
C77: Prosvent | D77: 2116.55 | E77: 32 | F77: 29 | G77: =E77/F77 -> 1.1034483 | H77: =D77/E77 -> 66.142188 | I77: =H77/G77 -> 59.941357 | J77: 119.38 | K77: 28955 | L77: 12 | M77: 1170.25 | N77: =J77/M77 -> 0.10201239 | O77: =M77/J77 -> 9.8027308 | P77: =J77/D77 -> 0.056403109 | Q77: =M77/D77 -> 0.55290449 | R77: =D77-M77 -> 946.3 | S77: =J77/L77 -> 9.9483333
C78: SaniTru | D78: 29.98 | E78: 2 | F78: 2 | G78: =E78/F78 -> 1 | H78: =D78/E78 -> 14.99 | I78: =H78/G78 -> 14.99 | J78: 16.17 | K78: 22820 | L78: 0 | M78: 0 | N78: =J78/M78 -> #DIV/0! | O78: =M78/J78 -> 0 | P78: =J78/D78 -> 0.53935957 | Q78: =M78/D78 -> 0 | R78: =D78-M78 -> 29.98 | S78: =J78/L78 -> #DIV/0!
C79: Rotorazer Saw | D79: 39 | E79: 0 | F79: 1 | G79: =E79/F79 -> 0 | H79: =D79/E79 -> #DIV/0! | I79: =H79/G79 -> #DIV/0! | J79: 13.25 | K79: 21425 | L79: 0 | M79: 0 | N79: =J79/M79 -> #DIV/0! | O79: =M79/J79 -> 0 | P79: =J79/D79 -> 0.33974359 | Q79: =M79/D79 -> 0 | R79: =D79-M79 -> 39 | S79: =J79/L79 -> #DIV/0!
C80: Superthotics | D80: 59.95 | E80: 1 | F80: 1 | G80: =E80/F80 -> 1 | H80: =D80/E80 -> 59.95 | I80: =H80/G80 -> 59.95 | J80: 4.85 | K80: 1339 | L80: 1 | M80: 59.95 | N80: =J80/M80 -> 0.080900751 | O80: =M80/J80 -> 12.360825 | P80: =J80/D80 -> 0.080900751 | Q80: =M80/D80 -> 1 | R80: =D80-M80 -> 0 | S80: =J80/L80 -> 4.85
C81: Therabotanics | D81: 419.93 | E81: 7 | F81: 6 | G81: =E81/F81 -> 1.1666667 | H81: =D81/E81 -> 59.99 | I81: =H81/G81 -> 51.42 | J81: 0 | K81: 37401 | L81: 0 | M81: 251.72 | N81: =J81/M81 -> 0 | O81: =M81/J81 -> #DIV/0! | P81: =J81/D81 -> 0 | Q81: =M81/D81 -> 0.59943324 | R81: =D81-M81 -> 168.21 | S81: =J81/L81 -> #DIV/0!
C82: WALKFIT | D82: 472.87 | E82: 13 | F82: 13 | G82: =E82/F82 -> 1 | H82: =D82/E82 -> 36.374615 | I82: =H82/G82 -> 36.374615 | J82: 120.98 | K82: 0 | L82: 8 | M82: 0 | N82: =J82/M82 -> #DIV/0! | O82: =M82/J82 -> 0 | P82: =J82/D82 -> 0.25584199 | Q82: =M82/D82 -> 0 | R82: =D82-M82 -> 472.87 | S82: =J82/L82 -> 15.1225
A83: =IFERROR(IF(B83>0,MONTH(B83)&"-"&YEAR(B83),B83),) -> 1-2025 | B83: 45668 | C83: AromaTru | D83: 0 | E83: 0 | F83: 0 | G83: =E83/F83 -> #DIV/0! | H83: =D83/E83 -> #DIV/0! | I83: =H83/G83 -> #DIV/0! | J83: 3.71 | K83: 6184 | L83: 0 | M83: 0 | N83: =J83/M83 -> #DIV/0! | O83: =M83/J83 -> 0 | P83: =J83/D83 -> #DIV/0! | Q83: =M83/D83 -> #DIV/0! | R83: =D83-M83 -> 0 | S83: =J83/L83 -> #DIV/0!
A84: =IFERROR(IF(B84>0,MONTH(B84)&"-"&YEAR(B84),B84),) -> 0 | B84: 2025 - Week 2 | D84: =SUM(D67:D83) -> 14703.97 | E84: =SUM(E67:E83) -> 134 | F84: =SUM(F67:F83) -> 141 | G84: =E84/F84 -> 0.95035461 | H84: =D84/E84 -> 109.73112 | I84: =H84/G84 -> 115.46334 | J84: =SUM(J67:J83) -> 970.12 | K84: =SUM(K67:K83) -> 340522 | L84: =SUM(L67:L83) -> 54 | M84: =SUM(M67:M83) -> 3860.2 | N84: =J84/M84 -> 0.2513134 | O84: =M84/J84 -> 3.9790954 | P84: =J84/D84 -> 0.06597674 | Q84: =M84/D84 -> 0.26252774 | R84: =SUM(R67:R83) -> 10843.77 | S84: =J84/L84 -> 17.965185 | T84: =IFERROR((D84-#REF!)/D84,) -> 0 | U84: =IFERROR((E84-#REF!)/E84,) -> 0 | V84: =IFERROR((D84-monthly_reporting_2021!D49)/D84, ) -> 1 | W84: =IFERROR((E84-monthly_reporting_2021!E49)/E84, ) -> 1
B85: 45669 | C85: AirDoctor | D85: 10610.64 | E85: 26 | F85: 31 | G85: =E85/F85 -> 0.83870968 | H85: =D85/E85 -> 408.10154 | I85: =H85/G85 -> 486.5826 | J85: 89.05 | K85: 25999 | L85: 10 | M85: 2795.9 | N85: =J85/M85 -> 0.031850209 | O85: =M85/J85 -> 31.396968 | P85: =J85/D85 -> 0.0083925192 | Q85: =M85/D85 -> 0.26349966 | R85: =D85-M85 -> 7814.74 | S85: =J85/L85 -> 8.905
C86: AquaTru | D86: -422.05 | E86: 14 | F86: 20 | G86: =E86/F86 -> 0.7 | H86: =D86/E86 -> -30.146429 | I86: =H86/G86 -> -43.066327 | J86: 129.86 | K86: 35081 | L86: 1 | M86: 0 | N86: =J86/M86 -> #DIV/0! | O86: =M86/J86 -> 0 | P86: =J86/D86 -> -0.30768866 | Q86: =M86/D86 -> 0 | R86: =D86-M86 -> -422.05 | S86: =J86/L86 -> 129.86
C87: Beflexible | D87: 0 | E87: 0 | F87: 0 | G87: =E87/F87 -> #DIV/0! | H87: =D87/E87 -> #DIV/0! | I87: =H87/G87 -> #DIV/0! | J87: 0 | K87: 0 | L87: 0 | M87: 0 | N87: =J87/M87 -> #DIV/0! | O87: =M87/J87 -> #DIV/0! | P87: =J87/D87 -> #DIV/0! | Q87: =M87/D87 -> #DIV/0! | R87: =D87-M87 -> 0 | S87: =J87/L87 -> #DIV/0!
C88: Better Bladder | D88: 251.8 | E88: 4 | F88: 2 | G88: =E88/F88 -> 2 | H88: =D88/E88 -> 62.95 | I88: =H88/G88 -> 31.475 | J88: 0 | K88: 0 | L88: 0 | M88: 0 | N88: =J88/M88 -> #DIV/0! | O88: =M88/J88 -> #DIV/0! | P88: =J88/D88 -> 0 | Q88: =M88/D88 -> 0 | R88: =D88-M88 -> 251.8 | S88: =J88/L88 -> #DIV/0!
C89: Cebria | D89: 0 | E89: 0 | F89: 0 | G89: =E89/F89 -> #DIV/0! | H89: =D89/E89 -> #DIV/0! | I89: =H89/G89 -> #DIV/0! | J89: 0 | K89: 0 | L89: 0 | M89: 0 | N89: =J89/M89 -> #DIV/0! | O89: =M89/J89 -> #DIV/0! | P89: =J89/D89 -> #DIV/0! | Q89: =M89/D89 -> #DIV/0! | R89: =D89-M89 -> 0 | S89: =J89/L89 -> #DIV/0!
C90: GA Grown American | D90: 0 | E90: 0 | F90: 0 | G90: =E90/F90 -> #DIV/0! | H90: =D90/E90 -> #DIV/0! | I90: =H90/G90 -> #DIV/0! | J90: 2.13 | K90: 1611 | L90: 0 | M90: 0 | N90: =J90/M90 -> #DIV/0! | O90: =M90/J90 -> 0 | P90: =J90/D90 -> #DIV/0! | Q90: =M90/D90 -> #DIV/0! | R90: =D90-M90 -> 0 | S90: =J90/L90 -> #DIV/0!
C91: Ideal Prostate | D91: 569.83 | E91: 9 | F91: 9 | G91: =E91/F91 -> 1 | H91: =D91/E91 -> 63.314444 | I91: =H91/G91 -> 63.314444 | J91: 302.46 | K91: 6203 | L91: 1 | M91: 69.95 | N91: =J91/M91 -> 4.3239457 | O91: =M91/J91 -> 0.23127025 | P91: =J91/D91 -> 0.53078988 | Q91: =M91/D91 -> 0.12275591 | R91: =D91-M91 -> 499.88 | S91: =J91/L91 -> 302.46
B92: to | C92: Miracle Blade | D92: 1344.93 | E92: 27 | F92: 26 | G92: =E92/F92 -> 1.0384615 | H92: =D92/E92 -> 49.812222 | I92: =H92/G92 -> 47.967325 | J92: 153.1 | K92: 17899 | L92: 8 | M92: 249.74 | N92: =J92/M92 -> 0.61303756 | O92: =M92/J92 -> 1.6312214 | P92: =J92/D92 -> 0.11383492 | Q92: =M92/D92 -> 0.18568996 | R92: =D92-M92 -> 1095.19 | S92: =J92/L92 -> 19.1375
C93: Paint Zoom | D93: 0 | E93: 0 | F93: 0 | G93: =E93/F93 -> #DIV/0! | H93: =D93/E93 -> #DIV/0! | I93: =H93/G93 -> #DIV/0! | J93: 73.57 | K93: 99519 | L93: 0 | M93: 0 | N93: =J93/M93 -> #DIV/0! | O93: =M93/J93 -> 0 | P93: =J93/D93 -> #DIV/0! | Q93: =M93/D93 -> #DIV/0! | R93: =D93-M93 -> 0 | S93: =J93/L93 -> #DIV/0!
C94: Profemin | D94: 54.95 | E94: 1 | F94: 1 | G94: =E94/F94 -> 1 | H94: =D94/E94 -> 54.95 | I94: =H94/G94 -> 54.95 | J94: 0 | K94: 0 | L94: 0 | M94: 0 | N94: =J94/M94 -> #DIV/0! | O94: =M94/J94 -> #DIV/0! | P94: =J94/D94 -> 0 | Q94: =M94/D94 -> 0 | R94: =D94-M94 -> 54.95 | S94: =J94/L94 -> #DIV/0!
C95: Prosvent | D95: 613.44 | E95: 15 | F95: 16 | G95: =E95/F95 -> 0.9375 | H95: =D95/E95 -> 40.896 | I95: =H95/G95 -> 43.6224 | J95: 39.18 | K95: 5351 | L95: 8 | M95: 524 | N95: =J95/M95 -> 0.074770992 | O95: =M95/J95 -> 13.37417 | P95: =J95/D95 -> 0.063869327 | Q95: =M95/D95 -> 0.85419927 | R95: =D95-M95 -> 89.44 | S95: =J95/L95 -> 4.8975
C96: SaniTru | D96: 49.95 | E96: 5 | F96: 4 | G96: =E96/F96 -> 1.25 | H96: =D96/E96 -> 9.99 | I96: =H96/G96 -> 7.992 | J96: 9.31 | K96: 24144 | L96: 2 | M96: 19.99 | N96: =J96/M96 -> 0.46573287 | O96: =M96/J96 -> 2.1471536 | P96: =J96/D96 -> 0.18638639 | Q96: =M96/D96 -> 0.4002002 | R96: =D96-M96 -> 29.96 | S96: =J96/L96 -> 4.655
C97: Rotorazer Saw | D97: 344 | E97: 2 | F97: 2 | G97: =E97/F97 -> 1 | H97: =D97/E97 -> 172 | I97: =H97/G97 -> 172 | J97: 16.25 | K97: 21537 | L97: 1 | M97: 195 | N97: =J97/M97 -> 0.083333333 | O97: =M97/J97 -> 12 | P97: =J97/D97 -> 0.047238372 | Q97: =M97/D97 -> 0.56686047 | R97: =D97-M97 -> 149 | S97: =J97/L97 -> 16.25
C98: Superthotics | D98: 0 | E98: 0 | F98: 0 | G98: =E98/F98 -> #DIV/0! | H98: =D98/E98 -> #DIV/0! | I98: =H98/G98 -> #DIV/0! | J98: 1.89 | K98: 1230 | L98: 0 | M98: 0 | N98: =J98/M98 -> #DIV/0! | O98: =M98/J98 -> 0 | P98: =J98/D98 -> #DIV/0! | Q98: =M98/D98 -> #DIV/0! | R98: =D98-M98 -> 0 | S98: =J98/L98 -> #DIV/0!
C99: Therabotanics | D99: 0 | E99: 0 | F99: 0 | G99: =E99/F99 -> #DIV/0! | H99: =D99/E99 -> #DIV/0! | I99: =H99/G99 -> #DIV/0! | J99: 0 | K99: 0 | L99: 0 | M99: 0 | N99: =J99/M99 -> #DIV/0! | O99: =M99/J99 -> #DIV/0! | P99: =J99/D99 -> #DIV/0! | Q99: =M99/D99 -> #DIV/0! | R99: =D99-M99 -> 0 | S99: =J99/L99 -> #DIV/0!
C100: WALKFIT | D100: 940.35 | E100: 26 | F100: 25 | G100: =E100/F100 -> 1.04 | H100: =D100/E100 -> 36.167308 | I100: =H100/G100 -> 34.776257 | J100: 111.95 | K100: 38466 | L100: 14 | M100: 323.64 | N100: =J100/M100 -> 0.34590903 | O100: =M100/J100 -> 2.8909335 | P100: =J100/D100 -> 0.11905142 | Q100: =M100/D100 -> 0.34416972 | R100: =D100-M100 -> 616.71 | S100: =J100/L100 -> 7.9964286
A101: =IFERROR(IF(B101>0,MONTH(B101)&"-"&YEAR(B101),B101),) -> 1-2025 | B101: 45675 | C101: AromaTru | D101: 0 | E101: 0 | F101: 0 | G101: =E101/F101 -> #DIV/0! | H101: =D101/E101 -> #DIV/0! | I101: =H101/G101 -> #DIV/0! | J101: 5.13 | K101: 7342 | L101: 0 | M101: 0 | N101: =J101/M101 -> #DIV/0! | O101: =M101/J101 -> 0 | P101: =J101/D101 -> #DIV/0! | Q101: =M101/D101 -> #DIV/0! | R101: =D101-M101 -> 0 | S101: =J101/L101 -> #DIV/0!
A102: =IFERROR(IF(B102>0,MONTH(B102)&"-"&YEAR(B102),B102),) -> 0 | B102: 2025 - Week 3 | D102: =SUM(D85:D101) -> 14357.84 | E102: =SUM(E85:E101) -> 129 | F102: =SUM(F85:F101) -> 136 | G102: =E102/F102 -> 0.94852941 | H102: =D102/E102 -> 111.30109 | I102: =H102/G102 -> 117.34068 | J102: =SUM(J85:J101) -> 933.88 | K102: =SUM(K85:K101) -> 284382 | L102: =SUM(L85:L101) -> 45 | M102: =SUM(M85:M101) -> 4178.22 | N102: =J102/M102 -> 0.22351145 | O102: =M102/J102 -> 4.4740438 | P102: =J102/D102 -> 0.06504321 | Q102: =M102/D102 -> 0.29100617 | R102: =SUM(R85:R101) -> 10179.62 | S102: =J102/L102 -> 20.752889 | T102: =IFERROR((D102-#REF!)/D102,) -> 0 | U102: =IFERROR((E102-#REF!)/E102,) -> 0 | V102: =IFERROR((D102-monthly_reporting_2021!D49)/D102, ) -> 1 | W102: =IFERROR((E102-monthly_reporting_2021!E49)/E102, ) -> 1
...

Sheet WALMART_weekly_reporting_2024-B
A1: WALMART - DATA SOURCES: https://seller.walmart.com/analytics/overview/item-sale; https://seller.walmart.com/analytics/reports; And Intentwise
C2: WEEKLY PERFORMANCE | X2: =(#REF!+#REF!+#REF!+#REF!)-(monthly_reporting_2021!D17+monthly_reporting_2021!D23+monthly_reporting_2021!D29+monthly_reporting_2021!D35) -> #REF! | Y2: =((#REF!+#REF!+#REF!+#REF!)-(monthly_reporting_2021!E17+monthly_reporting_2021!E23+monthly_reporting_2021!E29+monthly_reporting_2021!E35))/(#REF!+#REF!+#REF!+#REF!) -> #REF!
C3: Total Sales | F3: Total Orders | K3: Total Units Sold
C4: =VLOOKUP("Current Week",$B$11:$X$266,MATCH("SALES",$B$11:$X$11,0),FALSE) -> 21475.38 | F4: =VLOOKUP("Current Week",$B$11:$X$266,MATCH("Units Sold",$B$11:$X$11,0),FALSE) -> 129 | K4: =VLOOKUP("Current Week",$B$11:$X$266,MATCH("Ordered Items",$B$11:$X$11,0),FALSE) -> 131
C5: =(C4-(VLOOKUP("Previous Week",$B$11:$X$270,MATCH("SALES",$B$11:$X$11,0),FALSE)))/C4 -> -0.086992174 | F5: =(F4-(VLOOKUP("Previous Week",$B$11:$X$270,MATCH("Units Sold",$B$11:$X$11,0),FALSE)))/F4 -> -0.1627907 | K5: =(K4-(VLOOKUP("Previous Week",$B$11:$X$270,MATCH("Ordered Items",$B$11:$X$11,0),FALSE)))/K4 -> -0.20610687
C7: Advertising Sales | F7: Advertising Spend | K7: ACoS
C8: =VLOOKUP("Current Week",$B$11:$X$266,MATCH("AD SALES",$B$11:$X$11,0),FALSE) -> 4541.92 | F8: =VLOOKUP("Current Week",$B$11:$X$266,MATCH("SP AD SPEND",$B$11:$X$11,0),FALSE) -> 902.48 | K8: =F8/C8 -> 0.19870011
C9: =(C8-(VLOOKUP("Previous Week",$B$11:$X$270,MATCH("AD SALES",$B$11:$X$11,0),FALSE)))/C8 -> -0.11325607 | F9: =(F8-(VLOOKUP("Previous Week",$B$11:$X$270,MATCH("SP AD SPEND",$B$11:$X$11,0),FALSE)))/F8 -> -0.13451822 | K9: =(K8-(VLOOKUP("Previous Week",$B$11:$X$270,MATCH("ACOS",$B$11:$X$11,0),FALSE)))/K8 -> -0.019099064
D10: SALES METRICS | L10: ADVERTISING PERFORMANCE | V10: MoM | X10: YoY
A11: Month-Code | B11: DATE | C11: BRAND | D11: SALES | E11: UNITS SOLD | F11: ORDERED ITEMS | G11: UNITS PER ORDER | H11: SALES PER ORDER | I11: ASP | J11: SP AD SPEND | K11: IMPRESSIONS | L11: UNIT SALES | M11: AD SALES | N11: ACoS | O11: ROAS (return on ad send) | P11: TACoS (Total Advertsing Cost of Sales) | Q11: REVENUE PERCENTAGE OF AD SALES | R11: ORGANIC SALES | S11: CPO | T11: SALES | U11: UNITS | V11: SALES | W11: UNITS
A13: =IFERROR(IF(B13>0,MONTH(B13)&"-"&YEAR(B13),B13),) -> 9-2024 | B13: 45557 | C13: AirDoctor | G13: =E13/F13 -> #DIV/0! | H13: =D13/E13 -> #DIV/0! | I13: =H13/G13 -> #DIV/0! | N13: =J13/M13 -> #DIV/0! | O13: =M13/J13 -> #DIV/0! | P13: =J13/D13 -> #DIV/0! | Q13: =M13/D13 -> #DIV/0! | R13: =D13-M13 -> 0 | S13: =J13/L13 -> #DIV/0!
C14: AquaTru | G14: =E14/F14 -> #DIV/0! | H14: =D14/E14 -> #DIV/0! | I14: =H14/G14 -> #DIV/0! | N14: =J14/M14 -> #DIV/0! | O14: =M14/J14 -> #DIV/0! | P14: =J14/D14 -> #DIV/0! | Q14: =M14/D14 -> #DIV/0! | R14: =D14-M14 -> 0 | S14: =J14/L14 -> #DIV/0!
C15: GA Grown American | G15: =E15/F15 -> #DIV/0! | H15: =D15/E15 -> #DIV/0! | I15: =H15/G15 -> #DIV/0! | N15: =J15/M15 -> #DIV/0! | O15: =M15/J15 -> #DIV/0! | P15: =J15/D15 -> #DIV/0! | Q15: =M15/D15 -> #DIV/0! | R15: =D15-M15 -> 0 | S15: =J15/L15 -> #DIV/0!
C16: Ideal Prostate | G16: =E16/F16 -> #DIV/0! | H16: =D16/E16 -> #DIV/0! | I16: =H16/G16 -> #DIV/0! | N16: =J16/M16 -> #DIV/0! | O16: =M16/J16 -> #DIV/0! | P16: =J16/D16 -> #DIV/0! | Q16: =M16/D16 -> #DIV/0! | R16: =D16-M16 -> 0 | S16: =J16/L16 -> #DIV/0!
C17: Miracle Blade | G17: =E17/F17 -> #DIV/0! | H17: =D17/E17 -> #DIV/0! | I17: =H17/G17 -> #DIV/0! | N17: =J17/M17 -> #DIV/0! | O17: =M17/J17 -> #DIV/0! | P17: =J17/D17 -> #DIV/0! | Q17: =M17/D17 -> #DIV/0! | R17: =D17-M17 -> 0 | S17: =J17/L17 -> #DIV/0!
C18: Paint Zoom | G18: =E18/F18 -> #DIV/0! | H18: =D18/E18 -> #DIV/0! | I18: =H18/G18 -> #DIV/0! | N18: =J18/M18 -> #DIV/0! | O18: =M18/J18 -> #DIV/0! | P18: =J18/D18 -> #DIV/0! | Q18: =M18/D18 -> #DIV/0! | R18: =D18-M18 -> 0 | S18: =J18/L18 -> #DIV/0!
C19: Profemin | G19: =E19/F19 -> #DIV/0! | H19: =D19/E19 -> #DIV/0! | I19: =H19/G19 -> #DIV/0! | N19: =J19/M19 -> #DIV/0! | O19: =M19/J19 -> #DIV/0! | P19: =J19/D19 -> #DIV/0! | Q19: =M19/D19 -> #DIV/0! | R19: =D19-M19 -> 0 | S19: =J19/L19 -> #DIV/0!
C20: Prosvent | G20: =E20/F20 -> #DIV/0! | H20: =D20/E20 -> #DIV/0! | I20: =H20/G20 -> #DIV/0! | N20: =J20/M20 -> #DIV/0! | O20: =M20/J20 -> #DIV/0! | P20: =J20/D20 -> #DIV/0! | Q20: =M20/D20 -> #DIV/0! | R20: =D20-M20 -> 0 | S20: =J20/L20 -> #DIV/0!
C21: Rotorazer Saw | G21: =E21/F21 -> #DIV/0! | H21: =D21/E21 -> #DIV/0! | I21: =H21/G21 -> #DIV/0! | N21: =J21/M21 -> #DIV/0! | O21: =M21/J21 -> #DIV/0! | P21: =J21/D21 -> #DIV/0! | Q21: =M21/D21 -> #DIV/0! | R21: =D21-M21 -> 0 | S21: =J21/L21 -> #DIV/0!
C22: Superthotics | G22: =E22/F22 -> #DIV/0! | H22: =D22/E22 -> #DIV/0! | I22: =H22/G22 -> #DIV/0! | N22: =J22/M22 -> #DIV/0! | O22: =M22/J22 -> #DIV/0! | P22: =J22/D22 -> #DIV/0! | Q22: =M22/D22 -> #DIV/0! | R22: =D22-M22 -> 0 | S22: =J22/L22 -> #DIV/0!
C23: Therabotanics | G23: =E23/F23 -> #DIV/0! | H23: =D23/E23 -> #DIV/0! | I23: =H23/G23 -> #DIV/0! | N23: =J23/M23 -> #DIV/0! | O23: =M23/J23 -> #DIV/0! | P23: =J23/D23 -> #DIV/0! | Q23: =M23/D23 -> #DIV/0! | R23: =D23-M23 -> 0 | S23: =J23/L23 -> #DIV/0!
A24: =IFERROR(IF(B24>0,MONTH(B24)&"-"&YEAR(B24),B24),) -> 9-2024 | B24: 45563 | C24: WALKFIT | G24: =E24/F24 -> #DIV/0! | H24: =D24/E24 -> #DIV/0! | I24: =H24/G24 -> #DIV/0! | N24: =J24/M24 -> #DIV/0! | O24: =M24/J24 -> #DIV/0! | P24: =J24/D24 -> #DIV/0! | Q24: =M24/D24 -> #DIV/0! | R24: =D24-M24 -> 0 | S24: =J24/L24 -> #DIV/0!
A25: =IFERROR(IF(B25>0,MONTH(B25)&"-"&YEAR(B25),B25),) -> 0 | B25: Week 39 | D25: =SUM(D13:D24) -> 0 | E25: =SUM(E13:E24) -> 0 | F25: =SUM(F13:F24) -> 0 | G25: =E25/F25 -> #DIV/0! | H25: =D25/E25 -> #DIV/0! | I25: =H25/G25 -> #DIV/0! | J25: =SUM(J13:J24) -> 0 | K25: =SUM(K13:K24) -> 0 | L25: =SUM(L13:L24) -> 0 | M25: =SUM(M13:M24) -> 0 | N25: =J25/M25 -> #DIV/0! | O25: =M25/J25 -> #DIV/0! | P25: =J25/D25 -> #DIV/0! | Q25: =M25/D25 -> #DIV/0! | R25: =SUM(R13:R24) -> 0 | S25: =J25/L25 -> #DIV/0! | T25: =IFERROR((D25-#REF!)/D25,) -> 0 | U25: =IFERROR((E25-#REF!)/E25,) -> 0 | V25: =IFERROR((D25-monthly_reporting_2021!D49)/D25, ) -> 0 | W25: =IFERROR((E25-monthly_reporting_2021!E49)/E25, ) -> 0
A26: =IFERROR(IF(B26>0,MONTH(B26)&"-"&YEAR(B26),B26),) -> 9-2024 | B26: 45564 | C26: AirDoctor | D26: 803.8 | E26: 5 | F26: 6 | G26: =E26/F26 -> 0.83333333 | H26: =D26/E26 -> 160.76 | I26: =H26/G26 -> 192.912 | J26: 65.67 | K26: 13527 | L26: 3 | M26: 389 | N26: =J26/M26 -> 0.16881748 | O26: =M26/J26 -> 5.9235572 | P26: =J26/D26 -> 0.081699428 | Q26: =M26/D26 -> 0.48395123 | R26: =D26-M26 -> 414.8 | S26: =J26/L26 -> 21.89
C27: AquaTru | D27: 1080.7 | E27: 14 | F27: 11 | G27: =E27/F27 -> 1.2727273 | H27: =D27/E27 -> 77.192857 | I27: =H27/G27 -> 60.651531 | J27: 1 | K27: 1334 | L27: 0 | M27: 0 | N27: =J27/M27 -> #DIV/0! | O27: =M27/J27 -> 0 | P27: =J27/D27 -> 0.00092532618 | Q27: =M27/D27 -> 0 | R27: =D27-M27 -> 1080.7 | S27: =J27/L27 -> #DIV/0!
C28: Beflexible | D28: 0 | E28: 0 | F28: 0 | G28: =E28/F28 -> #DIV/0! | H28: =D28/E28 -> #DIV/0! | I28: =H28/G28 -> #DIV/0! | J28: 0 | K28: 0 | L28: 0 | M28: 0 | N28: =J28/M28 -> #DIV/0! | O28: =M28/J28 -> #DIV/0! | P28: =J28/D28 -> #DIV/0! | Q28: =M28/D28 -> #DIV/0! | R28: =D28-M28 -> 0 | S28: =J28/L28 -> #DIV/0!
C29: Better Bladder | D29: 899.25 | E29: 15 | F29: 10 | G29: =E29/F29 -> 1.5 | H29: =D29/E29 -> 59.95 | I29: =H29/G29 -> 39.966667 | J29: 54.67 | K29: 4307 | L29: 7 | M29: 419.65 | N29: =J29/M29 -> 0.13027523 | O29: =M29/J29 -> 7.6760563 | P29: =J29/D29 -> 0.060795107 | Q29: =M29/D29 -> 0.46666667 | R29: =D29-M29 -> 479.6 | S29: =J29/L29 -> 7.81
C30: Cebria | D30: 0 | E30: 0 | F30: 0 | G30: =E30/F30 -> #DIV/0! | H30: =D30/E30 -> #DIV/0! | I30: =H30/G30 -> #DIV/0! | J30: 0 | K30: 0 | L30: 0 | M30: 0 | N30: =J30/M30 -> #DIV/0! | O30: =M30/J30 -> #DIV/0! | P30: =J30/D30 -> #DIV/0! | Q30: =M30/D30 -> #DIV/0! | R30: =D30-M30 -> 0 | S30: =J30/L30 -> #DIV/0!
C31: GA Grown American | D31: 115.02 | E31: 2 | F31: 2 | G31: =E31/F31 -> 1 | H31: =D31/E31 -> 57.51 | I31: =H31/G31 -> 57.51 | J31: 5.55 | K31: 0 | L31: 0 | M31: 0 | N31: =J31/M31 -> #DIV/0! | O31: =M31/J31 -> 0 | P31: =J31/D31 -> 0.048252478 | Q31: =M31/D31 -> 0 | R31: =D31-M31 -> 115.02 | S31: =J31/L31 -> #DIV/0!
C32: Ideal Prostate | D32: 369.7 | E32: 6 | F32: 6 | G32: =E32/F32 -> 1 | H32: =D32/E32 -> 61.616667 | I32: =H32/G32 -> 61.616667 | J32: 6.48 | K32: 4126 | L32: 0 | M32: 0 | N32: =J32/M32 -> #DIV/0! | O32: =M32/J32 -> 0 | P32: =J32/D32 -> 0.017527725 | Q32: =M32/D32 -> 0 | R32: =D32-M32 -> 369.7 | S32: =J32/L32 -> #DIV/0!
B33: to | C33: Miracle Blade | D33: 332.96 | E33: 4 | F33: 4 | G33: =E33/F33 -> 1 | H33: =D33/E33 -> 83.24 | I33: =H33/G33 -> 83.24 | J33: 0.85 | K33: 1816 | L33: 0 | M33: 0 | N33: =J33/M33 -> #DIV/0! | O33: =M33/J33 -> 0 | P33: =J33/D33 -> 0.0025528592 | Q33: =M33/D33 -> 0 | R33: =D33-M33 -> 332.96 | S33: =J33/L33 -> #DIV/0!
C34: Paint Zoom | D34: 0 | E34: 0 | F34: 1 | G34: =E34/F34 -> 0 | H34: =D34/E34 -> #DIV/0! | I34: =H34/G34 -> #DIV/0! | J34: 54.18 | K34: 94 | L34: 1 | M34: 99.95 | N34: =J34/M34 -> 0.54207104 | O34: =M34/J34 -> 1.8447767 | P34: =J34/D34 -> #DIV/0! | Q34: =M34/D34 -> #DIV/0! | R34: =D34-M34 -> -99.95 | S34: =J34/L34 -> 54.18
C35: Profemin | D35: 0 | E35: 0 | F35: 0 | G35: =E35/F35 -> #DIV/0! | H35: =D35/E35 -> #DIV/0! | I35: =H35/G35 -> #DIV/0! | J35: 0 | K35: 213470 | L35: 0 | M35: 0 | N35: =J35/M35 -> #DIV/0! | O35: =M35/J35 -> #DIV/0! | P35: =J35/D35 -> #DIV/0! | Q35: =M35/D35 -> #DIV/0! | R35: =D35-M35 -> 0 | S35: =J35/L35 -> #DIV/0!
C36: Prosvent | D36: 607.55 | E36: 5 | F36: 5 | G36: =E36/F36 -> 1 | H36: =D36/E36 -> 121.51 | I36: =H36/G36 -> 121.51 | J36: 0 | K36: 0 | L36: 0 | M36: 0 | N36: =J36/M36 -> #DIV/0! | O36: =M36/J36 -> #DIV/0! | P36: =J36/D36 -> 0 | Q36: =M36/D36 -> 0 | R36: =D36-M36 -> 607.55 | S36: =J36/L36 -> #DIV/0!
C37: SaniTru | D37: 0 | E37: 0 | F37: 0 | G37: =E37/F37 -> #DIV/0! | H37: =D37/E37 -> #DIV/0! | I37: =H37/G37 -> #DIV/0! | J37: 0 | K37: 8 | L37: 0 | M37: 0 | N37: =J37/M37 -> #DIV/0! | O37: =M37/J37 -> #DIV/0! | P37: =J37/D37 -> #DIV/0! | Q37: =M37/D37 -> #DIV/0! | R37: =D37-M37 -> 0 | S37: =J37/L37 -> #DIV/0!
C38: Rotorazer Saw | D38: 0 | E38: 0 | F38: 0 | G38: =E38/F38 -> #DIV/0! | H38: =D38/E38 -> #DIV/0! | I38: =H38/G38 -> #DIV/0! | J38: 0 | K38: 0 | L38: 0 | M38: 0 | N38: =J38/M38 -> #DIV/0! | O38: =M38/J38 -> #DIV/0! | P38: =J38/D38 -> #DIV/0! | Q38: =M38/D38 -> #DIV/0! | R38: =D38-M38 -> 0 | S38: =J38/L38 -> #DIV/0!
C39: Superthotics | D39: 20.7 | E39: 0 | F39: 1 | G39: =E39/F39 -> 0 | H39: =D39/E39 -> #DIV/0! | I39: =H39/G39 -> #DIV/0! | J39: 0 | K39: 1048 | L39: 0 | M39: 0 | N39: =J39/M39 -> #DIV/0! | O39: =M39/J39 -> #DIV/0! | P39: =J39/D39 -> 0 | Q39: =M39/D39 -> 0 | R39: =D39-M39 -> 20.7 | S39: =J39/L39 -> #DIV/0!
C40: Therabotanics | D40: 0 | E40: 0 | F40: 0 | G40: =E40/F40 -> #DIV/0! | H40: =D40/E40 -> #DIV/0! | I40: =H40/G40 -> #DIV/0! | J40: 0 | K40: 0 | L40: 0 | M40: 0 | N40: =J40/M40 -> #DIV/0! | O40: =M40/J40 -> #DIV/0! | P40: =J40/D40 -> #DIV/0! | Q40: =M40/D40 -> #DIV/0! | R40: =D40-M40 -> 0 | S40: =J40/L40 -> #DIV/0!
C41: WALKFIT | D41: 519.35 | E41: 13 | F41: 12 | G41: =E41/F41 -> 1.0833333 | H41: =D41/E41 -> 39.95 | I41: =H41/G41 -> 36.876923 | J41: 19.06 | K41: 11339 | L41: 6 | M41: 199.75 | N41: =J41/M41 -> 0.095419274 | O41: =M41/J41 -> 10.480063 | P41: =J41/D41 -> 0.036699721 | Q41: =M41/D41 -> 0.38461538 | R41: =D41-M41 -> 319.6 | S41: =J41/L41 -> 3.1766667
A42: =IFERROR(IF(B42>0,MONTH(B42)&"-"&YEAR(B42),B42),) -> 10-2024 | B42: 45570 | C42: AromaTru | D42: 0 | E42: 0 | F42: 0 | G42: =E42/F42 -> #DIV/0! | H42: =D42/E42 -> #DIV/0! | I42: =H42/G42 -> #DIV/0! | J42: 0 | K42: 0 | L42: 0 | M42: 0 | N42: =J42/M42 -> #DIV/0! | O42: =M42/J42 -> #DIV/0! | P42: =J42/D42 -> #DIV/0! | Q42: =M42/D42 -> #DIV/0! | R42: =D42-M42 -> 0 | S42: =J42/L42 -> #DIV/0!
A43: =IFERROR(IF(B43>0,MONTH(B43)&"-"&YEAR(B43),B43),) -> 0 | B43: Week 40 | D43: =SUM(D26:D41) -> 4749.03 | E43: =SUM(E26:E41) -> 64 | F43: =SUM(F26:F41) -> 58 | G43: =E43/F43 -> 1.1034483 | H43: =D43/E43 -> 74.203594 | I43: =H43/G43 -> 67.247007 | J43: =SUM(J26:J42) -> 207.46 | K43: =SUM(K26:K41) -> 251069 | L43: =SUM(L26:L42) -> 17 | M43: =SUM(M26:M42) -> 1108.35 | N43: =J43/M43 -> 0.18717914 | O43: =M43/J43 -> 5.3424757 | P43: =J43/D43 -> 0.04368471 | Q43: =M43/D43 -> 0.2333845 | R43: =SUM(R26:R41) -> 3640.68 | S43: =J43/L43 -> 12.203529 | T43: =IFERROR((D43-#REF!)/D43,) -> 0 | U43: =IFERROR((E43-#REF!)/E43,) -> 0 | V43: =IFERROR((D43-monthly_reporting_2021!D49)/D43, ) -> 1 | W43: =IFERROR((E43-monthly_reporting_2021!E49)/E43, ) -> 1
B44: 45571 | C44: AirDoctor | D44: 7564.65 | E44: 21 | F44: 22 | G44: =E44/F44 -> 0.95454545 | H44: =D44/E44 -> 360.22143 | I44: =H44/G44 -> 377.37483 | J44: 605.68 | K44: 46335 | L44: 14 | M44: 3570.5 | N44: =J44/M44 -> 0.1696345 | O44: =M44/J44 -> 5.8950271 | P44: =J44/D44 -> 0.080067154 | Q44: =M44/D44 -> 0.47199804 | R44: =D44-M44 -> 3994.15 | S44: =J44/L44 -> 43.262857
C45: AquaTru | D45: 3108.55 | E45: 32 | F45: 24 | G45: =E45/F45 -> 1.3333333 | H45: =D45/E45 -> 97.142188 | I45: =H45/G45 -> 72.856641 | J45: 7.02 | K45: 2439 | L45: 0 | M45: 0 | N45: =J45/M45 -> #DIV/0! | O45: =M45/J45 -> 0 | P45: =J45/D45 -> 0.0022582876 | Q45: =M45/D45 -> 0 | R45: =D45-M45 -> 3108.55 | S45: =J45/L45 -> #DIV/0!
C46: Beflexible | D46: 0 | E46: 0 | F46: 0 | G46: =E46/F46 -> #DIV/0! | H46: =D46/E46 -> #DIV/0! | I46: =H46/G46 -> #DIV/0! | J46: 0 | K46: 0 | L46: 0 | M46: 0 | N46: =J46/M46 -> #DIV/0! | O46: =M46/J46 -> #DIV/0! | P46: =J46/D46 -> #DIV/0! | Q46: =M46/D46 -> #DIV/0! | R46: =D46-M46 -> 0 | S46: =J46/L46 -> #DIV/0!
C47: Better Bladder | D47: 539.55 | E47: 9 | F47: 9 | G47: =E47/F47 -> 1 | H47: =D47/E47 -> 59.95 | I47: =H47/G47 -> 59.95 | J47: 121 | K47: 6157 | L47: 6 | M47: 359.7 | N47: =J47/M47 -> 0.33639144 | O47: =M47/J47 -> 2.9727273 | P47: =J47/D47 -> 0.22426096 | Q47: =M47/D47 -> 0.66666667 | R47: =D47-M47 -> 179.85 | S47: =J47/L47 -> 20.166667
C48: Cebria | D48: 0 | E48: 0 | F48: 0 | G48: =E48/F48 -> #DIV/0! | H48: =D48/E48 -> #DIV/0! | I48: =H48/G48 -> #DIV/0! | J48: 0 | K48: 0 | L48: 0 | M48: 0 | N48: =J48/M48 -> #DIV/0! | O48: =M48/J48 -> #DIV/0! | P48: =J48/D48 -> #DIV/0! | Q48: =M48/D48 -> #DIV/0! | R48: =D48-M48 -> 0 | S48: =J48/L48 -> #DIV/0!
C49: GA Grown American | D49: 184.93 | E49: 3 | F49: 3 | G49: =E49/F49 -> 1 | H49: =D49/E49 -> 61.643333 | I49: =H49/G49 -> 61.643333 | J49: 36.68 | K49: 0 | L49: 0 | M49: 0 | N49: =J49/M49 -> #DIV/0! | O49: =M49/J49 -> 0 | P49: =J49/D49 -> 0.19834532 | Q49: =M49/D49 -> 0 | R49: =D49-M49 -> 184.93 | S49: =J49/L49 -> #DIV/0!
C50: Ideal Prostate | D50: 799.68 | E50: 12 | F50: 15 | G50: =E50/F50 -> 0.8 | H50: =D50/E50 -> 66.64 | I50: =H50/G50 -> 83.3 | J50: 12.57 | K50: 5515 | L50: 4 | M50: 279.8 | N50: =J50/M50 -> 0.044924946 | O50: =M50/J50 -> 22.259348 | P50: =J50/D50 -> 0.015718788 | Q50: =M50/D50 -> 0.34988996 | R50: =D50-M50 -> 519.88 | S50: =J50/L50 -> 3.1425
B51: to | C51: Miracle Blade | D51: 480.71 | E51: 4 | F51: 5 | G51: =E51/F51 -> 0.8 | H51: =D51/E51 -> 120.1775 | I51: =H51/G51 -> 150.22187 | J51: 12.48 | K51: 2459 | L51: 0 | M51: 0 | N51: =J51/M51 -> #DIV/0! | O51: =M51/J51 -> 0 | P51: =J51/D51 -> 0.025961598 | Q51: =M51/D51 -> 0 | R51: =D51-M51 -> 480.71 | S51: =J51/L51 -> #DIV/0!
C52: Paint Zoom | D52: 139.96 | E52: 1 | F52: 2 | G52: =E52/F52 -> 0.5 | H52: =D52/E52 -> 139.96 | I52: =H52/G52 -> 279.92 | J52: 272.19 | K52: 3341 | L52: 1 | M52: 64.96 | N52: =J52/M52 -> 4.190117 | O52: =M52/J52 -> 0.23865682 | P52: =J52/D52 -> 1.9447699 | Q52: =M52/D52 -> 0.46413261 | R52: =D52-M52 -> 75 | S52: =J52/L52 -> 272.19
C53: Profemin | D53: 54.95 | E53: 1 | F53: 2 | G53: =E53/F53 -> 0.5 | H53: =D53/E53 -> 54.95 | I53: =H53/G53 -> 109.9 | J53: 0 | K53: 200741 | L53: 0 | M53: 0 | N53: =J53/M53 -> #DIV/0! | O53: =M53/J53 -> #DIV/0! | P53: =J53/D53 -> 0 | Q53: =M53/D53 -> 0 | R53: =D53-M53 -> 54.95 | S53: =J53/L53 -> #DIV/0!
C54: Prosvent | D54: 1158.25 | E54: 12 | F54: 12 | G54: =E54/F54 -> 1 | H54: =D54/E54 -> 96.520833 | I54: =H54/G54 -> 96.520833 | J54: 3.14 | K54: 0 | L54: 3 | M54: 770.1 | N54: =J54/M54 -> 0.0040773925 | O54: =M54/J54 -> 245.25478 | P54: =J54/D54 -> 0.0027109864 | Q54: =M54/D54 -> 0.66488237 | R54: =D54-M54 -> 388.15 | S54: =J54/L54 -> 1.0466667
C55: SaniTru | D55: 0 | E55: 0 | F55: 0 | G55: =E55/F55 -> #DIV/0! | H55: =D55/E55 -> #DIV/0! | I55: =H55/G55 -> #DIV/0! | J55: 0 | K55: 4524 | L55: 0 | M55: 0 | N55: =J55/M55 -> #DIV/0! | O55: =M55/J55 -> #DIV/0! | P55: =J55/D55 -> #DIV/0! | Q55: =M55/D55 -> #DIV/0! | R55: =D55-M55 -> 0 | S55: =J55/L55 -> #DIV/0!
C56: Rotorazer Saw | D56: -58.5 | E56: 0 | F56: 1 | G56: =E56/F56 -> 0 | H56: =D56/E56 -> #DIV/0! | I56: =H56/G56 -> #DIV/0! | J56: 0 | K56: 0 | L56: 0 | M56: 0 | N56: =J56/M56 -> #DIV/0! | O56: =M56/J56 -> #DIV/0! | P56: =J56/D56 -> 0 | Q56: =M56/D56 -> 0 | R56: =D56-M56 -> -58.5 | S56: =J56/L56 -> #DIV/0!
C57: Superthotics | D57: 60.87 | E57: 1 | F57: 1 | G57: =E57/F57 -> 1 | H57: =D57/E57 -> 60.87 | I57: =H57/G57 -> 60.87 | J57: 1.92 | K57: 2362 | L57: 0 | M57: 0 | N57: =J57/M57 -> #DIV/0! | O57: =M57/J57 -> 0 | P57: =J57/D57 -> 0.031542632 | Q57: =M57/D57 -> 0 | R57: =D57-M57 -> 60.87 | S57: =J57/L57 -> #DIV/0!
C58: Therabotanics | D58: 0 | E58: 0 | F58: 0 | G58: =E58/F58 -> #DIV/0! | H58: =D58/E58 -> #DIV/0! | I58: =H58/G58 -> #DIV/0! | J58: 0 | K58: 0 | L58: 0 | M58: 0 | N58: =J58/M58 -> #DIV/0! | O58: =M58/J58 -> #DIV/0! | P58: =J58/D58 -> #DIV/0! | Q58: =M58/D58 -> #DIV/0! | R58: =D58-M58 -> 0 | S58: =J58/L58 -> #DIV/0!
C59: WALKFIT | D59: 680.12 | E59: 19 | F59: 18 | G59: =E59/F59 -> 1.0555556 | H59: =D59/E59 -> 35.795789 | I59: =H59/G59 -> 33.911801 | J59: 43.11 | K59: 23251 | L59: 7 | M59: 179.76 | N59: =J59/M59 -> 0.23981976 | O59: =M59/J59 -> 4.1697982 | P59: =J59/D59 -> 0.063385873 | Q59: =M59/D59 -> 0.2643063 | R59: =D59-M59 -> 500.36 | S59: =J59/L59 -> 6.1585714
A60: =IFERROR(IF(B60>0,MONTH(B60)&"-"&YEAR(B60),B60),) -> 10-2024 | B60: 45577 | C60: AromaTru | D60: 0 | E60: 0 | F60: 0 | G60: =E60/F60 -> #DIV/0! | H60: =D60/E60 -> #DIV/0! | I60: =H60/G60 -> #DIV/0! | J60: 0 | K60: 0 | L60: 0 | M60: 0 | N60: =J60/M60 -> #DIV/0! | O60: =M60/J60 -> #DIV/0! | P60: =J60/D60 -> #DIV/0! | Q60: =M60/D60 -> #DIV/0! | R60: =D60-M60 -> 0 | S60: =J60/L60 -> #DIV/0!
A61: =IFERROR(IF(B61>0,MONTH(B61)&"-"&YEAR(B61),B61),) -> 0 | B61: Week 41 | D61: =SUM(D44:D59) -> 14713.72 | E61: =SUM(E44:E59) -> 115 | F61: =SUM(F44:F59) -> 114 | G61: =E61/F61 -> 1.0087719 | H61: =D61/E61 -> 127.94539 | I61: =H61/G61 -> 126.83282 | J61: =SUM(J44:J60) -> 1115.79 | K61: =SUM(K44:K59) -> 297124 | L61: =SUM(L44:L60) -> 35 | M61: =SUM(M44:M60) -> 5224.82 | N61: =J61/M61 -> 0.21355568 | O61: =M61/J61 -> 4.6826195 | P61: =J61/D61 -> 0.075833304 | Q61: =M61/D61 -> 0.35509851 | R61: =SUM(R44:R59) -> 9488.9 | S61: =J61/L61 -> 31.879714 | T61: =IFERROR((D61-#REF!)/D61,) -> 0 | U61: =IFERROR((E61-#REF!)/E61,) -> 0 | V61: =IFERROR((D61-monthly_reporting_2021!D49)/D61, ) -> 1 | W61: =IFERROR((E61-monthly_reporting_2021!E49)/E61, ) -> 1
B62: 45578 | C62: AirDoctor | D62: 378.65 | E62: 4 | F62: 6 | G62: =E62/F62 -> 0.66666667 | H62: =D62/E62 -> 94.6625 | I62: =H62/G62 -> 141.99375 | J62: 219.79 | K62: 27574 | L62: 0 | M62: 0 | N62: =J62/M62 -> #DIV/0! | O62: =M62/J62 -> 0 | P62: =J62/D62 -> 0.58045689 | Q62: =M62/D62 -> 0 | R62: =D62-M62 -> 378.65 | S62: =J62/L62 -> #DIV/0!
C63: AquaTru | D63: 1512.39 | E63: 14 | F63: 19 | G63: =E63/F63 -> 0.73684211 | H63: =D63/E63 -> 108.02786 | I63: =H63/G63 -> 146.60923 | J63: 6 | K63: 1366 | L63: 0 | M63: 0 | N63: =J63/M63 -> #DIV/0! | O63: =M63/J63 -> 0 | P63: =J63/D63 -> 0.0039672307 | Q63: =M63/D63 -> 0 | R63: =D63-M63 -> 1512.39 | S63: =J63/L63 -> #DIV/0!
C64: Beflexible | D64: 69.95 | E64: 1 | F64: 1 | G64: =E64/F64 -> 1 | H64: =D64/E64 -> 69.95 | I64: =H64/G64 -> 69.95 | J64: 0 | K64: 0 | L64: 0 | M64: 0 | N64: =J64/M64 -> #DIV/0! | O64: =M64/J64 -> #DIV/0! | P64: =J64/D64 -> 0 | Q64: =M64/D64 -> 0 | R64: =D64-M64 -> 69.95 | S64: =J64/L64 -> #DIV/0!
C65: Better Bladder | D65: 419.65 | E65: 7 | F65: 8 | G65: =E65/F65 -> 0.875 | H65: =D65/E65 -> 59.95 | I65: =H65/G65 -> 68.514286 | J65: 68.36 | K65: 6922 | L65: 6 | M65: 359.7 | N65: =J65/M65 -> 0.19004726 | O65: =M65/J65 -> 5.261849 | P65: =J65/D65 -> 0.16289765 | Q65: =M65/D65 -> 0.85714286 | R65: =D65-M65 -> 59.95 | S65: =J65/L65 -> 11.393333
C66: Cebria | D66: 0 | E66: 0 | F66: 0 | G66: =E66/F66 -> #DIV/0! | H66: =D66/E66 -> #DIV/0! | I66: =H66/G66 -> #DIV/0! | J66: 0 | K66: 0 | L66: 0 | M66: 0 | N66: =J66/M66 -> #DIV/0! | O66: =M66/J66 -> #DIV/0! | P66: =J66/D66 -> #DIV/0! | Q66: =M66/D66 -> #DIV/0! | R66: =D66-M66 -> 0 | S66: =J66/L66 -> #DIV/0!
C67: GA Grown American | D67: 184.93 | E67: 3 | F67: 3 | G67: =E67/F67 -> 1 | H67: =D67/E67 -> 61.643333 | I67: =H67/G67 -> 61.643333 | J67: 48.23 | K67: 0 | L67: 1 | M67: 59.99 | N67: =J67/M67 -> 0.80396733 | O67: =M67/J67 -> 1.2438316 | P67: =J67/D67 -> 0.26080138 | Q67: =M67/D67 -> 0.32439301 | R67: =D67-M67 -> 124.94 | S67: =J67/L67 -> 48.23
C68: Ideal Prostate | D68: 489.6 | E68: 8 | F68: 4 | G68: =E68/F68 -> 2 | H68: =D68/E68 -> 61.2 | I68: =H68/G68 -> 30.6 | J68: 13.16 | K68: 5838 | L68: 0 | M68: 0 | N68: =J68/M68 -> #DIV/0! | O68: =M68/J68 -> 0 | P68: =J68/D68 -> 0.026879085 | Q68: =M68/D68 -> 0 | R68: =D68-M68 -> 489.6 | S68: =J68/L68 -> #DIV/0!
B69: to | C69: Miracle Blade | D69: 24.95 | E69: 1 | F69: 1 | G69: =E69/F69 -> 1 | H69: =D69/E69 -> 24.95 | I69: =H69/G69 -> 24.95 | J69: 5.46 | K69: 2747 | L69: 0 | M69: 0 | N69: =J69/M69 -> #DIV/0! | O69: =M69/J69 -> 0 | P69: =J69/D69 -> 0.21883768 | Q69: =M69/D69 -> 0 | R69: =D69-M69 -> 24.95 | S69: =J69/L69 -> #DIV/0!
C70: Paint Zoom | D70: 99.95 | E70: 1 | F70: 1 | G70: =E70/F70 -> 1 | H70: =D70/E70 -> 99.95 | I70: =H70/G70 -> 99.95 | J70: 132.82 | K70: 2947 | L70: 2 | M70: 263.95 | N70: =J70/M70 -> 0.50320136 | O70: =M70/J70 -> 1.987276 | P70: =J70/D70 -> 1.3288644 | Q70: =M70/D70 -> 2.6408204 | R70: =D70-M70 -> -164 | S70: =J70/L70 -> 66.41
C71: Profemin | D71: 54.95 | E71: 1 | F71: 1 | G71: =E71/F71 -> 1 | H71: =D71/E71 -> 54.95 | I71: =H71/G71 -> 54.95 | J71: 0 | K71: 233376 | L71: 0 | M71: 0 | N71: =J71/M71 -> #DIV/0! | O71: =M71/J71 -> #DIV/0! | P71: =J71/D71 -> 0 | Q71: =M71/D71 -> 0 | R71: =D71-M71 -> 54.95 | S71: =J71/L71 -> #DIV/0!
C72: Prosvent | D72: 910.4 | E72: 9 | F72: 8 | G72: =E72/F72 -> 1.125 | H72: =D72/E72 -> 101.15556 | I72: =H72/G72 -> 89.916049 | J72: 8.7 | K72: 0 | L72: 2 | M72: 110 | N72: =J72/M72 -> 0.079090909 | O72: =M72/J72 -> 12.643678 | P72: =J72/D72 -> 0.009556239 | Q72: =M72/D72 -> 0.12082601 | R72: =D72-M72 -> 800.4 | S72: =J72/L72 -> 4.35
C73: SaniTru | D73: 0 | E73: 0 | F73: 0 | G73: =E73/F73 -> #DIV/0! | H73: =D73/E73 -> #DIV/0! | I73: =H73/G73 -> #DIV/0! | J73: 0 | K73: 6163 | L73: 0 | M73: 0 | N73: =J73/M73 -> #DIV/0! | O73: =M73/J73 -> #DIV/0! | P73: =J73/D73 -> #DIV/0! | Q73: =M73/D73 -> #DIV/0! | R73: =D73-M73 -> 0 | S73: =J73/L73 -> #DIV/0!
C74: Rotorazer Saw | D74: 0 | E74: 0 | F74: 0 | G74: =E74/F74 -> #DIV/0! | H74: =D74/E74 -> #DIV/0! | I74: =H74/G74 -> #DIV/0! | J74: 0 | K74: 0 | L74: 0 | M74: 0 | N74: =J74/M74 -> #DIV/0! | O74: =M74/J74 -> #DIV/0! | P74: =J74/D74 -> #DIV/0! | Q74: =M74/D74 -> #DIV/0! | R74: =D74-M74 -> 0 | S74: =J74/L74 -> #DIV/0!
C75: Superthotics | D75: 0 | E75: 0 | F75: 0 | G75: =E75/F75 -> #DIV/0! | H75: =D75/E75 -> #DIV/0! | I75: =H75/G75 -> #DIV/0! | J75: 0.76 | K75: 1120 | L75: 0 | M75: 0 | N75: =J75/M75 -> #DIV/0! | O75: =M75/J75 -> 0 | P75: =J75/D75 -> #DIV/0! | Q75: =M75/D75 -> #DIV/0! | R75: =D75-M75 -> 0 | S75: =J75/L75 -> #DIV/0!
C76: Therabotanics | D76: 0 | E76: 0 | F76: 0 | G76: =E76/F76 -> #DIV/0! | H76: =D76/E76 -> #DIV/0! | I76: =H76/G76 -> #DIV/0! | J76: 0 | K76: 0 | L76: 0 | M76: 0 | N76: =J76/M76 -> #DIV/0! | O76: =M76/J76 -> #DIV/0! | P76: =J76/D76 -> #DIV/0! | Q76: =M76/D76 -> #DIV/0! | R76: =D76-M76 -> 0 | S76: =J76/L76 -> #DIV/0!
C77: WALKFIT | D77: 239.7 | E77: 6 | F77: 5 | G77: =E77/F77 -> 1.2 | H77: =D77/E77 -> 39.95 | I77: =H77/G77 -> 33.291667 | J77: 52.14 | K77: 26589 | L77: 3 | M77: 119.85 | N77: =J77/M77 -> 0.4350438 | O77: =M77/J77 -> 2.2986191 | P77: =J77/D77 -> 0.2175219 | Q77: =M77/D77 -> 0.5 | R77: =D77-M77 -> 119.85 | S77: =J77/L77 -> 17.38
A78: =IFERROR(IF(B78>0,MONTH(B78)&"-"&YEAR(B78),B78),) -> 10-2024 | B78: 45584 | C78: AromaTru | D78: 0 | E78: 0 | F78: 0 | G78: =E78/F78 -> #DIV/0! | H78: =D78/E78 -> #DIV/0! | I78: =H78/G78 -> #DIV/0! | J78: 0 | K78: 0 | L78: 0 | M78: 0 | N78: =J78/M78 -> #DIV/0! | O78: =M78/J78 -> #DIV/0! | P78: =J78/D78 -> #DIV/0! | Q78: =M78/D78 -> #DIV/0! | R78: =D78-M78 -> 0 | S78: =J78/L78 -> #DIV/0!
A79: =IFERROR(IF(B79>0,MONTH(B79)&"-"&YEAR(B79),B79),) -> 0 | B79: Week 42 | D79: =SUM(D62:D77) -> 4385.12 | E79: =SUM(E62:E77) -> 55 | F79: =SUM(F62:F77) -> 57 | G79: =E79/F79 -> 0.96491228 | H79: =D79/E79 -> 79.729455 | I79: =H79/G79 -> 82.628707 | J79: =SUM(J62:J78) -> 555.42 | K79: =SUM(K62:K77) -> 314642 | L79: =SUM(L62:L78) -> 14 | M79: =SUM(M62:M78) -> 913.49 | N79: =J79/M79 -> 0.60801979 | O79: =M79/J79 -> 1.6446833 | P79: =J79/D79 -> 0.12666016 | Q79: =M79/D79 -> 0.20831585 | R79: =SUM(R62:R77) -> 3471.63 | S79: =J79/L79 -> 39.672857 | T79: =IFERROR((D79-#REF!)/D79,) -> 0 | U79: =IFERROR((E79-#REF!)/E79,) -> 0 | V79: =IFERROR((D79-monthly_reporting_2021!D49)/D79, ) -> 1 | W79: =IFERROR((E79-monthly_reporting_2021!E49)/E79, ) -> 1
B80: 45585 | C80: AirDoctor | D80: 1007.89 | E80: 4 | F80: 3 | G80: =E80/F80 -> 1.3333333 | H80: =D80/E80 -> 251.9725 | I80: =H80/G80 -> 188.97938 | J80: 78.67 | K80: 11254 | L80: 2 | M80: 109.9 | N80: =J80/M80 -> 0.71583258 | O80: =M80/J80 -> 1.3969747 | P80: =J80/D80 -> 0.078054153 | Q80: =M80/D80 -> 0.10903968 | R80: =D80-M80 -> 897.99 | S80: =J80/L80 -> 39.335
C81: AquaTru | D81: 1644.35 | E81: 14 | F81: 14 | G81: =E81/F81 -> 1 | H81: =D81/E81 -> 117.45357 | I81: =H81/G81 -> 117.45357 | J81: 5 | K81: 936 | L81: 0 | M81: 0 | N81: =J81/M81 -> #DIV/0! | O81: =M81/J81 -> 0 | P81: =J81/D81 -> 0.0030407152 | Q81: =M81/D81 -> 0 | R81: =D81-M81 -> 1644.35 | S81: =J81/L81 -> #DIV/0!
C82: Beflexible | D82: 0 | E82: 0 | F82: 0 | G82: =E82/F82 -> #DIV/0! | H82: =D82/E82 -> #DIV/0! | I82: =H82/G82 -> #DIV/0! | J82: 0 | K82: 0 | L82: 0 | M82: 0 | N82: =J82/M82 -> #DIV/0! | O82: =M82/J82 -> #DIV/0! | P82: =J82/D82 -> #DIV/0! | Q82: =M82/D82 -> #DIV/0! | R82: =D82-M82 -> 0 | S82: =J82/L82 -> #DIV/0!
C83: Better Bladder | D83: 839.3 | E83: 14 | F83: 11 | G83: =E83/F83 -> 1.2727273 | H83: =D83/E83 -> 59.95 | I83: =H83/G83 -> 47.103571 | J83: 104.64 | K83: 7815 | L83: 10 | M83: 599.5 | N83: =J83/M83 -> 0.17454545 | O83: =M83/J83 -> 5.7291667 | P83: =J83/D83 -> 0.12467532 | Q83: =M83/D83 -> 0.71428571 | R83: =D83-M83 -> 239.8 | S83: =J83/L83 -> 10.464
C84: Cebria | D84: 0 | E84: 0 | F84: 0 | G84: =E84/F84 -> #DIV/0! | H84: =D84/E84 -> #DIV/0! | I84: =H84/G84 -> #DIV/0! | J84: 0 | K84: 0 | L84: 0 | M84: 0 | N84: =J84/M84 -> #DIV/0! | O84: =M84/J84 -> #DIV/0! | P84: =J84/D84 -> #DIV/0! | Q84: =M84/D84 -> #DIV/0! | R84: =D84-M84 -> 0 | S84: =J84/L84 -> #DIV/0!
C85: GA Grown American | D85: 0 | E85: 0 | F85: 0 | G85: =E85/F85 -> #DIV/0! | H85: =D85/E85 -> #DIV/0! | I85: =H85/G85 -> #DIV/0! | J85: 30.78 | K85: 0 | L85: 0 | M85: 0 | N85: =J85/M85 -> #DIV/0! | O85: =M85/J85 -> 0 | P85: =J85/D85 -> #DIV/0! | Q85: =M85/D85 -> #DIV/0! | R85: =D85-M85 -> 0 | S85: =J85/L85 -> #DIV/0!
C86: Ideal Prostate | D86: 489.88 | E86: 8 | F86: 7 | G86: =E86/F86 -> 1.1428571 | H86: =D86/E86 -> 61.235 | I86: =H86/G86 -> 53.580625 | J86: 16.17 | K86: 14312 | L86: 2 | M86: 139.9 | N86: =J86/M86 -> 0.11558256 | O86: =M86/J86 -> 8.6518244 | P86: =J86/D86 -> 0.033008084 | Q86: =M86/D86 -> 0.28558014 | R86: =D86-M86 -> 349.98 | S86: =J86/L86 -> 8.085
B87: to | C87: Miracle Blade | D87: 24.95 | E87: 1 | F87: 1 | G87: =E87/F87 -> 1 | H87: =D87/E87 -> 24.95 | I87: =H87/G87 -> 24.95 | J87: 6.47 | K87: 2898 | L87: 1 | M87: 24.95 | N87: =J87/M87 -> 0.25931864 | O87: =M87/J87 -> 3.8562597 | P87: =J87/D87 -> 0.25931864 | Q87: =M87/D87 -> 1 | R87: =D87-M87 -> 0 | S87: =J87/L87 -> 6.47
C88: Paint Zoom | D88: 263.95 | E88: 2 | F88: 2 | G88: =E88/F88 -> 1 | H88: =D88/E88 -> 131.975 | I88: =H88/G88 -> 131.975 | J88: 88.43 | K88: 2279 | L88: 1 | M88: 99.95 | N88: =J88/M88 -> 0.88474237 | O88: =M88/J88 -> 1.1302725 | P88: =J88/D88 -> 0.33502557 | Q88: =M88/D88 -> 0.3786702 | R88: =D88-M88 -> 164 | S88: =J88/L88 -> 88.43
C89: Profemin | D89: 0 | E89: 0 | F89: 0 | G89: =E89/F89 -> #DIV/0! | H89: =D89/E89 -> #DIV/0! | I89: =H89/G89 -> #DIV/0! | J89: 0 | K89: 169671 | L89: 0 | M89: 0 | N89: =J89/M89 -> #DIV/0! | O89: =M89/J89 -> #DIV/0! | P89: =J89/D89 -> #DIV/0! | Q89: =M89/D89 -> #DIV/0! | R89: =D89-M89 -> 0 | S89: =J89/L89 -> #DIV/0!
C90: Prosvent | D90: 2096.83 | E90: 20 | F90: 17 | G90: =E90/F90 -> 1.1764706 | H90: =D90/E90 -> 104.8415 | I90: =H90/G90 -> 89.115275 | J90: 13.26 | K90: 0 | L90: 3 | M90: 366.7 | N90: =J90/M90 -> 0.036160349 | O90: =M90/J90 -> 27.6546 | P90: =J90/D90 -> 0.0063238317 | Q90: =M90/D90 -> 0.17488304 | R90: =D90-M90 -> 1730.13 | S90: =J90/L90 -> 4.42
C91: SaniTru | D91: 0 | E91: 0 | F91: 0 | G91: =E91/F91 -> #DIV/0! | H91: =D91/E91 -> #DIV/0! | I91: =H91/G91 -> #DIV/0! | J91: 0 | K91: 6681 | L91: 0 | M91: 0 | N91: =J91/M91 -> #DIV/0! | O91: =M91/J91 -> #DIV/0! | P91: =J91/D91 -> #DIV/0! | Q91: =M91/D91 -> #DIV/0! | R91: =D91-M91 -> 0 | S91: =J91/L91 -> #DIV/0!
C92: Rotorazer Saw | D92: 0 | E92: 0 | F92: 0 | G92: =E92/F92 -> #DIV/0! | H92: =D92/E92 -> #DIV/0! | I92: =H92/G92 -> #DIV/0! | J92: 0 | K92: 0 | L92: 0 | M92: 0 | N92: =J92/M92 -> #DIV/0! | O92: =M92/J92 -> #DIV/0! | P92: =J92/D92 -> #DIV/0! | Q92: =M92/D92 -> #DIV/0! | R92: =D92-M92 -> 0 | S92: =J92/L92 -> #DIV/0!
C93: Superthotics | D93: 179.85 | E93: 3 | F93: 3 | G93: =E93/F93 -> 1 | H93: =D93/E93 -> 59.95 | I93: =H93/G93 -> 59.95 | J93: 0 | K93: 611 | L93: 0 | M93: 0 | N93: =J93/M93 -> #DIV/0! | O93: =M93/J93 -> #DIV/0! | P93: =J93/D93 -> 0 | Q93: =M93/D93 -> 0 | R93: =D93-M93 -> 179.85 | S93: =J93/L93 -> #DIV/0!
C94: Therabotanics | D94: 0 | E94: 0 | F94: 0 | G94: =E94/F94 -> #DIV/0! | H94: =D94/E94 -> #DIV/0! | I94: =H94/G94 -> #DIV/0! | J94: 0 | K94: 0 | L94: 0 | M94: 0 | N94: =J94/M94 -> #DIV/0! | O94: =M94/J94 -> #DIV/0! | P94: =J94/D94 -> #DIV/0! | Q94: =M94/D94 -> #DIV/0! | R94: =D94-M94 -> 0 | S94: =J94/L94 -> #DIV/0!
C95: WALKFIT | D95: 319.6 | E95: 8 | F95: 9 | G95: =E95/F95 -> 0.88888889 | H95: =D95/E95 -> 39.95 | I95: =H95/G95 -> 44.94375 | J95: 34.48 | K95: 29173 | L95: 3 | M95: 119.85 | N95: =J95/M95 -> 0.28769295 | O95: =M95/J95 -> 3.4759281 | P95: =J95/D95 -> 0.10788486 | Q95: =M95/D95 -> 0.375 | R95: =D95-M95 -> 199.75 | S95: =J95/L95 -> 11.493333
A96: =IFERROR(IF(B96>0,MONTH(B96)&"-"&YEAR(B96),B96),) -> 10-2024 | B96: 45591 | C96: AromaTru | D96: 0 | E96: 0 | F96: 0 | G96: =E96/F96 -> #DIV/0! | H96: =D96/E96 -> #DIV/0! | I96: =H96/G96 -> #DIV/0! | J96: 0 | K96: 0 | L96: 0 | M96: 0 | N96: =J96/M96 -> #DIV/0! | O96: =M96/J96 -> #DIV/0! | P96: =J96/D96 -> #DIV/0! | Q96: =M96/D96 -> #DIV/0! | R96: =D96-M96 -> 0 | S96: =J96/L96 -> #DIV/0!
A97: =IFERROR(IF(B97>0,MONTH(B97)&"-"&YEAR(B97),B97),) -> 0 | B97: Week 43 | D97: =SUM(D80:D95) -> 6866.6 | E97: =SUM(E80:E95) -> 74 | F97: =SUM(F80:F95) -> 67 | G97: =E97/F97 -> 1.1044776 | H97: =D97/E97 -> 92.791892 | I97: =H97/G97 -> 84.01428 | J97: =SUM(J80:J96) -> 377.9 | K97: =SUM(K80:K95) -> 245630 | L97: =SUM(L80:L96) -> 22 | M97: =SUM(M80:M96) -> 1460.75 | N97: =J97/M97 -> 0.25870272 | O97: =M97/J97 -> 3.8654406 | P97: =J97/D97 -> 0.055034515 | Q97: =M97/D97 -> 0.21273265 | R97: =SUM(R80:R95) -> 5405.85 | S97: =J97/L97 -> 17.177273 | T97: =IFERROR((D97-#REF!)/D97,) -> 0 | U97: =IFERROR((E97-#REF!)/E97,) -> 0 | V97: =IFERROR((D97-monthly_reporting_2021!D49)/D97, ) -> 1 | W97: =IFERROR((E97-monthly_reporting_2021!E49)/E97, ) -> 1
B98: 45592 | C98: AirDoctor | D98: 2135.9 | E98: 6 | F98: 5 | G98: =E98/F98 -> 1.2 | H98: =D98/E98 -> 355.98333 | I98: =H98/G98 -> 296.65278 | J98: 109.16 | K98: 13239 | L98: 3 | M98: 1557 | N98: =J98/M98 -> 0.070109184 | O98: =M98/J98 -> 14.263466 | P98: =J98/D98 -> 0.051107262 | Q98: =M98/D98 -> 0.72896671 | R98: =D98-M98 -> 578.9 | S98: =J98/L98 -> 36.386667
C99: AquaTru | D99: 2231.55 | E99: 33 | F99: 15 | G99: =E99/F99 -> 2.2 | H99: =D99/E99 -> 67.622727 | I99: =H99/G99 -> 30.737603 | J99: 0 | K99: 581 | L99: 0 | M99: 0 | N99: =J99/M99 -> #DIV/0! | O99: =M99/J99 -> #DIV/0! | P99: =J99/D99 -> 0 | Q99: =M99/D99 -> 0 | R99: =D99-M99 -> 2231.55 | S99: =J99/L99 -> #DIV/0!
C100: Beflexible | D100: 0 | E100: 0 | F100: 0 | G100: =E100/F100 -> #DIV/0! | H100: =D100/E100 -> #DIV/0! | I100: =H100/G100 -> #DIV/0! | J100: 0 | K100: 0 | L100: 0 | M100: 0 | N100: =J100/M100 -> #DIV/0! | O100: =M100/J100 -> #DIV/0! | P100: =J100/D100 -> #DIV/0! | Q100: =M100/D100 -> #DIV/0! | R100: =D100-M100 -> 0 | S100: =J100/L100 -> #DIV/0!
C101: Better Bladder | D101: 299.75 | E101: 5 | F101: 5 | G101: =E101/F101 -> 1 | H101: =D101/E101 -> 59.95 | I101: =H101/G101 -> 59.95 | J101: 100.59 | K101: 8112 | L101: 5 | M101: 299.75 | N101: =J101/M101 -> 0.33557965 | O101: =M101/J101 -> 2.9799185 | P101: =J101/D101 -> 0.33557965 | Q101: =M101/D101 -> 1 | R101: =D101-M101 -> 0 | S101: =J101/L101 -> 20.118
C102: Cebria | D102: 108 | E102: 3 | F102: 2 | G102: =E102/F102 -> 1.5 | H102: =D102/E102 -> 36 | I102: =H102/G102 -> 24 | J102: 0 | K102: 0 | L102: 0 | M102: 0 | N102: =J102/M102 -> #DIV/0! | O102: =M102/J102 -> #DIV/0! | P102: =J102/D102 -> 0 | Q102: =M102/D102 -> 0 | R102: =D102-M102 -> 108 | S102: =J102/L102 -> #DIV/0!
...

Sheet weekly_reporting_2024
A1: DATA SOURCE: Reports>Business Reports>Detail Page Sales Traffic By Parent
C2: WEEKLY PERFORMANCE | X2: =(#REF!+#REF!+#REF!+#REF!)-(monthly_reporting_2021!D17+monthly_reporting_2021!D23+monthly_reporting_2021!D29+monthly_reporting_2021!D35) -> #REF! | Y2: =((#REF!+#REF!+#REF!+#REF!)-(monthly_reporting_2021!E17+monthly_reporting_2021!E23+monthly_reporting_2021!E29+monthly_reporting_2021!E35))/(#REF!+#REF!+#REF!+#REF!) -> #REF!
C3: Total Sales | F3: Total Orders | K3: Total Units Sold
C4: =VLOOKUP("Current Week",$B$11:$Z$429,MATCH("SALES",$B$11:$Z$11,0),FALSE) -> 64670.09 | F4: =VLOOKUP("Current Week",$B$11:$Z$429,MATCH("Units Sold",$B$11:$Z$11,0),FALSE) -> 1050 | K4: =VLOOKUP("Current Week",$B$11:$Z$429,MATCH("Ordered Items",$B$11:$Z$11,0),FALSE) -> 956
C5: =(C4-(VLOOKUP("Previous Week",$B$11:$Z$433,MATCH("SALES",$B$11:$Z$11,0),FALSE)))/C4 -> -0.13155293 | F5: =(F4-(VLOOKUP("Previous Week",$B$11:$Z$433,MATCH("Units Sold",$B$11:$Z$11,0),FALSE)))/F4 -> -0.13142857 | K5: =(K4-(VLOOKUP("Previous Week",$B$11:$Z$433,MATCH("Ordered Items",$B$11:$Z$11,0),FALSE)))/K4 -> -0.14121339
C7: Advertising Sales | F7: Advertising Spend | K7: ACoS
C8: =VLOOKUP("Current Week",$B$11:$Z$429,MATCH("AD SALES",$B$11:$Z$11,0),FALSE) -> 20114.25 | F8: =VLOOKUP("Current Week",$B$11:$Z$429,MATCH("SP AD SPEND",$B$11:$Z$11,0),FALSE) -> 7265.79 | K8: =F8/C8 -> 0.361226
C9: =(C8-(VLOOKUP("Previous Week",$B$11:$Z$433,MATCH("AD SALES",$B$11:$Z$11,0),FALSE)))/C8 -> 0.01411984 | F9: =(F8-(VLOOKUP("Previous Week",$B$11:$Z$433,MATCH("SP AD SPEND",$B$11:$Z$11,0),FALSE)))/F8 -> 0.12917797 | K9: =(K8-(VLOOKUP("Previous Week",$B$11:$Z$433,MATCH("ACOS",$B$11:$Z$11,0),FALSE)))/K8 -> 0.116706
D10: SALES METRICS | L10: ADVERTISING PERFORMANCE | V10: MoM | X10: YoY
A11: Month-Code | B11: DATE | C11: BRAND | D11: SALES | E11: UNITS SOLD | F11: ORDERED ITEMS | G11: UNITS PER ORDER | H11: SALES PER ORDER | I11: ASP | J11: SESSIONS (traffic) | K11: ORDERS PER SESSION (conversion) | L11: SP AD SPEND | M11: IMPRESSIONS | N11: UNIT SALES | O11: AD SALES | P11: ACoS | Q11: ROAS (return on ad send) | R11: TACoS (Total Advertsing Cost of Sales) | S11: REVENUE PERCENTAGE OF AD SALES | T11: ORGANIC SALES | U11: CPO | V11: SALES | W11: UNITS | X11: SALES | Y11: UNITS
A13: =IFERROR(IF(B13>0,MONTH(B13)&"-"&YEAR(B13),B13),) -> 12-2023 | B13: 45284 | C13: BeFlexible | D13: 699.5 | E13: 10 | F13: 9 | G13: =E13/F13 -> 1.1111111 | H13: =D13/E13 -> 69.95 | I13: =H13/G13 -> 62.955 | J13: 707 | K13: =E13/J13 -> 0.014144272 | L13: 162.81 | M13: 82349 | N13: 3 | O13: 209.85 | P13: =L13/O13 -> 0.77583989 | Q13: =O13/L13 -> 1.2889257 | R13: =L13/D13 -> 0.23275197 | S13: =O13/D13 -> 0.3 | T13: =D13-O13 -> 489.65 | U13: =L13/N13 -> 54.27
A14: =IFERROR(IF(B14>0,MONTH(B14)&"-"&YEAR(B14),B14),) -> 0 | C14: Better Bladder | D14: 13659.15 | E14: 199 | F14: 189 | G14: =E14/F14 -> 1.0529101 | H14: =D14/E14 -> 68.638945 | I14: =H14/G14 -> 65.189752 | J14: 1496 | K14: =E14/J14 -> 0.13302139 | L14: 1741.48 | M14: 253958 | N14: 86 | O14: 6494.9 | P14: =L14/O14 -> 0.26813038 | Q14: =O14/L14 -> 3.7295289 | R14: =L14/D14 -> 0.12749549 | S14: =O14/D14 -> 0.47549811 | T14: =D14-O14 -> 7164.25 | U14: =L14/N14 -> 20.249767
A15: =IFERROR(IF(B15>0,MONTH(B15)&"-"&YEAR(B15),B15),) -> 0 | C15: Grown American | D15: 9261.05 | E15: 179 | F15: 169 | G15: =E15/F15 -> 1.0591716 | H15: =D15/E15 -> 51.737709 | I15: =H15/G15 -> 48.847335 | J15: 1530 | K15: =E15/J15 -> 0.11699346 | L15: 1053.7 | M15: 64225 | N15: 72 | O15: 3266.25 | P15: =L15/O15 -> 0.32260237 | Q15: =O15/L15 -> 3.0997912 | R15: =L15/D15 -> 0.1137776 | S15: =O15/D15 -> 0.35268679 | T15: =D15-O15 -> 5994.8 | U15: =L15/N15 -> 14.634722
A16: =IFERROR(IF(B16>0,MONTH(B16)&"-"&YEAR(B16),B16),) -> 0 | C16: Ideal Prostate | D16: 10757.44 | E16: 152 | F16: 144 | G16: =E16/F16 -> 1.0555556 | H16: =D16/E16 -> 70.772632 | I16: =H16/G16 -> 67.047756 | J16: 967 | K16: =E16/J16 -> 0.15718718 | L16: 1071.59 | M16: 150867 | N16: 60 | O16: 4505.45 | P16: =L16/O16 -> 0.23784306 | Q16: =O16/L16 -> 4.2044532 | R16: =L16/D16 -> 0.099613849 | S16: =O16/D16 -> 0.41882176 | T16: =D16-O16 -> 6251.99 | U16: =L16/N16 -> 17.859833
C17: Prosvent | D17: 31741 | E17: 547 | F17: 486 | G17: =E17/F17 -> 1.1255144 | H17: =D17/E17 -> 58.027422 | I17: =H17/G17 -> 51.556357 | J17: 1950 | K17: =E17/J17 -> 0.28051282 | L17: 3422.86 | M17: 231750 | N17: 159 | O17: 10877.95 | P17: =L17/O17 -> 0.31466039 | Q17: =O17/L17 -> 3.1780295 | R17: =L17/D17 -> 0.10783718 | S17: =O17/D17 -> 0.34270974 | T17: =D17-O17 -> 20863.05 | U17: =L17/N17 -> 21.527421
A18: =IFERROR(IF(B18>0,MONTH(B18)&"-"&YEAR(B18),B18),) -> 12-2023 | B18: 45290 | C18: Cebria | D18: 2991.7 | E18: 58 | F18: 49 | G18: =E18/F18 -> 1.1836735 | H18: =D18/E18 -> 51.581034 | I18: =H18/G18 -> 43.577081 | J18: 229 | K18: =E18/J18 -> 0.25327511 | L18: 247.83 | M18: 232130 | N18: 15 | O18: 918.35 | P18: =L18/O18 -> 0.26986443 | Q18: =O18/L18 -> 3.7055643 | R18: =L18/D18 -> 0.082839188 | S18: =O18/D18 -> 0.30696594 | T18: =D18-O18 -> 2073.35 | U18: =L18/N18 -> 16.522
A19: =IFERROR(IF(B19>0,MONTH(B19)&"-"&YEAR(B19),B19),) -> 12-2023 | B19: December 2023 | D19: =SUM(D13:D18) -> 69109.84 | E19: =SUM(E13:E18) -> 1145 | F19: =SUM(F13:F18) -> 1046 | G19: =E19/F19 -> 1.0946463 | H19: =D19/E19 -> 60.357939 | I19: =H19/G19 -> 55.139218 | J19: =SUM(J13:J18) -> 6879 | K19: =E19/J19 -> 0.16644861 | L19: =SUM(L13:L18) -> 7700.27 | M19: =SUM(M13:M18) -> 1015279 | N19: =SUM(N13:N18) -> 395 | O19: =SUM(O13:O18) -> 26272.75 | P19: =L19/O19 -> 0.29308961 | Q19: =O19/L19 -> 3.4119258 | R19: =L19/D19 -> 0.11142075 | S19: =O19/D19 -> 0.38015932 | T19: =SUM(T13:T18) -> 42837.09 | U19: =L19/N19 -> 19.494354 | V19: =IFERROR((D19-#REF!)/D19,) -> 0 | W19: =IFERROR((E19-#REF!)/E19,) -> 0 | X19: =IFERROR((D19-monthly_reporting_2021!D49)/D19, ) -> 1 | Y19: =IFERROR((E19-monthly_reporting_2021!E49)/E19, ) -> 1
A20: =IFERROR(IF(B20>0,MONTH(B20)&"-"&YEAR(B20),B20),) -> 12-2023 | B20: 45291 | C20: BeFlexible | D20: 419.7 | E20: 6 | F20: 6 | G20: =E20/F20 -> 1 | H20: =D20/E20 -> 69.95 | I20: =H20/G20 -> 69.95 | J20: 775 | K20: =E20/J20 -> 0.0077419355 | L20: 184.99 | M20: 189730 | N20: 3 | O20: 199.85 | P20: =L20/O20 -> 0.92564423 | Q20: =O20/L20 -> 1.0803287 | R20: =L20/D20 -> 0.44076721 | S20: =O20/D20 -> 0.47617346 | T20: =D20-O20 -> 219.85 | U20: =L20/N20 -> 61.663333
A21: =IFERROR(IF(B21>0,MONTH(B21)&"-"&YEAR(B21),B21),) -> 0 | C21: Better Bladder | D21: 14038.55 | E21: 210 | F21: 205 | G21: =E21/F21 -> 1.0243902 | H21: =D21/E21 -> 66.850238 | I21: =H21/G21 -> 65.258566 | J21: 1985 | K21: =E21/J21 -> 0.10579345 | L21: 2402.41 | M21: 375227 | N21: 91 | O21: 6424.85 | P21: =L21/O21 -> 0.37392468 | Q21: =O21/L21 -> 2.6743354 | R21: =L21/D21 -> 0.1711295 | S21: =O21/D21 -> 0.45765766 | T21: =D21-O21 -> 7613.7 | U21: =L21/N21 -> 26.40011
A22: =IFERROR(IF(B22>0,MONTH(B22)&"-"&YEAR(B22),B22),) -> 0 | C22: Grown American | D22: 11783.59 | E22: 229 | F22: 212 | G22: =E22/F22 -> 1.0801887 | H22: =D22/E22 -> 51.456725 | I22: =H22/G22 -> 47.636793 | J22: 2208 | K22: =E22/J22 -> 0.10371377 | L22: 1496.72 | M22: 96841 | N22: 85 | O22: 4425.5 | P22: =L22/O22 -> 0.33820359 | Q22: =O22/L22 -> 2.9567989 | R22: =L22/D22 -> 0.12701732 | S22: =O22/D22 -> 0.37556466 | T22: =D22-O22 -> 7358.09 | U22: =L22/N22 -> 17.608471
A23: =IFERROR(IF(B23>0,MONTH(B23)&"-"&YEAR(B23),B23),) -> 0 | C23: Ideal Prostate | D23: 12302.24 | E23: 174 | F23: 162 | G23: =E23/F23 -> 1.0740741 | H23: =D23/E23 -> 70.702529 | I23: =H23/G23 -> 65.826492 | J23: 1269 | K23: =E23/J23 -> 0.13711584 | L23: 1502 | M23: 210116 | N23: 70 | O23: 5037.07 | P23: =L23/O23 -> 0.29818923 | Q23: =O23/L23 -> 3.3535752 | R23: =L23/D23 -> 0.12209159 | S23: =O23/D23 -> 0.40944332 | T23: =D23-O23 -> 7265.17 | U23: =L23/N23 -> 21.457143
C24: Prosvent | D24: 32815 | E24: 565 | F24: 505 | G24: =E24/F24 -> 1.1188119 | H24: =D24/E24 -> 58.079646 | I24: =H24/G24 -> 51.911896 | J24: 2330 | K24: =E24/J24 -> 0.24248927 | L24: 3743.31 | M24: 279498 | N24: 182 | O24: 11842 | P24: =L24/O24 -> 0.31610454 | Q24: =O24/L24 -> 3.1635104 | R24: =L24/D24 -> 0.11407314 | S24: =O24/D24 -> 0.36087155 | T24: =D24-O24 -> 20973 | U24: =L24/N24 -> 20.567637
A25: =IFERROR(IF(B25>0,MONTH(B25)&"-"&YEAR(B25),B25),) -> 1-2024 | B25: 45297 | C25: Cebria | D25: 3652.8 | E25: 72 | F25: 56 | G25: =E25/F25 -> 1.2857143 | H25: =D25/E25 -> 50.733333 | I25: =H25/G25 -> 39.459259 | J25: 338 | K25: =E25/J25 -> 0.21301775 | L25: 408.22 | M25: 270649 | N25: 15 | O25: 1267.6 | P25: =L25/O25 -> 0.32204165 | Q25: =O25/L25 -> 3.1051884 | R25: =L25/D25 -> 0.11175537 | S25: =O25/D25 -> 0.34702146 | T25: =D25-O25 -> 2385.2 | U25: =L25/N25 -> 27.214667
A26: =IFERROR(IF(B26>0,MONTH(B26)&"-"&YEAR(B26),B26),) -> 0 | B26: Week 01 | D26: =SUM(D20:D25) -> 75011.88 | E26: =SUM(E20:E25) -> 1256 | F26: =SUM(F20:F25) -> 1146 | G26: =E26/F26 -> 1.095986 | H26: =D26/E26 -> 59.722834 | I26: =H26/G26 -> 54.492331 | J26: =SUM(J20:J25) -> 8905 | K26: =E26/J26 -> 0.14104436 | L26: =SUM(L20:L25) -> 9737.65 | M26: =SUM(M20:M25) -> 1422061 | N26: =SUM(N20:N25) -> 446 | O26: =SUM(O20:O25) -> 29196.87 | P26: =L26/O26 -> 0.33351691 | Q26: =O26/L26 -> 2.9983487 | R26: =L26/D26 -> 0.12981477 | S26: =O26/D26 -> 0.38922995 | T26: =SUM(T20:T25) -> 45815.01 | U26: =L26/N26 -> 21.833296 | V26: =IFERROR((D26-#REF!)/D26,) -> 0 | W26: =IFERROR((E26-#REF!)/E26,) -> 0 | X26: =IFERROR((D26-monthly_reporting_2021!D49)/D26, ) -> 1 | Y26: =IFERROR((E26-monthly_reporting_2021!E49)/E26, ) -> 1
A27: =IFERROR(IF(B27>0,MONTH(B27)&"-"&YEAR(B27),B27),) -> 1-2024 | B27: 45298 | C27: BeFlexible | D27: 629.55 | E27: 9 | F27: 7 | G27: =E27/F27 -> 1.2857143 | H27: =D27/E27 -> 69.95 | I27: =H27/G27 -> 54.405556 | J27: 1009 | K27: =E27/J27 -> 0.0089197225 | L27: 272.44 | M27: 119021 | N27: 2 | O27: 209.85 | P27: =L27/O27 -> 1.2982607 | Q27: =O27/L27 -> 0.77026134 | R27: =L27/D27 -> 0.43275355 | S27: =O27/D27 -> 0.33333333 | T27: =D27-O27 -> 419.7 | U27: =L27/N27 -> 136.22
A28: =IFERROR(IF(B28>0,MONTH(B28)&"-"&YEAR(B28),B28),) -> 0 | C28: Better Bladder | D28: 15047.9 | E28: 218 | F28: 201 | G28: =E28/F28 -> 1.0845771 | H28: =D28/E28 -> 69.027064 | I28: =H28/G28 -> 63.64422 | J28: 2199 | K28: =E28/J28 -> 0.099135971 | L28: 2700.31 | M28: 410649 | N28: 94 | O28: 7154.4 | P28: =L28/O28 -> 0.37743347 | Q28: =O28/L28 -> 2.6494736 | R28: =L28/D28 -> 0.17944763 | S28: =O28/D28 -> 0.47544176 | T28: =D28-O28 -> 7893.5 | U28: =L28/N28 -> 28.726702
A29: =IFERROR(IF(B29>0,MONTH(B29)&"-"&YEAR(B29),B29),) -> 0 | C29: Grown American | D29: 10919.75 | E29: 205 | F29: 187 | G29: =E29/F29 -> 1.0962567 | H29: =D29/E29 -> 53.267073 | I29: =H29/G29 -> 48.589964 | J29: 1875 | K29: =E29/J29 -> 0.10933333 | L29: 1185.49 | M29: 94509 | N29: 75 | O29: 3951.1 | P29: =L29/O29 -> 0.3000405 | Q29: =O29/L29 -> 3.3328834 | R29: =L29/D29 -> 0.10856384 | S29: =O29/D29 -> 0.36183063 | T29: =D29-O29 -> 6968.65 | U29: =L29/N29 -> 15.806533
A30: =IFERROR(IF(B30>0,MONTH(B30)&"-"&YEAR(B30),B30),) -> 0 | C30: Ideal Prostate | D30: 12163.13 | E30: 178 | F30: 173 | G30: =E30/F30 -> 1.0289017 | H30: =D30/E30 -> 68.332191 | I30: =H30/G30 -> 66.412747 | J30: 1257 | K30: =E30/J30 -> 0.141607 | L30: 1404.3 | M30: 242287 | N30: 67 | O30: 4579.27 | P30: =L30/O30 -> 0.3066646 | Q30: =O30/L30 -> 3.2608915 | R30: =L30/D30 -> 0.11545548 | S30: =O30/D30 -> 0.3764878 | T30: =D30-O30 -> 7583.86 | U30: =L30/N30 -> 20.959701
C31: Prosvent | D31: 32437 | E31: 559 | F31: 491 | G31: =E31/F31 -> 1.1384929 | H31: =D31/E31 -> 58.026834 | I31: =H31/G31 -> 50.968113 | J31: 2389 | K31: =E31/J31 -> 0.23398912 | L31: 3885.98 | M31: 273624 | N31: 157 | O31: 10330 | P31: =L31/O31 -> 0.37618393 | Q31: =O31/L31 -> 2.6582741 | R31: =L31/D31 -> 0.11980084 | S31: =O31/D31 -> 0.31846348 | T31: =D31-O31 -> 22107 | U31: =L31/N31 -> 24.751465
A32: =IFERROR(IF(B32>0,MONTH(B32)&"-"&YEAR(B32),B32),) -> 1-2024 | B32: 45304 | C32: Cebria | D32: 1503.55 | E32: 27 | F32: 22 | G32: =E32/F32 -> 1.2272727 | H32: =D32/E32 -> 55.687037 | I32: =H32/G32 -> 45.374623 | J32: 251 | K32: =E32/J32 -> 0.10756972 | L32: 272.22 | M32: 202895 | N32: 13 | O32: 947.05 | P32: =L32/O32 -> 0.28743995 | Q32: =O32/L32 -> 3.4789876 | R32: =L32/D32 -> 0.18105151 | S32: =O32/D32 -> 0.62987596 | T32: =D32-O32 -> 556.5 | U32: =L32/N32 -> 20.94
A33: =IFERROR(IF(B33>0,MONTH(B33)&"-"&YEAR(B33),B33),) -> 0 | B33: Week 02 | D33: =SUM(D27:D32) -> 72700.88 | E33: =SUM(E27:E32) -> 1196 | F33: =SUM(F27:F32) -> 1081 | G33: =E33/F33 -> 1.106383 | H33: =D33/E33 -> 60.786689 | I33: =H33/G33 -> 54.941815 | J33: =SUM(J27:J32) -> 8980 | K33: =E33/J33 -> 0.13318486 | L33: =SUM(L27:L32) -> 9720.74 | M33: =SUM(M27:M32) -> 1342985 | N33: =SUM(N27:N32) -> 408 | O33: =SUM(O27:O32) -> 27171.67 | P33: =L33/O33 -> 0.35775276 | Q33: =O33/L33 -> 2.7952265 | R33: =L33/D33 -> 0.1337087 | S33: =O33/D33 -> 0.37374609 | T33: =SUM(T27:T32) -> 45529.21 | U33: =L33/N33 -> 23.825343 | V33: =IFERROR((D33-#REF!)/D33,) -> 0 | W33: =IFERROR((E33-#REF!)/E33,) -> 0 | X33: =IFERROR((D33-monthly_reporting_2021!D49)/D33, ) -> 1 | Y33: =IFERROR((E33-monthly_reporting_2021!E49)/E33, ) -> 1
A34: =IFERROR(IF(B34>0,MONTH(B34)&"-"&YEAR(B34),B34),) -> 1-2024 | B34: 45305 | C34: BeFlexible | D34: 409.7 | E34: 6 | F34: 5 | G34: =E34/F34 -> 1.2 | H34: =D34/E34 -> 68.283333 | I34: =H34/G34 -> 56.902778 | J34: 848 | K34: =E34/J34 -> 0.0070754717 | L34: 207.48 | M34: 141521 | N34: 1 | O34: 59.95 | P34: =L34/O34 -> 3.4608841 | Q34: =O34/L34 -> 0.28894351 | R34: =L34/D34 -> 0.50641933 | S34: =O34/D34 -> 0.14632658 | T34: =D34-O34 -> 349.75 | U34: =L34/N34 -> 207.48
A35: =IFERROR(IF(B35>0,MONTH(B35)&"-"&YEAR(B35),B35),) -> 0 | C35: Better Bladder | D35: 14578.45 | E35: 217 | F35: 208 | G35: =E35/F35 -> 1.0432692 | H35: =D35/E35 -> 67.181797 | I35: =H35/G35 -> 64.395455 | J35: 2241 | K35: =E35/J35 -> 0.096831772 | L35: 2605.79 | M35: 431488 | N35: 102 | O35: 7412.31 | P35: =L35/O35 -> 0.35154898 | Q35: =O35/L35 -> 2.8445539 | R35: =L35/D35 -> 0.1787426 | S35: =O35/D35 -> 0.50844294 | T35: =D35-O35 -> 7166.14 | U35: =L35/N35 -> 25.546961
A36: =IFERROR(IF(B36>0,MONTH(B36)&"-"&YEAR(B36),B36),) -> 0 | C36: Grown American | D36: 10940.3 | E36: 194 | F36: 186 | G36: =E36/F36 -> 1.0430108 | H36: =D36/E36 -> 56.393299 | I36: =H36/G36 -> 54.067802 | J36: 2082 | K36: =E36/J36 -> 0.093179635 | L36: 1184.65 | M36: 88021 | N36: 70 | O36: 3646.4 | P36: =L36/O36 -> 0.32488208 | Q36: =O36/L36 -> 3.0780399 | R36: =L36/D36 -> 0.10828314 | S36: =O36/D36 -> 0.33329982 | T36: =D36-O36 -> 7293.9 | U36: =L36/N36 -> 16.923571
A37: =IFERROR(IF(B37>0,MONTH(B37)&"-"&YEAR(B37),B37),) -> 0 | C37: Ideal Prostate | D37: 14538.44 | E37: 208 | F37: 194 | G37: =E37/F37 -> 1.0721649 | H37: =D37/E37 -> 69.896346 | I37: =H37/G37 -> 65.191784 | J37: 1375 | K37: =E37/J37 -> 0.15127273 | L37: 1491.26 | M37: 220279 | N37: 88 | O37: 6415.94 | P37: =L37/O37 -> 0.23243048 | Q37: =O37/L37 -> 4.3023618 | R37: =L37/D37 -> 0.10257359 | S37: =O37/D37 -> 0.4413087 | T37: =D37-O37 -> 8122.5 | U37: =L37/N37 -> 16.946136
C38: Prosvent | D38: 33542 | E38: 578 | F38: 499 | G38: =E38/F38 -> 1.1583166 | H38: =D38/E38 -> 58.031142 | I38: =H38/G38 -> 50.09955 | J38: 2479 | K38: =E38/J38 -> 0.23315853 | L38: 4067.32 | M38: 276360 | N38: 163 | O38: 10877.95 | P38: =L38/O38 -> 0.37390501 | Q38: =O38/L38 -> 2.6744761 | R38: =L38/D38 -> 0.12126051 | S38: =O38/D38 -> 0.32430833 | T38: =D38-O38 -> 22664.05 | U38: =L38/N38 -> 24.952883
A39: =IFERROR(IF(B39>0,MONTH(B39)&"-"&YEAR(B39),B39),) -> 1-2024 | B39: 45311 | C39: Cebria | D39: 2241.95 | E39: 43 | F39: 38 | G39: =E39/F39 -> 1.1315789 | H39: =D39/E39 -> 52.138372 | I39: =H39/G39 -> 46.075771 | J39: 278 | K39: =E39/J39 -> 0.15467626 | L39: 325.85 | M39: 233042 | N39: 6 | O39: 439.2 | P39: =L39/O39 -> 0.74191712 | Q39: =O39/L39 -> 1.3478594 | R39: =L39/D39 -> 0.14534222 | S39: =O39/D39 -> 0.19590089 | T39: =D39-O39 -> 1802.75 | U39: =L39/N39 -> 54.308333
A40: =IFERROR(IF(B40>0,MONTH(B40)&"-"&YEAR(B40),B40),) -> 0 | B40: Week 03 | D40: =SUM(D34:D39) -> 76250.84 | E40: =SUM(E34:E39) -> 1246 | F40: =SUM(F34:F39) -> 1130 | G40: =E40/F40 -> 1.1026549 | H40: =D40/E40 -> 61.196501 | I40: =H40/G40 -> 55.499234 | J40: =SUM(J34:J39) -> 9303 | K40: =E40/J40 -> 0.13393529 | L40: =SUM(L34:L39) -> 9882.35 | M40: =SUM(M34:M39) -> 1390711 | N40: =SUM(N34:N39) -> 430 | O40: =SUM(O34:O39) -> 28851.75 | P40: =L40/O40 -> 0.34252168 | Q40: =O40/L40 -> 2.9195232 | R40: =L40/D40 -> 0.12960316 | S40: =O40/D40 -> 0.37837944 | T40: =SUM(T34:T39) -> 47399.09 | U40: =L40/N40 -> 22.982209 | V40: =IFERROR((D40-#REF!)/D40,) -> 0 | W40: =IFERROR((E40-#REF!)/E40,) -> 0 | X40: =IFERROR((D40-monthly_reporting_2021!D49)/D40, ) -> 1 | Y40: =IFERROR((E40-monthly_reporting_2021!E49)/E40, ) -> 1
A41: =IFERROR(IF(B41>0,MONTH(B41)&"-"&YEAR(B41),B41),) -> 1-2024 | B41: 45312 | C41: BeFlexible | D41: 699.5 | E41: 10 | F41: 9 | G41: =E41/F41 -> 1.1111111 | H41: =D41/E41 -> 69.95 | I41: =H41/G41 -> 62.955 | J41: 643 | K41: =E41/J41 -> 0.0155521 | L41: 212.29 | M41: 272184 | N41: 3 | O41: 279.8 | P41: =L41/O41 -> 0.75872051 | Q41: =O41/L41 -> 1.3180084 | R41: =L41/D41 -> 0.30348821 | S41: =O41/D41 -> 0.4 | T41: =D41-O41 -> 419.7 | U41: =L41/N41 -> 70.763333
A42: =IFERROR(IF(B42>0,MONTH(B42)&"-"&YEAR(B42),B42),) -> 0 | C42: Better Bladder | D42: 17076.05 | E42: 246 | F42: 235 | G42: =E42/F42 -> 1.0468085 | H42: =D42/E42 -> 69.414837 | I42: =H42/G42 -> 66.310922 | J42: 2277 | K42: =E42/J42 -> 0.10803689 | L42: 2667.08 | M42: 393195 | N42: 87 | O42: 6894.45 | P42: =L42/O42 -> 0.38684449 | Q42: =O42/L42 -> 2.5850181 | R42: =L42/D42 -> 0.15618835 | S42: =O42/D42 -> 0.4037497 | T42: =D42-O42 -> 10181.6 | U42: =L42/N42 -> 30.656092
A43: =IFERROR(IF(B43>0,MONTH(B43)&"-"&YEAR(B43),B43),) -> 0 | C43: Grown American | D43: 11034.95 | E43: 201 | F43: 188 | G43: =E43/F43 -> 1.0691489 | H43: =D43/E43 -> 54.900249 | I43: =H43/G43 -> 51.349486 | J43: 2219 | K43: =E43/J43 -> 0.090581343 | L43: 1231.16 | M43: 83748 | N43: 71 | O43: 3996.15 | P43: =L43/O43 -> 0.30808653 | Q43: =O43/L43 -> 3.2458413 | R43: =L43/D43 -> 0.11156915 | S43: =O43/D43 -> 0.36213576 | T43: =D43-O43 -> 7038.8 | U43: =L43/N43 -> 17.340282
A44: =IFERROR(IF(B44>0,MONTH(B44)&"-"&YEAR(B44),B44),) -> 0 | C44: Ideal Prostate | D44: 15873.43 | E44: 231 | F44: 214 | G44: =E44/F44 -> 1.0794393 | H44: =D44/E44 -> 68.716147 | I44: =H44/G44 -> 63.659115 | J44: 1401 | K44: =E44/J44 -> 0.16488223 | L44: 1695.21 | M44: 233874 | N44: 94 | O44: 6428.76 | P44: =L44/O44 -> 0.2636916 | Q44: =O44/L44 -> 3.7923089 | R44: =L44/D44 -> 0.10679544 | S44: =O44/D44 -> 0.40500131 | T44: =D44-O44 -> 9444.67 | U44: =L44/N44 -> 18.034149
C45: Prosvent | D45: 32592 | E45: 564 | F45: 510 | G45: =E45/F45 -> 1.1058824 | H45: =D45/E45 -> 57.787234 | I45: =H45/G45 -> 52.254414 | J45: 2688 | K45: =E45/J45 -> 0.20982143 | L45: 4730.85 | M45: 271621 | N45: 183 | O45: 11678.95 | P45: =L45/O45 -> 0.40507494 | Q45: =O45/L45 -> 2.468679 | R45: =L45/D45 -> 0.14515372 | S45: =O45/D45 -> 0.35833794 | T45: =D45-O45 -> 20913.05 | U45: =L45/N45 -> 25.851639
A46: =IFERROR(IF(B46>0,MONTH(B46)&"-"&YEAR(B46),B46),) -> 1-2024 | B46: 45318 | C46: Cebria | D46: 3490.9 | E46: 66 | F46: 50 | G46: =E46/F46 -> 1.32 | H46: =D46/E46 -> 52.892424 | I46: =H46/G46 -> 40.070018 | J46: 357 | K46: =E46/J46 -> 0.18487395 | L46: 533.47 | M46: 255650 | N46: 21 | O46: 1570.85 | P46: =L46/O46 -> 0.33960595 | Q46: =O46/L46 -> 2.9445892 | R46: =L46/D46 -> 0.15281733 | S46: =O46/D46 -> 0.44998424 | T46: =D46-O46 -> 1920.05 | U46: =L46/N46 -> 25.403333
A47: =IFERROR(IF(B47>0,MONTH(B47)&"-"&YEAR(B47),B47),) -> 0 | B47: Week 04 | D47: =SUM(D41:D46) -> 80766.83 | E47: =SUM(E41:E46) -> 1318 | F47: =SUM(F41:F46) -> 1206 | G47: =E47/F47 -> 1.092869 | H47: =D47/E47 -> 61.279841 | I47: =H47/G47 -> 56.072449 | J47: =SUM(J41:J46) -> 9585 | K47: =E47/J47 -> 0.13750652 | L47: =SUM(L41:L46) -> 11070.06 | M47: =SUM(M41:M46) -> 1510272 | N47: =SUM(N41:N46) -> 459 | O47: =SUM(O41:O46) -> 30848.96 | P47: =L47/O47 -> 0.35884711 | Q47: =O47/L47 -> 2.7867021 | R47: =L47/D47 -> 0.13706196 | S47: =O47/D47 -> 0.38195086 | T47: =SUM(T41:T46) -> 49917.87 | U47: =L47/N47 -> 24.117778 | V47: =IFERROR((D47-#REF!)/D47,) -> 0 | W47: =IFERROR((E47-#REF!)/E47,) -> 0 | X47: =IFERROR((D47-monthly_reporting_2021!D49)/D47, ) -> 1 | Y47: =IFERROR((E47-monthly_reporting_2021!E49)/E47, ) -> 1
A48: =IFERROR(IF(B48>0,MONTH(B48)&"-"&YEAR(B48),B48),) -> 1-2024 | B48: 45319 | C48: BeFlexible | D48: 559.6 | E48: 8 | F48: 7 | G48: =E48/F48 -> 1.1428571 | H48: =D48/E48 -> 69.95 | I48: =H48/G48 -> 61.20625 | J48: 177 | K48: =E48/J48 -> 0.04519774 | L48: 212.31 | M48: 322888 | N48: 1 | O48: 69.95 | P48: =L48/O48 -> 3.035168 | Q48: =O48/L48 -> 0.32947106 | R48: =L48/D48 -> 0.379396 | S48: =O48/D48 -> 0.125 | T48: =D48-O48 -> 489.65 | U48: =L48/N48 -> 212.31
A49: =IFERROR(IF(B49>0,MONTH(B49)&"-"&YEAR(B49),B49),) -> 0 | C49: Better Bladder | D49: 16196.8 | E49: 240 | F49: 229 | G49: =E49/F49 -> 1.0480349 | H49: =D49/E49 -> 67.486667 | I49: =H49/G49 -> 64.393528 | J49: 2277 | K49: =E49/J49 -> 0.10540184 | L49: 2686.5 | M49: 378041 | N49: 97 | O49: 6869.45 | P49: =L49/O49 -> 0.39107934 | Q49: =O49/L49 -> 2.5570259 | R49: =L49/D49 -> 0.1658661 | S49: =O49/D49 -> 0.4241239 | T49: =D49-O49 -> 9327.35 | U49: =L49/N49 -> 27.695876
A50: =IFERROR(IF(B50>0,MONTH(B50)&"-"&YEAR(B50),B50),) -> 0 | C50: Grown American | D50: 8527.05 | E50: 159 | F50: 148 | G50: =E50/F50 -> 1.0743243 | H50: =D50/E50 -> 53.629245 | I50: =H50/G50 -> 49.919046 | J50: 1852 | K50: =E50/J50 -> 0.085853132 | L50: 1165.38 | M50: 78355 | N50: 57 | O50: 2971.95 | P50: =L50/O50 -> 0.39212638 | Q50: =O50/L50 -> 2.5501982 | R50: =L50/D50 -> 0.1366686 | S50: =O50/D50 -> 0.34853202 | T50: =D50-O50 -> 5555.1 | U50: =L50/N50 -> 20.445263
A51: =IFERROR(IF(B51>0,MONTH(B51)&"-"&YEAR(B51),B51),) -> 0 | C51: Ideal Prostate | D51: 13385.37 | E51: 193 | F51: 188 | G51: =E51/F51 -> 1.0265957 | H51: =D51/E51 -> 69.354249 | I51: =H51/G51 -> 67.557507 | J51: 1433 | K51: =E51/J51 -> 0.13468248 | L51: 1700.29 | M51: 295560 | N51: 96 | O51: 7002.56 | P51: =L51/O51 -> 0.24280977 | Q51: =O51/L51 -> 4.1184504 | R51: =L51/D51 -> 0.127026 | S51: =O51/D51 -> 0.52315028 | T51: =D51-O51 -> 6382.81 | U51: =L51/N51 -> 17.711354
C52: Prosvent | D52: 33432 | E52: 577 | F52: 523 | G52: =E52/F52 -> 1.1032505 | H52: =D52/E52 -> 57.941075 | I52: =H52/G52 -> 52.518513 | J52: 2573 | K52: =E52/J52 -> 0.22425185 | L52: 4353.17 | M52: 285830 | N52: 177 | O52: 11106.95 | P52: =L52/O52 -> 0.39193208 | Q52: =O52/L52 -> 2.5514625 | R52: =L52/D52 -> 0.13020968 | S52: =O52/D52 -> 0.33222511 | T52: =D52-O52 -> 22325.05 | U52: =L52/N52 -> 24.594181
A53: =IFERROR(IF(B53>0,MONTH(B53)&"-"&YEAR(B53),B53),) -> 2-2024 | B53: 45325 | C53: Cebria | D53: 2943.05 | E53: 57 | F53: 51 | G53: =E53/F53 -> 1.1176471 | H53: =D53/E53 -> 51.632456 | I53: =H53/G53 -> 46.197461 | J53: 292 | K53: =E53/J53 -> 0.19520548 | L53: 418.33 | M53: 283600 | N53: 12 | O53: 692.45 | P53: =L53/O53 -> 0.60413026 | Q53: =O53/L53 -> 1.6552722 | R53: =L53/D53 -> 0.14214166 | S53: =O53/D53 -> 0.23528312 | T53: =D53-O53 -> 2250.6 | U53: =L53/N53 -> 34.860833
A54: =IFERROR(IF(B54>0,MONTH(B54)&"-"&YEAR(B54),B54),) -> 0 | B54: Week 05 | D54: =SUM(D48:D53) -> 75043.87 | E54: =SUM(E48:E53) -> 1234 | F54: =SUM(F48:F53) -> 1146 | G54: =E54/F54 -> 1.0767888 | H54: =D54/E54 -> 60.813509 | I54: =H54/G54 -> 56.476727 | J54: =SUM(J48:J53) -> 8604 | K54: =E54/J54 -> 0.14342166 | L54: =SUM(L48:L53) -> 10535.98 | M54: =SUM(M48:M53) -> 1644274 | N54: =SUM(N48:N53) -> 440 | O54: =SUM(O48:O53) -> 28713.31 | P54: =L54/O54 -> 0.36693715 | Q54: =O54/L54 -> 2.7252624 | R54: =L54/D54 -> 0.14039761 | S54: =O54/D54 -> 0.38262033 | T54: =SUM(T48:T53) -> 46330.56 | U54: =L54/N54 -> 23.945409 | V54: =IFERROR((D54-#REF!)/D54,) -> 0 | W54: =IFERROR((E54-#REF!)/E54,) -> 0 | X54: =IFERROR((D54-monthly_reporting_2021!D49)/D54, ) -> 1 | Y54: =IFERROR((E54-monthly_reporting_2021!E49)/E54, ) -> 1
A55: =IFERROR(IF(B55>0,MONTH(B55)&"-"&YEAR(B55),B55),) -> 2-2024 | B55: 45326 | C55: BeFlexible | D55: 559.6 | E55: 8 | F55: 8 | G55: =E55/F55 -> 1 | H55: =D55/E55 -> 69.95 | I55: =H55/G55 -> 69.95 | J55: 145 | K55: =E55/J55 -> 0.055172414 | L55: 141.9 | M55: 199957 | N55: 2 | O55: 139.9 | P55: =L55/O55 -> 1.0142959 | Q55: =O55/L55 -> 0.98590557 | R55: =L55/D55 -> 0.25357398 | S55: =O55/D55 -> 0.25 | T55: =D55-O55 -> 419.7 | U55: =L55/N55 -> 70.95
A56: =IFERROR(IF(B56>0,MONTH(B56)&"-"&YEAR(B56),B56),) -> 0 | C56: Better Bladder | D56: 14788.2 | E56: 214 | F56: 203 | G56: =E56/F56 -> 1.0541872 | H56: =D56/E56 -> 69.103738 | I56: =H56/G56 -> 65.551677 | J56: 2372 | K56: =E56/J56 -> 0.090219224 | L56: 2757.36 | M56: 383797 | N56: 106 | O56: 7953.75 | P56: =L56/O56 -> 0.34667421 | Q56: =O56/L56 -> 2.8845526 | R56: =L56/D56 -> 0.18645677 | S56: =O56/D56 -> 0.53784436 | T56: =D56-O56 -> 6834.45 | U56: =L56/N56 -> 26.01283
A57: =IFERROR(IF(B57>0,MONTH(B57)&"-"&YEAR(B57),B57),) -> 0 | C57: Grown American | D57: 8936.37 | E57: 175 | F57: 160 | G57: =E57/F57 -> 1.09375 | H57: =D57/E57 -> 51.064971 | I57: =H57/G57 -> 46.687974 | J57: 1865 | K57: =E57/J57 -> 0.09383378 | L57: 1210.21 | M57: 94672 | N57: 60 | O57: 3146.74 | P57: =L57/O57 -> 0.38459167 | Q57: =O57/L57 -> 2.6001603 | R57: =L57/D57 -> 0.13542523 | S57: =O57/D57 -> 0.35212732 | T57: =D57-O57 -> 5789.63 | U57: =L57/N57 -> 20.170167
A58: =IFERROR(IF(B58>0,MONTH(B58)&"-"&YEAR(B58),B58),) -> 0 | C58: Ideal Prostate | D58: 13714.09 | E58: 198 | F58: 193 | G58: =E58/F58 -> 1.0259067 | H58: =D58/E58 -> 69.263081 | I58: =H58/G58 -> 67.514013 | J58: 1577 | K58: =E58/J58 -> 0.12555485 | L58: 1991.32 | M58: 258760 | N58: 84 | O58: 5721.42 | P58: =L58/O58 -> 0.34804646 | Q58: =O58/L58 -> 2.8731796 | R58: =L58/D58 -> 0.14520249 | S58: =O58/D58 -> 0.41719283 | T58: =D58-O58 -> 7992.67 | U58: =L58/N58 -> 23.70619
C59: Prosvent | D59: 36594 | E59: 630 | F59: 554 | G59: =E59/F59 -> 1.1371841 | H59: =D59/E59 -> 58.085714 | I59: =H59/G59 -> 51.078549 | J59: 2422 | K59: =E59/J59 -> 0.26011561 | L59: 3842.56 | M59: 228703 | N59: 182 | O59: 12261.9 | P59: =L59/O59 -> 0.31337395 | Q59: =O59/L59 -> 3.1910757 | R59: =L59/D59 -> 0.10500519 | S59: =O59/D59 -> 0.33507952 | T59: =D59-O59 -> 24332.1 | U59: =L59/N59 -> 21.112967
A60: =IFERROR(IF(B60>0,MONTH(B60)&"-"&YEAR(B60),B60),) -> 2-2024 | B60: 45332 | C60: Cebria | D60: 2824.4 | E60: 56 | F60: 44 | G60: =E60/F60 -> 1.2727273 | H60: =D60/E60 -> 50.435714 | I60: =H60/G60 -> 39.628061 | J60: 251 | K60: =E60/J60 -> 0.22310757 | L60: 254.77 | M60: 229845 | N60: 15 | O60: 1090.3 | P60: =L60/O60 -> 0.23366963 | Q60: =O60/L60 -> 4.2795463 | R60: =L60/D60 -> 0.090203229 | S60: =O60/D60 -> 0.38602889 | T60: =D60-O60 -> 1734.1 | U60: =L60/N60 -> 16.984667
A61: =IFERROR(IF(B61>0,MONTH(B61)&"-"&YEAR(B61),B61),) -> 0 | B61: Week 06 | D61: =SUM(D55:D60) -> 77416.66 | E61: =SUM(E55:E60) -> 1281 | F61: =SUM(F55:F60) -> 1162 | G61: =E61/F61 -> 1.1024096 | H61: =D61/E61 -> 60.434551 | I61: =H61/G61 -> 54.820413 | J61: =SUM(J55:J60) -> 8632 | K61: =E61/J61 -> 0.1484013 | L61: =SUM(L55:L60) -> 10198.12 | M61: =SUM(M55:M60) -> 1395734 | N61: =SUM(N55:N60) -> 449 | O61: =SUM(O55:O60) -> 30314.01 | P61: =L61/O61 -> 0.33641607 | Q61: =O61/L61 -> 2.9725096 | R61: =L61/D61 -> 0.1317303 | S61: =O61/D61 -> 0.39156959 | T61: =SUM(T55:T60) -> 47102.65 | U61: =L61/N61 -> 22.712962 | V61: =IFERROR((D61-#REF!)/D61,) -> 0 | W61: =IFERROR((E61-#REF!)/E61,) -> 0 | X61: =IFERROR((D61-monthly_reporting_2021!D49)/D61, ) -> 1 | Y61: =IFERROR((E61-monthly_reporting_2021!E49)/E61, ) -> 1
A62: =IFERROR(IF(B62>0,MONTH(B62)&"-"&YEAR(B62),B62),) -> 2-2024 | B62: 45333 | C62: BeFlexible | D62: 1329.05 | E62: 19 | F62: 13 | G62: =E62/F62 -> 1.4615385 | H62: =D62/E62 -> 69.95 | I62: =H62/G62 -> 47.860526 | J62: 215 | K62: =E62/J62 -> 0.088372093 | L62: 187.13 | M62: 140114 | N62: 5 | O62: 559.6 | P62: =L62/O62 -> 0.33439957 | Q62: =O62/L62 -> 2.9904345 | R62: =L62/D62 -> 0.14079982 | S62: =O62/D62 -> 0.42105263 | T62: =D62-O62 -> 769.45 | U62: =L62/N62 -> 37.426
A63: =IFERROR(IF(B63>0,MONTH(B63)&"-"&YEAR(B63),B63),) -> 0 | C63: Better Bladder | D63: 19284.55 | E63: 279 | F63: 264 | G63: =E63/F63 -> 1.0568182 | H63: =D63/E63 -> 69.120251 | I63: =H63/G63 -> 65.404108 | J63: 2380 | K63: =E63/J63 -> 0.11722689 | L63: 2497.84 | M63: 410075 | N63: 97 | O63: 7234.4 | P63: =L63/O63 -> 0.34527259 | Q63: =O63/L63 -> 2.8962624 | R63: =L63/D63 -> 0.12952545 | S63: =O63/D63 -> 0.37513968 | T63: =D63-O63 -> 12050.15 | U63: =L63/N63 -> 25.750928
A64: =IFERROR(IF(B64>0,MONTH(B64)&"-"&YEAR(B64),B64),) -> 0 | C64: Grown American | D64: 9416.15 | E64: 177 | F64: 168 | G64: =E64/F64 -> 1.0535714 | H64: =D64/E64 -> 53.198588 | I64: =H64/G64 -> 50.493575 | J64: 2010 | K64: =E64/J64 -> 0.088059701 | L64: 1169.97 | M64: 100202 | N64: 67 | O64: 3351.55 | P64: =L64/O64 -> 0.34908326 | Q64: =O64/L64 -> 2.8646461 | R64: =L64/D64 -> 0.12425142 | S64: =O64/D64 -> 0.35593634 | T64: =D64-O64 -> 6064.6 | U64: =L64/N64 -> 17.462239
A65: =IFERROR(IF(B65>0,MONTH(B65)&"-"&YEAR(B65),B65),) -> 0 | C65: Ideal Prostate | D65: 16100.1 | E65: 229 | F65: 216 | G65: =E65/F65 -> 1.0601852 | H65: =D65/E65 -> 70.306114 | I65: =H65/G65 -> 66.314937 | J65: 1376 | K65: =E65/J65 -> 0.16642442 | L65: 1784.36 | M65: 271315 | N65: 73 | O65: 5366.7 | P65: =L65/O65 -> 0.33248738 | Q65: =O65/L65 -> 3.007633 | R65: =L65/D65 -> 0.11082913 | S65: =O65/D65 -> 0.33333333 | T65: =D65-O65 -> 10733.4 | U65: =L65/N65 -> 24.443288
C66: Prosvent | D66: 38445 | E66: 663 | F66: 598 | G66: =E66/F66 -> 1.1086957 | H66: =D66/E66 -> 57.986425 | I66: =H66/G66 -> 52.301482 | J66: 2643 | K66: =E66/J66 -> 0.25085131 | L66: 4069.49 | M66: 237200 | N66: 176 | O66: 11420.95 | P66: =L66/O66 -> 0.35631799 | Q66: =O66/L66 -> 2.8064819 | R66: =L66/D66 -> 0.10585226 | S66: =O66/D66 -> 0.29707244 | T66: =D66-O66 -> 27024.05 | U66: =L66/N66 -> 23.122102
A67: =IFERROR(IF(B67>0,MONTH(B67)&"-"&YEAR(B67),B67),) -> 2-2024 | B67: 45339 | C67: Cebria | D67: 2661.15 | E67: 51 | F67: 41 | G67: =E67/F67 -> 1.2439024 | H67: =D67/E67 -> 52.179412 | I67: =H67/G67 -> 41.948155 | J67: 300 | K67: =E67/J67 -> 0.17 | L67: 240.66 | M67: 242246 | N67: 6 | O67: 536.5 | P67: =L67/O67 -> 0.44857409 | Q67: =O67/L67 -> 2.2292861 | R67: =L67/D67 -> 0.090434587 | S67: =O67/D67 -> 0.20160457 | T67: =D67-O67 -> 2124.65 | U67: =L67/N67 -> 40.11
A68: =IFERROR(IF(B68>0,MONTH(B68)&"-"&YEAR(B68),B68),) -> 0 | B68: Week 07 | D68: =SUM(D62:D67) -> 87236 | E68: =SUM(E62:E67) -> 1418 | F68: =SUM(F62:F67) -> 1300 | G68: =E68/F68 -> 1.0907692 | H68: =D68/E68 -> 61.520451 | I68: =H68/G68 -> 56.400978 | J68: =SUM(J62:J67) -> 8924 | K68: =E68/J68 -> 0.15889736 | L68: =SUM(L62:L67) -> 9949.45 | M68: =SUM(M62:M67) -> 1401152 | N68: =SUM(N62:N67) -> 424 | O68: =SUM(O62:O67) -> 28469.7 | P68: =L68/O68 -> 0.34947506 | Q68: =O68/L68 -> 2.8614346 | R68: =L68/D68 -> 0.11405211 | S68: =O68/D68 -> 0.32635265 | T68: =SUM(T62:T67) -> 58766.3 | U68: =L68/N68 -> 23.465684 | V68: =IFERROR((D68-#REF!)/D68,) -> 0 | W68: =IFERROR((E68-#REF!)/E68,) -> 0 | X68: =IFERROR((D68-monthly_reporting_2021!D49)/D68, ) -> 1 | Y68: =IFERROR((E68-monthly_reporting_2021!E49)/E68, ) -> 1
A69: =IFERROR(IF(B69>0,MONTH(B69)&"-"&YEAR(B69),B69),) -> 2-2024 | B69: 45340 | C69: BeFlexible | D69: 1189.15 | E69: 17 | F69: 12 | G69: =E69/F69 -> 1.4166667 | H69: =D69/E69 -> 69.95 | I69: =H69/G69 -> 49.376471 | J69: 218 | K69: =E69/J69 -> 0.077981651 | L69: 445.92 | M69: 74309 | N69: 10 | O69: 748.15 | P69: =L69/O69 -> 0.59603021 | Q69: =O69/L69 -> 1.6777673 | R69: =L69/D69 -> 0.37499054 | S69: =O69/D69 -> 0.62914687 | T69: =D69-O69 -> 441 | U69: =L69/N69 -> 44.592
A70: =IFERROR(IF(B70>0,MONTH(B70)&"-"&YEAR(B70),B70),) -> 0 | C70: Better Bladder | D70: 17136 | E70: 260 | F70: 252 | G70: =E70/F70 -> 1.031746 | H70: =D70/E70 -> 65.907692 | I70: =H70/G70 -> 63.879763 | J70: 2407 | K70: =E70/J70 -> 0.10801828 | L70: 2352.21 | M70: 356837 | N70: 98 | O70: 6754.55 | P70: =L70/O70 -> 0.34824082 | Q70: =O70/L70 -> 2.8715761 | R70: =L70/D70 -> 0.13726716 | S70: =O70/D70 -> 0.39417309 | T70: =D70-O70 -> 10381.45 | U70: =L70/N70 -> 24.002143
A71: =IFERROR(IF(B71>0,MONTH(B71)&"-"&YEAR(B71),B71),) -> 0 | C71: Grown American | D71: 10035.3 | E71: 194 | F71: 187 | G71: =E71/F71 -> 1.0374332 | H71: =D71/E71 -> 51.728351 | I71: =H71/G71 -> 49.861864 | J71: 2066 | K71: =E71/J71 -> 0.093901258 | L71: 1430.45 | M71: 86996 | N71: 73 | O71: 3691.25 | P71: =L71/O71 -> 0.38752455 | Q71: =O71/L71 -> 2.5804817 | R71: =L71/D71 -> 0.14254183 | S71: =O71/D71 -> 0.36782657 | T71: =D71-O71 -> 6344.05 | U71: =L71/N71 -> 19.595205
A72: =IFERROR(IF(B72>0,MONTH(B72)&"-"&YEAR(B72),B72),) -> 0 | C72: Ideal Prostate | D72: 14626.25 | E72: 209 | F72: 197 | G72: =E72/F72 -> 1.0609137 | H72: =D72/E72 -> 69.982057 | I72: =H72/G72 -> 65.963949 | J72: 1633 | K72: =E72/J72 -> 0.1279853 | L72: 2498.64 | M72: 259719 | N72: 76 | O72: 5537.55 | P72: =L72/O72 -> 0.4512176 | Q72: =O72/L72 -> 2.2162256 | R72: =L72/D72 -> 0.17083258 | S72: =O72/D72 -> 0.37860354 | T72: =D72-O72 -> 9088.7 | U72: =L72/N72 -> 32.876842
C73: Prosvent | D73: 36476 | E73: 632 | F73: 575 | G73: =E73/F73 -> 1.0991304 | H73: =D73/E73 -> 57.71519 | I73: =H73/G73 -> 52.509864 | J73: 2949 | K73: =E73/J73 -> 0.21430994 | L73: 4392.38 | M73: 237088 | N73: 202 | O73: 12609 | P73: =L73/O73 -> 0.34835276 | Q73: =O73/L73 -> 2.8706533 | R73: =L73/D73 -> 0.12041836 | S73: =O73/D73 -> 0.34567935 | T73: =D73-O73 -> 23867 | U73: =L73/N73 -> 21.744455
A74: =IFERROR(IF(B74>0,MONTH(B74)&"-"&YEAR(B74),B74),) -> 2-2024 | B74: 45346 | C74: Cebria | D74: 3249 | E74: 60 | F74: 42 | G74: =E74/F74 -> 1.4285714 | H74: =D74/E74 -> 54.15 | I74: =H74/G74 -> 37.905 | J74: 299 | K74: =E74/J74 -> 0.2006689 | L74: 236.41 | M74: 159915 | N74: 10 | O74: 721.1 | P74: =L74/O74 -> 0.32784635 | Q74: =O74/L74 -> 3.0502094 | R74: =L74/D74 -> 0.072763927 | S74: =O74/D74 -> 0.22194521 | T74: =D74-O74 -> 2527.9 | U74: =L74/N74 -> 23.641
A75: =IFERROR(IF(B75>0,MONTH(B75)&"-"&YEAR(B75),B75),) -> 0 | B75: Week 08 | D75: =SUM(D69:D74) -> 82711.7 | E75: =SUM(E69:E74) -> 1372 | F75: =SUM(F69:F74) -> 1265 | G75: =E75/F75 -> 1.084585 | H75: =D75/E75 -> 60.285496 | I75: =H75/G75 -> 55.58393 | J75: =SUM(J69:J74) -> 9572 | K75: =E75/J75 -> 0.14333473 | L75: =SUM(L69:L74) -> 11356.01 | M75: =SUM(M69:M74) -> 1174864 | N75: =SUM(N69:N74) -> 469 | O75: =SUM(O69:O74) -> 30061.6 | P75: =L75/O75 -> 0.377758 | Q75: =O75/L75 -> 2.6471974 | R75: =L75/D75 -> 0.1372963 | S75: =O75/D75 -> 0.36345039 | T75: =SUM(T69:T74) -> 52650.1 | U75: =L75/N75 -> 24.213241 | V75: =IFERROR((D75-#REF!)/D75,) -> 0 | W75: =IFERROR((E75-#REF!)/E75,) -> 0 | X75: =IFERROR((D75-monthly_reporting_2021!D49)/D75, ) -> 1 | Y75: =IFERROR((E75-monthly_reporting_2021!E49)/E75, ) -> 1
A76: =IFERROR(IF(B76>0,MONTH(B76)&"-"&YEAR(B76),B76),) -> 2-2024 | B76: 45347 | C76: BeFlexible | D76: 699.5 | E76: 10 | F76: 10 | G76: =E76/F76 -> 1 | H76: =D76/E76 -> 69.95 | I76: =H76/G76 -> 69.95 | J76: 173 | K76: =E76/J76 -> 0.057803468 | L76: 329.75 | M76: 78306 | N76: 3 | O76: 209.85 | P76: =L76/O76 -> 1.5713605 | Q76: =O76/L76 -> 0.63639121 | R76: =L76/D76 -> 0.47140815 | S76: =O76/D76 -> 0.3 | T76: =D76-O76 -> 489.65 | U76: =L76/N76 -> 109.91667
A77: =IFERROR(IF(B77>0,MONTH(B77)&"-"&YEAR(B77),B77),) -> 0 | C77: Better Bladder | D77: 14937.9 | E77: 218 | F77: 206 | G77: =E77/F77 -> 1.0582524 | H77: =D77/E77 -> 68.522477 | I77: =H77/G77 -> 64.750598 | J77: 2355 | K77: =E77/J77 -> 0.092569002 | L77: 2274.99 | M77: 339153 | N77: 77 | O77: 5395.6 | P77: =L77/O77 -> 0.421638 | Q77: =O77/L77 -> 2.3717027 | R77: =L77/D77 -> 0.15229651 | S77: =O77/D77 -> 0.36120204 | T77: =D77-O77 -> 9542.3 | U77: =L77/N77 -> 29.545325
A78: =IFERROR(IF(B78>0,MONTH(B78)&"-"&YEAR(B78),B78),) -> 0 | C78: Grown American | D78: 12144.06 | E78: 222 | F78: 210 | G78: =E78/F78 -> 1.0571429 | H78: =D78/E78 -> 54.702973 | I78: =H78/G78 -> 51.746056 | J78: 2343 | K78: =E78/J78 -> 0.09475032 | L78: 1419.8 | M78: 98550 | N78: 75 | O78: 3596.09 | P78: =L78/O78 -> 0.3948177 | Q78: =O78/L78 -> 2.5328145 | R78: =L78/D78 -> 0.11691312 | S78: =O78/D78 -> 0.29611926 | T78: =D78-O78 -> 8547.97 | U78: =L78/N78 -> 18.930667
A79: =IFERROR(IF(B79>0,MONTH(B79)&"-"&YEAR(B79),B79),) -> 0 | C79: Ideal Prostate | D79: 15351.93 | E79: 219 | F79: 213 | G79: =E79/F79 -> 1.028169 | H79: =D79/E79 -> 70.100137 | I79: =H79/G79 -> 68.179585 | J79: 1511 | K79: =E79/J79 -> 0.14493713 | L79: 2141.67 | M79: 303679 | N79: 83 | O79: 6073.15 | P79: =L79/O79 -> 0.35264566 | Q79: =O79/L79 -> 2.8357076 | R79: =L79/D79 -> 0.13950494 | S79: =O79/D79 -> 0.39559521 | T79: =D79-O79 -> 9278.78 | U79: =L79/N79 -> 25.803253
C80: Prosvent | D80: 34616 | E80: 596 | F80: 542 | G80: =E80/F80 -> 1.099631 | H80: =D80/E80 -> 58.080537 | I80: =H80/G80 -> 52.818206 | J80: 2890 | K80: =E80/J80 -> 0.20622837 | L80: 4087.98 | M80: 269695 | N80: 208 | O80: 13300.9 | P80: =L80/O80 -> 0.30734612 | Q80: =O80/L80 -> 3.2536607 | R80: =L80/D80 -> 0.1180951 | S80: =O80/D80 -> 0.38424139 | T80: =D80-O80 -> 21315.1 | U80: =L80/N80 -> 19.65375
A81: =IFERROR(IF(B81>0,MONTH(B81)&"-"&YEAR(B81),B81),) -> 3-2024 | B81: 45353 | C81: Cebria | D81: 3030.35 | E81: 59 | F81: 47 | G81: =E81/F81 -> 1.2553191 | H81: =D81/E81 -> 51.361864 | I81: =H81/G81 -> 40.915384 | J81: 308 | K81: =E81/J81 -> 0.19155844 | L81: 274.77 | M81: 215207 | N81: 10 | O81: 633.8 | P81: =L81/O81 -> 0.43352793 | Q81: =O81/L81 -> 2.3066565 | R81: =L81/D81 -> 0.090672695 | S81: =O81/D81 -> 0.20915076 | T81: =D81-O81 -> 2396.55 | U81: =L81/N81 -> 27.477
A82: =IFERROR(IF(B82>0,MONTH(B82)&"-"&YEAR(B82),B82),) -> 0 | B82: Week 09 | D82: =SUM(D76:D81) -> 80779.74 | E82: =SUM(E76:E81) -> 1324 | F82: =SUM(F76:F81) -> 1228 | G82: =E82/F82 -> 1.0781759 | H82: =D82/E82 -> 61.011888 | I82: =H82/G82 -> 56.588066 | J82: =SUM(J76:J81) -> 9580 | K82: =E82/J82 -> 0.13820459 | L82: =SUM(L76:L81) -> 10528.96 | M82: =SUM(M76:M81) -> 1304590 | N82: =SUM(N76:N81) -> 456 | O82: =SUM(O76:O81) -> 29209.39 | P82: =L82/O82 -> 0.36046491 | Q82: =O82/L82 -> 2.7741952 | R82: =L82/D82 -> 0.13034159 | S82: =O82/D82 -> 0.36159302 | T82: =SUM(T76:T81) -> 51570.35 | U82: =L82/N82 -> 23.089825 | V82: =IFERROR((D82-#REF!)/D82,) -> 0 | W82: =IFERROR((E82-#REF!)/E82,) -> 0 | X82: =IFERROR((D82-monthly_reporting_2021!D49)/D82, ) -> 1 | Y82: =IFERROR((E82-monthly_reporting_2021!E49)/E82, ) -> 1
A83: =IFERROR(IF(B83>0,MONTH(B83)&"-"&YEAR(B83),B83),) -> 3-2024 | B83: 45354 | C83: BeFlexible | D83: 1189.15 | E83: 17 | F83: 14 | G83: =E83/F83 -> 1.2142857 | H83: =D83/E83 -> 69.95 | I83: =H83/G83 -> 57.605882 | J83: 195 | K83: =E83/J83 -> 0.087179487 | L83: 333.1 | M83: 101042 | N83: 9 | O83: 839.4 | P83: =L83/O83 -> 0.39683107 | Q83: =O83/L83 -> 2.519964 | R83: =L83/D83 -> 0.28011605 | S83: =O83/D83 -> 0.70588235 | T83: =D83-O83 -> 349.75 | U83: =L83/N83 -> 37.011111
A84: =IFERROR(IF(B84>0,MONTH(B84)&"-"&YEAR(B84),B84),) -> 0 | C84: Better Bladder | D84: 15767.35 | E84: 227 | F84: 214 | G84: =E84/F84 -> 1.0607477 | H84: =D84/E84 -> 69.459692 | I84: =H84/G84 -> 65.481824 | J84: 2387 | K84: =E84/J84 -> 0.09509845 | L84: 2512.92 | M84: 381582 | N84: 84 | O84: 6305.15 | P84: =L84/O84 -> 0.39855039 | Q84: =O84/L84 -> 2.509093 | R84: =L84/D84 -> 0.15937491 | S84: =O84/D84 -> 0.39988647 | T84: =D84-O84 -> 9462.2 | U84: =L84/N84 -> 29.915714
A85: =IFERROR(IF(B85>0,MONTH(B85)&"-"&YEAR(B85),B85),) -> 0 | C85: Grown American | D85: 11643.8 | E85: 224 | F85: 208 | G85: =E85/F85 -> 1.0769231 | H85: =D85/E85 -> 51.98125 | I85: =H85/G85 -> 48.268304 | J85: 2066 | K85: =E85/J85 -> 0.10842207 | L85: 1340.6 | M85: 78698 | N85: 78 | O85: 3910.85 | P85: =L85/O85 -> 0.34278993 | Q85: =O85/L85 -> 2.9172385 | R85: =L85/D85 -> 0.11513423 | S85: =O85/D85 -> 0.33587403 | T85: =D85-O85 -> 7732.95 | U85: =L85/N85 -> 17.187179
A86: =IFERROR(IF(B86>0,MONTH(B86)&"-"&YEAR(B86),B86),) -> 0 | C86: Ideal Prostate | D86: 13308.31 | E86: 193 | F86: 186 | G86: =E86/F86 -> 1.0376344 | H86: =D86/E86 -> 68.954974 | I86: =H86/G86 -> 66.454016 | J86: 1463 | K86: =E86/J86 -> 0.13192071 | L86: 1792.71 | M86: 298877 | N86: 85 | O86: 5962.4 | P86: =L86/O86 -> 0.30066919 | Q86: =O86/L86 -> 3.3259144 | R86: =L86/D86 -> 0.13470606 | S86: =O86/D86 -> 0.44802082 | T86: =D86-O86 -> 7345.91 | U86: =L86/N86 -> 21.090706
C87: Prosvent | D87: 38881 | E87: 667 | F87: 588 | G87: =E87/F87 -> 1.1343537 | H87: =D87/E87 -> 58.292354 | I87: =H87/G87 -> 51.388162 | J87: 2819 | K87: =E87/J87 -> 0.23660873 | L87: 4011.16 | M87: 323689 | N87: 201 | O87: 13191 | P87: =L87/O87 -> 0.30408309 | Q87: =O87/L87 -> 3.2885749 | R87: =L87/D87 -> 0.10316504 | S87: =O87/D87 -> 0.33926597 | T87: =D87-O87 -> 25690 | U87: =L87/N87 -> 19.95602
A88: =IFERROR(IF(B88>0,MONTH(B88)&"-"&YEAR(B88),B88),) -> 3-2024 | B88: 45360 | C88: Cebria | D88: 2522.65 | E88: 52 | F88: 39 | G88: =E88/F88 -> 1.3333333 | H88: =D88/E88 -> 48.5125 | I88: =H88/G88 -> 36.384375 | J88: 274 | K88: =E88/J88 -> 0.18978102 | L88: 271.25 | M88: 169610 | N88: 6 | O88: 437.85 | P88: =L88/O88 -> 0.6195044 | Q88: =O88/L88 -> 1.6141935 | R88: =L88/D88 -> 0.10752582 | S88: =O88/D88 -> 0.17356748 | T88: =D88-O88 -> 2084.8 | U88: =L88/N88 -> 45.208333
A89: =IFERROR(IF(B89>0,MONTH(B89)&"-"&YEAR(B89),B89),) -> 0 | B89: Week 10 | D89: =SUM(D83:D88) -> 83312.26 | E89: =SUM(E83:E88) -> 1380 | F89: =SUM(F83:F88) -> 1249 | G89: =E89/F89 -> 1.1048839 | H89: =D89/E89 -> 60.371203 | I89: =H89/G89 -> 54.640313 | J89: =SUM(J83:J88) -> 9204 | K89: =E89/J89 -> 0.14993481 | L89: =SUM(L83:L88) -> 10261.74 | M89: =SUM(M83:M88) -> 1353498 | N89: =SUM(N83:N88) -> 463 | O89: =SUM(O83:O88) -> 30646.65 | P89: =L89/O89 -> 0.33484051 | Q89: =O89/L89 -> 2.9864964 | R89: =L89/D89 -> 0.12317203 | S89: =O89/D89 -> 0.36785282 | T89: =SUM(T83:T88) -> 52665.61 | U89: =L89/N89 -> 22.163585 | V89: =IFERROR((D89-#REF!)/D89,) -> 0 | W89: =IFERROR((E89-#REF!)/E89,) -> 0 | X89: =IFERROR((D89-monthly_reporting_2021!D49)/D89, ) -> 1 | Y89: =IFERROR((E89-monthly_reporting_2021!E49)/E89, ) -> 1
A90: =IFERROR(IF(B90>0,MONTH(B90)&"-"&YEAR(B90),B90),) -> 3-2024 | B90: 45361 | C90: BeFlexible | D90: 629.55 | E90: 9 | F90: 8 | G90: =E90/F90 -> 1.125 | H90: =D90/E90 -> 69.95 | I90: =H90/G90 -> 62.177778 | J90: 125 | K90: =E90/J90 -> 0.072 | L90: 163.83 | M90: 82206 | N90: 4 | O90: 339.75 | P90: =L90/O90 -> 0.48220751 | Q90: =O90/L90 -> 2.073796 | R90: =L90/D90 -> 0.2602335 | S90: =O90/D90 -> 0.53967119 | T90: =D90-O90 -> 289.8 | U90: =L90/N90 -> 40.9575
A91: =IFERROR(IF(B91>0,MONTH(B91)&"-"&YEAR(B91),B91),) -> 0 | C91: Better Bladder | D91: 16316.75 | E91: 237 | F91: 223 | G91: =E91/F91 -> 1.0627803 | H91: =D91/E91 -> 68.847046 | I91: =H91/G91 -> 64.780132 | J91: 2415 | K91: =E91/J91 -> 0.098136646 | L91: 2498.77 | M91: 338130 | N91: 96 | O91: 6974.3 | P91: =L91/O91 -> 0.35828255 | Q91: =O91/L91 -> 2.7910932 | R91: =L91/D91 -> 0.1531414 | S91: =O91/D91 -> 0.42743193 | T91: =D91-O91 -> 9342.45 | U91: =L91/N91 -> 26.028854
A92: =IFERROR(IF(B92>0,MONTH(B92)&"-"&YEAR(B92),B92),) -> 0 | C92: Grown American | D92: 8811.3 | E92: 174 | F92: 162 | G92: =E92/F92 -> 1.0740741 | H92: =D92/E92 -> 50.639655 | I92: =H92/G92 -> 47.147265 | J92: 1927 | K92: =E92/J92 -> 0.090295797 | L92: 1152.45 | M92: 57551 | N92: 61 | O92: 2886.8 | P92: =L92/O92 -> 0.39921366 | Q92: =O92/L92 -> 2.5049243 | R92: =L92/D92 -> 0.13079228 | S92: =O92/D92 -> 0.32762475 | T92: =D92-O92 -> 5924.5 | U92: =L92/N92 -> 18.892623
A93: =IFERROR(IF(B93>0,MONTH(B93)&"-"&YEAR(B93),B93),) -> 0 | C93: Ideal Prostate | D93: 14140.69 | E93: 201 | F93: 194 | G93: =E93/F93 -> 1.0360825 | H93: =D93/E93 -> 70.351692 | I93: =H93/G93 -> 67.901633 | J93: 1254 | K93: =E93/J93 -> 0.16028708 | L93: 1432.87 | M93: 252688 | N93: 68 | O93: 4935.06 | P93: =L93/O93 -> 0.290345 | Q93: =O93/L93 -> 3.4441785 | R93: =L93/D93 -> 0.10132957 | S93: =O93/D93 -> 0.34899711 | T93: =D93-O93 -> 9205.63 | U93: =L93/N93 -> 21.071618
C94: Prosvent | D94: 36908 | E94: 632 | F94: 569 | G94: =E94/F94 -> 1.1107206 | H94: =D94/E94 -> 58.398734 | I94: =H94/G94 -> 52.577341 | J94: 2597 | K94: =E94/J94 -> 0.24335772 | L94: 3623.26 | M94: 300251 | N94: 191 | O94: 12198 | P94: =L94/O94 -> 0.29703722 | Q94: =O94/L94 -> 3.3665815 | R94: =L94/D94 -> 0.098170044 | S94: =O94/D94 -> 0.33049745 | T94: =D94-O94 -> 24710 | U94: =L94/N94 -> 18.969948
A95: =IFERROR(IF(B95>0,MONTH(B95)&"-"&YEAR(B95),B95),) -> 3-2024 | B95: 45367 | C95: Cebria | D95: 2940 | E95: 79 | F95: 57 | G95: =E95/F95 -> 1.3859649 | H95: =D95/E95 -> 37.21519 | I95: =H95/G95 -> 26.851466 | J95: 245 | K95: =E95/J95 -> 0.32244898 | L95: 301.9 | M95: 191384 | N95: 8 | O95: 558 | P95: =L95/O95 -> 0.54103943 | Q95: =O95/L95 -> 1.8482941 | R95: =L95/D95 -> 0.10268707 | S95: =O95/D95 -> 0.18979592 | T95: =D95-O95 -> 2382 | U95: =L95/N95 -> 37.7375
A96: =IFERROR(IF(B96>0,MONTH(B96)&"-"&YEAR(B96),B96),) -> 0 | B96: Week 11 | D96: =SUM(D90:D95) -> 79746.29 | E96: =SUM(E90:E95) -> 1332 | F96: =SUM(F90:F95) -> 1213 | G96: =E96/F96 -> 1.0981039 | H96: =D96/E96 -> 59.869587 | I96: =H96/G96 -> 54.520878 | J96: =SUM(J90:J95) -> 8563 | K96: =E96/J96 -> 0.15555296 | L96: =SUM(L90:L95) -> 9173.08 | M96: =SUM(M90:M95) -> 1222210 | N96: =SUM(N90:N95) -> 428 | O96: =SUM(O90:O95) -> 27891.91 | P96: =L96/O96 -> 0.32887959 | Q96: =O96/L96 -> 3.0406265 | R96: =L96/D96 -> 0.1150283 | S96: =O96/D96 -> 0.34975809 | T96: =SUM(T90:T95) -> 51854.38 | U96: =L96/N96 -> 21.43243 | V96: =IFERROR((D96-#REF!)/D96,) -> 0 | W96: =IFERROR((E96-#REF!)/E96,) -> 0 | X96: =IFERROR((D96-monthly_reporting_2021!D49)/D96, ) -> 1 | Y96: =IFERROR((E96-monthly_reporting_2021!E49)/E96, ) -> 1
A97: =IFERROR(IF(B97>0,MONTH(B97)&"-"&YEAR(B97),B97),) -> 3-2024 | B97: 45368 | C97: BeFlexible | D97: 839.4 | E97: 12 | F97: 12 | G97: =E97/F97 -> 1 | H97: =D97/E97 -> 69.95 | I97: =H97/G97 -> 69.95 | J97: 156 | K97: =E97/J97 -> 0.076923077 | L97: 193.35 | M97: 66226 | N97: 3 | O97: 209.85 | P97: =L97/O97 -> 0.92137241 | Q97: =O97/L97 -> 1.0853375 | R97: =L97/D97 -> 0.2303431 | S97: =O97/D97 -> 0.25 | T97: =D97-O97 -> 629.55 | U97: =L97/N97 -> 64.45
A98: =IFERROR(IF(B98>0,MONTH(B98)&"-"&YEAR(B98),B98),) -> 0 | C98: Better Bladder | D98: 19564.1 | E98: 283 | F98: 268 | G98: =E98/F98 -> 1.0559701 | H98: =D98/E98 -> 69.131095 | I98: =H98/G98 -> 65.466903 | J98: 2931 | K98: =E98/J98 -> 0.096554077 | L98: 2905.99 | M98: 324351 | N98: 114 | O98: 8293.2 | P98: =L98/O98 -> 0.35040636 | Q98: =O98/L98 -> 2.8538295 | R98: =L98/D98 -> 0.14853686 | S98: =O98/D98 -> 0.42389888 | T98: =D98-O98 -> 11270.9 | U98: =L98/N98 -> 25.49114
A99: =IFERROR(IF(B99>0,MONTH(B99)&"-"&YEAR(B99),B99),) -> 0 | C99: Grown American | D99: 9850.9 | E99: 181 | F99: 167 | G99: =E99/F99 -> 1.0838323 | H99: =D99/E99 -> 54.424862 | I99: =H99/G99 -> 50.215204 | J99: 1986 | K99: =E99/J99 -> 0.091137966 | L99: 1257.93 | M99: 63821 | N99: 62 | O99: 3666.5 | P99: =L99/O99 -> 0.34308741 | Q99: =O99/L99 -> 2.9147091 | R99: =L99/D99 -> 0.12769696 | S99: =O99/D99 -> 0.37219949 | T99: =D99-O99 -> 6184.4 | U99: =L99/N99 -> 20.289194
A100: =IFERROR(IF(B100>0,MONTH(B100)&"-"&YEAR(B100),B100),) -> 0 | C100: Ideal Prostate | D100: 12960.63 | E100: 186 | F100: 179 | G100: =E100/F100 -> 1.0391061 | H100: =D100/E100 -> 69.680806 | I100: =H100/G100 -> 67.058411 | J100: 1125 | K100: =E100/J100 -> 0.16533333 | L100: 1296.79 | M100: 239224 | N100: 62 | O100: 4475.51 | P100: =L100/O100 -> 0.28975245 | Q100: =O100/L100 -> 3.4512219 | R100: =L100/D100 -> 0.10005609 | S100: =O100/D100 -> 0.34531578 | T100: =D100-O100 -> 8485.12 | U100: =L100/N100 -> 20.915968
C101: Prosvent | D101: 36002 | E101: 628 | F101: 566 | G101: =E101/F101 -> 1.1095406 | H101: =D101/E101 -> 57.328025 | I101: =H101/G101 -> 51.668252 | J101: 2514 | K101: =E101/J101 -> 0.24980111 | L101: 4233.62 | M101: 316161 | N101: 197 | O101: 12252.91 | P101: =L101/O101 -> 0.34551955 | Q101: =O101/L101 -> 2.8941922 | R101: =L101/D101 -> 0.11759402 | S101: =O101/D101 -> 0.3403397 | T101: =D101-O101 -> 23749.09 | U101: =L101/N101 -> 21.490457
A102: =IFERROR(IF(B102>0,MONTH(B102)&"-"&YEAR(B102),B102),) -> 3-2024 | B102: 45374 | C102: Cebria | D102: 2121 | E102: 57 | F102: 41 | G102: =E102/F102 -> 1.3902439 | H102: =D102/E102 -> 37.210526 | I102: =H102/G102 -> 26.765466 | J102: 278 | K102: =E102/J102 -> 0.20503597 | L102: 289.29 | M102: 183531 | N102: 9 | O102: 567 | P102: =L102/O102 -> 0.51021164 | Q102: =O102/L102 -> 1.959971 | R102: =L102/D102 -> 0.13639321 | S102: =O102/D102 -> 0.26732673 | T102: =D102-O102 -> 1554 | U102: =L102/N102 -> 32.143333
...

Sheet WALMART_weekly_reporting_2024-T
A1: WALMART - DATA SOURCES: https://seller.walmart.com/analytics/overview/item-sale; https://seller.walmart.com/analytics/reports; And Intentwise
C2: WEEKLY PERFORMANCE | X2: =(#REF!+#REF!+#REF!+#REF!)-(monthly_reporting_2021!D17+monthly_reporting_2021!D23+monthly_reporting_2021!D29+monthly_reporting_2021!D35) -> #REF! | Y2: =((#REF!+#REF!+#REF!+#REF!)-(monthly_reporting_2021!E17+monthly_reporting_2021!E23+monthly_reporting_2021!E29+monthly_reporting_2021!E35))/(#REF!+#REF!+#REF!+#REF!) -> #REF!
C3: Total Sales | F3: Total Orders | K3: Total Units Sold
C4: =VLOOKUP("Current Week",$B$11:$X$38,MATCH("SALES",$B$11:$X$11,0),FALSE) -> 4245.22 | F4: =VLOOKUP("Current Week",$B$11:$X$38,MATCH("Units Sold",$B$11:$X$11,0),FALSE) -> 53 | K4: =VLOOKUP("Current Week",$B$11:$X$38,MATCH("Ordered Items",$B$11:$X$11,0),FALSE) -> 55
C5: =(C4-(VLOOKUP("Previous Week",$B$11:$X$42,MATCH("SALES",$B$11:$X$11,0),FALSE)))/C4 -> -2.3340651 | F5: =(F4-(VLOOKUP("Previous Week",$B$11:$X$42,MATCH("Units Sold",$B$11:$X$11,0),FALSE)))/F4 -> -1.0188679 | K5: =(K4-(VLOOKUP("Previous Week",$B$11:$X$42,MATCH("Ordered Items",$B$11:$X$11,0),FALSE)))/K4 -> -0.89090909
C7: Advertising Sales | F7: Advertising Spend | K7: ACoS
C8: =VLOOKUP("Current Week",$B$11:$X$38,MATCH("AD SALES",$B$11:$X$11,0),FALSE) -> 913.49 | F8: =VLOOKUP("Current Week",$B$11:$X$38,MATCH("SP AD SPEND",$B$11:$X$11,0),FALSE) -> 555.42 | K8: =F8/C8 -> 0.60801979
C9: =(C8-(VLOOKUP("Previous Week",$B$11:$X$42,MATCH("AD SALES",$B$11:$X$11,0),FALSE)))/C8 -> -4.7196247 | F9: =(F8-(VLOOKUP("Previous Week",$B$11:$X$42,MATCH("SP AD SPEND",$B$11:$X$11,0),FALSE)))/F8 -> -1.0089122 | K9: =(K8-(VLOOKUP("Previous Week",$B$11:$X$42,MATCH("ACOS",$B$11:$X$11,0),FALSE)))/K8 -> 0.64876854
D10: SALES METRICS | L10: ADVERTISING PERFORMANCE | V10: MoM | X10: YoY
A11: Month-Code | B11: DATE | C11: BRAND | D11: SALES | E11: UNITS SOLD | F11: ORDERED ITEMS | G11: UNITS PER ORDER | H11: SALES PER ORDER | I11: ASP | J11: SP AD SPEND | K11: IMPRESSIONS | L11: UNIT SALES | M11: AD SALES | N11: ACoS | O11: ROAS (return on ad send) | P11: TACoS (Total Advertsing Cost of Sales) | Q11: REVENUE PERCENTAGE OF AD SALES | R11: ORGANIC SALES | S11: CPO | T11: SALES | U11: UNITS | V11: SALES | W11: UNITS
A13: =IFERROR(IF(B13>0,MONTH(B13)&"-"&YEAR(B13),B13),) -> 9-2024 | B13: 45557 | C13: AirDoctor | G13: =E13/F13 -> #DIV/0! | H13: =D13/E13 -> #DIV/0! | I13: =H13/G13 -> #DIV/0! | N13: =J13/M13 -> #DIV/0! | O13: =M13/J13 -> #DIV/0! | P13: =J13/D13 -> #DIV/0! | Q13: =M13/D13 -> #DIV/0! | R13: =D13-M13 -> 0 | S13: =J13/L13 -> #DIV/0!
C14: AquaTru | G14: =E14/F14 -> #DIV/0! | H14: =D14/E14 -> #DIV/0! | I14: =H14/G14 -> #DIV/0! | N14: =J14/M14 -> #DIV/0! | O14: =M14/J14 -> #DIV/0! | P14: =J14/D14 -> #DIV/0! | Q14: =M14/D14 -> #DIV/0! | R14: =D14-M14 -> 0 | S14: =J14/L14 -> #DIV/0!
C15: GA Grown American | G15: =E15/F15 -> #DIV/0! | H15: =D15/E15 -> #DIV/0! | I15: =H15/G15 -> #DIV/0! | N15: =J15/M15 -> #DIV/0! | O15: =M15/J15 -> #DIV/0! | P15: =J15/D15 -> #DIV/0! | Q15: =M15/D15 -> #DIV/0! | R15: =D15-M15 -> 0 | S15: =J15/L15 -> #DIV/0!
C16: Ideal Prostate | G16: =E16/F16 -> #DIV/0! | H16: =D16/E16 -> #DIV/0! | I16: =H16/G16 -> #DIV/0! | N16: =J16/M16 -> #DIV/0! | O16: =M16/J16 -> #DIV/0! | P16: =J16/D16 -> #DIV/0! | Q16: =M16/D16 -> #DIV/0! | R16: =D16-M16 -> 0 | S16: =J16/L16 -> #DIV/0!
C17: Miracle Blade | G17: =E17/F17 -> #DIV/0! | H17: =D17/E17 -> #DIV/0! | I17: =H17/G17 -> #DIV/0! | N17: =J17/M17 -> #DIV/0! | O17: =M17/J17 -> #DIV/0! | P17: =J17/D17 -> #DIV/0! | Q17: =M17/D17 -> #DIV/0! | R17: =D17-M17 -> 0 | S17: =J17/L17 -> #DIV/0!
C18: Paint Zoom | G18: =E18/F18 -> #DIV/0! | H18: =D18/E18 -> #DIV/0! | I18: =H18/G18 -> #DIV/0! | N18: =J18/M18 -> #DIV/0! | O18: =M18/J18 -> #DIV/0! | P18: =J18/D18 -> #DIV/0! | Q18: =M18/D18 -> #DIV/0! | R18: =D18-M18 -> 0 | S18: =J18/L18 -> #DIV/0!
C19: Profemin | G19: =E19/F19 -> #DIV/0! | H19: =D19/E19 -> #DIV/0! | I19: =H19/G19 -> #DIV/0! | N19: =J19/M19 -> #DIV/0! | O19: =M19/J19 -> #DIV/0! | P19: =J19/D19 -> #DIV/0! | Q19: =M19/D19 -> #DIV/0! | R19: =D19-M19 -> 0 | S19: =J19/L19 -> #DIV/0!
