Workbook

Sheet ALL - 2025
A1: Home Depot RPD - Orange Access - DATA SOURCES: https://us.orangeapronmedia.com/r/organizations
C2: WEEKLY PERFORMANCE | X2: =(#REF!+#REF!+#REF!+#REF!)-(monthly_reporting_2021!D17+monthly_reporting_2021!D23+monthly_reporting_2021!D29+monthly_reporting_2021!D35) -> #REF! | Y2: =((#REF!+#REF!+#REF!+#REF!)-(monthly_reporting_2021!E17+monthly_reporting_2021!E23+monthly_reporting_2021!E29+monthly_reporting_2021!E35))/(#REF!+#REF!+#REF!+#REF!) -> #REF!
K3: Total Sales | N3: Total Orders | S3: Total Units Sold
K4: =VLOOKUP("Current Week",$B$11:$X$105,match("SALES",$B$11:$X$11,0),FALSE) -> 0 | N4: =VLOOKUP("Current Week",$B$11:$X$105,match("Units Sold",$B$11:$X$11,0),FALSE) -> 0 | S4: =VLOOKUP("Current Week",$B$11:$X$105,match("Ordered Items",$B$11:$X$11,0),FALSE) -> 0
K5: =(K4-(VLOOKUP("Previous Week",$B$11:$X$110,match("SALES",$B$11:$X$11,0),FALSE)))/K4 -> #DIV/0! | N5: =(N4-(VLOOKUP("Previous Week",$B$11:$X$110,match("Units Sold",$B$11:$X$11,0),FALSE)))/N4 -> #DIV/0! | S5: =(S4-(VLOOKUP("Previous Week",$B$11:$X$110,match("Ordered Items",$B$11:$X$11,0),FALSE)))/S4 -> #DIV/0!
K7: Advertising Sales | N7: Advertising Spend | S7: ACoS
K8: =VLOOKUP("Current Week",$B$11:$X$105,match("AD SALES",$B$11:$X$11,0),FALSE) -> 571 | N8: =VLOOKUP("Current Week",$B$11:$X$105,match("SP AD SPEND",$B$11:$X$11,0),FALSE) -> 593.32 | S8: =N8/K8 -> 1.0390893
K9: =(K8-(VLOOKUP("Previous Week",$B$11:$X$110,match("AD SALES",$B$11:$X$11,0),FALSE)))/K8 -> -0.7793345 | N9: =(N8-(VLOOKUP("Previous Week",$B$11:$X$110,match("SP AD SPEND",$B$11:$X$11,0),FALSE)))/N8 -> 0.12256455 | S9: =(S8-(VLOOKUP("Previous Week",$B$11:$X$110,match("ACOS",$B$11:$X$11,0),FALSE)))/S8 -> 0.50687437
D10: SALES METRICS | L10: ADVERTISING PERFORMANCE | V10: MoM | X10: YoY
A11: Month-Code | B11: DATE | C11: Campaign Group per Brand | D11: SALES | E11: UNITS SOLD | F11: ORDERED ITEMS | G11: UNITS PER ORDER | H11: SALES PER ORDER | I11: ASP | J11: SP AD SPEND | K11: IMPRESSIONS | L11: UNIT SALES | M11: AD SALES | N11: ACoS | O11: ROAS (return on ad send) | P11: TACoS (Total Advertsing Cost of Sales) | Q11: REVENUE PERCENTAGE OF AD SALES | R11: ORGANIC SALES | S11: CPO | T11: SALES | U11: UNITS | V11: SALES | W11: UNITS
B13: 45921 | C13: AIRDOCTOR - Home Depot US | G13: =E13/F13 -> #DIV/0! | H13: =D13/E13 -> #DIV/0! | I13: =H13/G13 -> #DIV/0! | J13: 0 | K13: 0 | L13: 0 | M13: 0 | N13: =J13/M13 -> #DIV/0! | O13: =M13/J13 -> #DIV/0! | P13: =J13/D13 -> #DIV/0! | Q13: =M13/D13 -> #DIV/0! | R13: =D13-M13 -> 0 | S13: =J13/L13 -> #DIV/0!
C14: AQUA TRU - Home Depot US | G14: =E14/F14 -> #DIV/0! | H14: =D14/E14 -> #DIV/0! | I14: =H14/G14 -> #DIV/0! | J14: 0 | K14: 0 | L14: 0 | M14: 0 | N14: =J14/M14 -> #DIV/0! | O14: =M14/J14 -> #DIV/0! | P14: =J14/D14 -> #DIV/0! | Q14: =M14/D14 -> #DIV/0! | R14: =D14-M14 -> 0 | S14: =J14/L14 -> #DIV/0!
B15: to | C15: PAINT ZOOM - Home Depot US | G15: =E15/F15 -> #DIV/0! | H15: =D15/E15 -> #DIV/0! | I15: =H15/G15 -> #DIV/0! | J15: 0 | K15: 0 | L15: 0 | M15: 0 | N15: =(J15/M15) -> #DIV/0! | O15: =M15/J15 -> #DIV/0! | P15: =J15/D15 -> #DIV/0! | Q15: =M15/D15 -> #DIV/0! | R15: =D15-M15 -> 0 | S15: =J15/L15 -> #DIV/0!
A16: =iferror(if(B16>0,month(B16)&"-"&year(B16),B16),) -> 9-2025 | B16: 45927 | C16: ROTORAZER SAW - Home Depot US / ROTORAZERSAW - Home Depot US | G16: =E16/F16 -> #DIV/0! | H16: =D16/E16 -> #DIV/0! | I16: =H16/G16 -> #DIV/0! | J16: 0 | K16: 0 | L16: 0 | M16: 0 | N16: =J16/M16 -> #DIV/0! | O16: =M16/J16 -> #DIV/0! | P16: =J16/D16 -> #DIV/0! | Q16: =M16/D16 -> #DIV/0! | R16: =D16-M16 -> 0 | S16: =J16/L16 -> #DIV/0!
A17: =iferror(if(B17>0,month(B17)&"-"&year(B17),B17),) | B17: Week 39 | D17: =SUM(D13:D16) -> 0 | E17: =SUM(E13:E16) -> 0 | F17: =SUM(F13:F16) -> 0 | G17: =E17/F17 -> #DIV/0! | H17: =D17/E17 -> #DIV/0! | I17: =H17/G17 -> #DIV/0! | J17: =SUM(J13:J16) -> 0 | K17: =SUM(K13:K16) -> 0 | L17: =SUM(L13:L16) -> 0 | M17: =SUM(M13:M16) -> 0 | N17: =J17/M17 -> #DIV/0! | O17: =M17/J17 -> #DIV/0! | P17: =J17/D17 -> #DIV/0! | Q17: =M17/D17 -> #DIV/0! | R17: =SUM(R13:R16) -> 0 | S17: =J17/L17 -> #DIV/0! | T17: =IFERROR((D17-#REF!)/D17,) | U17: =IFERROR((E17-#REF!)/E17,) | V17: =IFERROR((D17-#REF!)/D17, ) | W17: =IFERROR((E17-#REF!)/E17, )
B18: 45928 | C18: AIRDOCTOR - Home Depot US | G18: =E18/F18 -> #DIV/0! | H18: =D18/E18 -> #DIV/0! | I18: =H18/G18 -> #DIV/0! | J18: 0 | K18: 0 | L18: 0 | M18: 0 | N18: =J18/M18 -> #DIV/0! | O18: =M18/J18 -> #DIV/0! | P18: =J18/D18 -> #DIV/0! | Q18: =M18/D18 -> #DIV/0! | R18: =D18-M18 -> 0 | S18: =J18/L18 -> #DIV/0!
C19: AQUA TRU - Home Depot US | G19: =E19/F19 -> #DIV/0! | H19: =D19/E19 -> #DIV/0! | I19: =H19/G19 -> #DIV/0! | J19: 0 | K19: 0 | L19: 0 | M19: 0 | N19: =J19/M19 -> #DIV/0! | O19: =M19/J19 -> #DIV/0! | P19: =J19/D19 -> #DIV/0! | Q19: =M19/D19 -> #DIV/0! | R19: =D19-M19 -> 0 | S19: =J19/L19 -> #DIV/0!
B20: to | C20: PAINT ZOOM - Home Depot US | G20: =E20/F20 -> #DIV/0! | H20: =D20/E20 -> #DIV/0! | I20: =H20/G20 -> #DIV/0! | J20: 0 | K20: 0 | L20: 0 | M20: 0 | N20: =(J20/M20) -> #DIV/0! | O20: =M20/J20 -> #DIV/0! | P20: =J20/D20 -> #DIV/0! | Q20: =M20/D20 -> #DIV/0! | R20: =D20-M20 -> 0 | S20: =J20/L20 -> #DIV/0!
A21: =iferror(if(B21>0,month(B21)&"-"&year(B21),B21),) -> 10-2025 | B21: 45934 | C21: ROTORAZER SAW - Home Depot US / ROTORAZERSAW - Home Depot US | G21: =E21/F21 -> #DIV/0! | H21: =D21/E21 -> #DIV/0! | I21: =H21/G21 -> #DIV/0! | J21: 0 | K21: 0 | L21: 0 | M21: 0 | N21: =J21/M21 -> #DIV/0! | O21: =M21/J21 -> #DIV/0! | P21: =J21/D21 -> #DIV/0! | Q21: =M21/D21 -> #DIV/0! | R21: =D21-M21 -> 0 | S21: =J21/L21 -> #DIV/0!
A22: =iferror(if(B22>0,month(B22)&"-"&year(B22),B22),) | B22: Week 40 | D22: =SUM(D18:D21) -> 0 | E22: =SUM(E18:E21) -> 0 | F22: =SUM(F18:F21) -> 0 | G22: =E22/F22 -> #DIV/0! | H22: =D22/E22 -> #DIV/0! | I22: =H22/G22 -> #DIV/0! | J22: =SUM(J18:J21) -> 0 | K22: =SUM(K18:K21) -> 0 | L22: =SUM(L18:L21) -> 0 | M22: =SUM(M18:M21) -> 0 | N22: =J22/M22 -> #DIV/0! | O22: =M22/J22 -> #DIV/0! | P22: =J22/D22 -> #DIV/0! | Q22: =M22/D22 -> #DIV/0! | R22: =SUM(R18:R21) -> 0 | S22: =J22/L22 -> #DIV/0! | T22: =IFERROR((D22-#REF!)/D22,) | U22: =IFERROR((E22-#REF!)/E22,) | V22: =IFERROR((D22-#REF!)/D22, ) | W22: =IFERROR((E22-#REF!)/E22, )
B23: 45935 | C23: AIRDOCTOR - Home Depot US | G23: =E23/F23 -> #DIV/0! | H23: =D23/E23 -> #DIV/0! | I23: =H23/G23 -> #DIV/0! | J23: 0 | K23: 0 | L23: 0 | M23: 0 | N23: =J23/M23 -> #DIV/0! | O23: =M23/J23 -> #DIV/0! | P23: =J23/D23 -> #DIV/0! | Q23: =M23/D23 -> #DIV/0! | R23: =D23-M23 -> 0 | S23: =J23/L23 -> #DIV/0!
C24: AQUA TRU - Home Depot US | G24: =E24/F24 -> #DIV/0! | H24: =D24/E24 -> #DIV/0! | I24: =H24/G24 -> #DIV/0! | J24: 0 | K24: 0 | L24: 0 | M24: 0 | N24: =J24/M24 -> #DIV/0! | O24: =M24/J24 -> #DIV/0! | P24: =J24/D24 -> #DIV/0! | Q24: =M24/D24 -> #DIV/0! | R24: =D24-M24 -> 0 | S24: =J24/L24 -> #DIV/0!
B25: to | C25: PAINT ZOOM - Home Depot US | G25: =E25/F25 -> #DIV/0! | H25: =D25/E25 -> #DIV/0! | I25: =H25/G25 -> #DIV/0! | J25: 0 | K25: 0 | L25: 0 | M25: 0 | N25: =(J25/M25) -> #DIV/0! | O25: =M25/J25 -> #DIV/0! | P25: =J25/D25 -> #DIV/0! | Q25: =M25/D25 -> #DIV/0! | R25: =D25-M25 -> 0 | S25: =J25/L25 -> #DIV/0!
A26: =iferror(if(B26>0,month(B26)&"-"&year(B26),B26),) -> 10-2025 | B26: 45941 | C26: ROTORAZER SAW - Home Depot US / ROTORAZERSAW - Home Depot US | G26: =E26/F26 -> #DIV/0! | H26: =D26/E26 -> #DIV/0! | I26: =H26/G26 -> #DIV/0! | J26: 0 | K26: 0 | L26: 0 | M26: 0 | N26: =J26/M26 -> #DIV/0! | O26: =M26/J26 -> #DIV/0! | P26: =J26/D26 -> #DIV/0! | Q26: =M26/D26 -> #DIV/0! | R26: =D26-M26 -> 0 | S26: =J26/L26 -> #DIV/0!
A27: =iferror(if(B27>0,month(B27)&"-"&year(B27),B27),) | B27: Week 41 | D27: =SUM(D23:D26) -> 0 | E27: =SUM(E23:E26) -> 0 | F27: =SUM(F23:F26) -> 0 | G27: =E27/F27 -> #DIV/0! | H27: =D27/E27 -> #DIV/0! | I27: =H27/G27 -> #DIV/0! | J27: =SUM(J23:J26) -> 0 | K27: =SUM(K23:K26) -> 0 | L27: =SUM(L23:L26) -> 0 | M27: =SUM(M23:M26) -> 0 | N27: =J27/M27 -> #DIV/0! | O27: =M27/J27 -> #DIV/0! | P27: =J27/D27 -> #DIV/0! | Q27: =M27/D27 -> #DIV/0! | R27: =SUM(R23:R26) -> 0 | S27: =J27/L27 -> #DIV/0! | T27: =IFERROR((D27-#REF!)/D27,) | U27: =IFERROR((E27-#REF!)/E27,) | V27: =IFERROR((D27-#REF!)/D27, ) | W27: =IFERROR((E27-#REF!)/E27, )
B28: 45942 | C28: AIRDOCTOR - Home Depot US | G28: =E28/F28 -> #DIV/0! | H28: =D28/E28 -> #DIV/0! | I28: =H28/G28 -> #DIV/0! | J28: 0 | K28: 0 | L28: 0 | M28: 0 | N28: =J28/M28 -> #DIV/0! | O28: =M28/J28 -> #DIV/0! | P28: =J28/D28 -> #DIV/0! | Q28: =M28/D28 -> #DIV/0! | R28: =D28-M28 -> 0 | S28: =J28/L28 -> #DIV/0!
C29: AQUA TRU - Home Depot US | G29: =E29/F29 -> #DIV/0! | H29: =D29/E29 -> #DIV/0! | I29: =H29/G29 -> #DIV/0! | J29: 0 | K29: 0 | L29: 0 | M29: 0 | N29: =J29/M29 -> #DIV/0! | O29: =M29/J29 -> #DIV/0! | P29: =J29/D29 -> #DIV/0! | Q29: =M29/D29 -> #DIV/0! | R29: =D29-M29 -> 0 | S29: =J29/L29 -> #DIV/0!
B30: to | C30: PAINT ZOOM - Home Depot US | G30: =E30/F30 -> #DIV/0! | H30: =D30/E30 -> #DIV/0! | I30: =H30/G30 -> #DIV/0! | J30: 0 | K30: 0 | L30: 0 | M30: 0 | N30: =(J30/M30) -> #DIV/0! | O30: =M30/J30 -> #DIV/0! | P30: =J30/D30 -> #DIV/0! | Q30: =M30/D30 -> #DIV/0! | R30: =D30-M30 -> 0 | S30: =J30/L30 -> #DIV/0!
A31: =iferror(if(B31>0,month(B31)&"-"&year(B31),B31),) -> 10-2025 | B31: 45948 | C31: ROTORAZER SAW - Home Depot US / ROTORAZERSAW - Home Depot US | G31: =E31/F31 -> #DIV/0! | H31: =D31/E31 -> #DIV/0! | I31: =H31/G31 -> #DIV/0! | J31: 0 | K31: 0 | L31: 0 | M31: 0 | N31: =J31/M31 -> #DIV/0! | O31: =M31/J31 -> #DIV/0! | P31: =J31/D31 -> #DIV/0! | Q31: =M31/D31 -> #DIV/0! | R31: =D31-M31 -> 0 | S31: =J31/L31 -> #DIV/0!
A32: =iferror(if(B32>0,month(B32)&"-"&year(B32),B32),) | B32: Week 42 | D32: =SUM(D28:D31) -> 0 | E32: =SUM(E28:E31) -> 0 | F32: =SUM(F28:F31) -> 0 | G32: =E32/F32 -> #DIV/0! | H32: =D32/E32 -> #DIV/0! | I32: =H32/G32 -> #DIV/0! | J32: =SUM(J28:J31) -> 0 | K32: =SUM(K28:K31) -> 0 | L32: =SUM(L28:L31) -> 0 | M32: =SUM(M28:M31) -> 0 | N32: =J32/M32 -> #DIV/0! | O32: =M32/J32 -> #DIV/0! | P32: =J32/D32 -> #DIV/0! | Q32: =M32/D32 -> #DIV/0! | R32: =SUM(R28:R31) -> 0 | S32: =J32/L32 -> #DIV/0! | T32: =IFERROR((D32-#REF!)/D32,) | U32: =IFERROR((E32-#REF!)/E32,) | V32: =IFERROR((D32-#REF!)/D32, ) | W32: =IFERROR((E32-#REF!)/E32, )
B33: 45949 | C33: AIRDOCTOR - Home Depot US | G33: =E33/F33 -> #DIV/0! | H33: =D33/E33 -> #DIV/0! | I33: =H33/G33 -> #DIV/0! | J33: 107.11 | K33: 4721 | L33: 0 | M33: 0 | N33: =J33/M33 -> #DIV/0! | O33: =M33/J33 -> 0 | P33: =J33/D33 -> #DIV/0! | Q33: =M33/D33 -> #DIV/0! | R33: =D33-M33 -> 0 | S33: =J33/L33 -> #DIV/0!
C34: AQUA TRU - Home Depot US | G34: =E34/F34 -> #DIV/0! | H34: =D34/E34 -> #DIV/0! | I34: =H34/G34 -> #DIV/0! | J34: 122.23 | K34: 19317 | L34: 0 | M34: 0 | N34: =J34/M34 -> #DIV/0! | O34: =M34/J34 -> 0 | P34: =J34/D34 -> #DIV/0! | Q34: =M34/D34 -> #DIV/0! | R34: =D34-M34 -> 0 | S34: =J34/L34 -> #DIV/0!
B35: to | C35: PAINT ZOOM - Home Depot US | G35: =E35/F35 -> #DIV/0! | H35: =D35/E35 -> #DIV/0! | I35: =H35/G35 -> #DIV/0! | J35: 0 | K35: 0 | L35: 0 | M35: 0 | N35: =(J35/M35) -> #DIV/0! | O35: =M35/J35 -> #DIV/0! | P35: =J35/D35 -> #DIV/0! | Q35: =M35/D35 -> #DIV/0! | R35: =D35-M35 -> 0 | S35: =J35/L35 -> #DIV/0!
A36: =iferror(if(B36>0,month(B36)&"-"&year(B36),B36),) -> 10-2025 | B36: 45955 | C36: ROTORAZER SAW - Home Depot US / ROTORAZERSAW - Home Depot US | G36: =E36/F36 -> #DIV/0! | H36: =D36/E36 -> #DIV/0! | I36: =H36/G36 -> #DIV/0! | N36: =J36/M36 -> #DIV/0! | O36: =M36/J36 -> #DIV/0! | P36: =J36/D36 -> #DIV/0! | Q36: =M36/D36 -> #DIV/0! | R36: =D36-M36 -> 0 | S36: =J36/L36 -> #DIV/0!
A37: =iferror(if(B37>0,month(B37)&"-"&year(B37),B37),) | B37: Week 43 | D37: =SUM(D33:D36) -> 0 | E37: =SUM(E33:E36) -> 0 | F37: =SUM(F33:F36) -> 0 | G37: =E37/F37 -> #DIV/0! | H37: =D37/E37 -> #DIV/0! | I37: =H37/G37 -> #DIV/0! | J37: =SUM(J33:J36) -> 229.34 | K37: =SUM(K33:K36) -> 24038 | L37: =SUM(L33:L36) -> 0 | M37: =SUM(M33:M36) -> 0 | N37: =J37/M37 -> #DIV/0! | O37: =M37/J37 -> 0 | P37: =J37/D37 -> #DIV/0! | Q37: =M37/D37 -> #DIV/0! | R37: =SUM(R33:R36) -> 0 | S37: =J37/L37 -> #DIV/0! | T37: =IFERROR((D37-#REF!)/D37,) | U37: =IFERROR((E37-#REF!)/E37,) | V37: =IFERROR((D37-#REF!)/D37, ) | W37: =IFERROR((E37-#REF!)/E37, )
B38: 45956 | C38: AIRDOCTOR - Home Depot US | G38: =E38/F38 -> #DIV/0! | H38: =D38/E38 -> #DIV/0! | I38: =H38/G38 -> #DIV/0! | J38: 186.03 | K38: 8308 | L38: 0 | M38: 0 | N38: =J38/M38 -> #DIV/0! | O38: =M38/J38 -> 0 | P38: =J38/D38 -> #DIV/0! | Q38: =M38/D38 -> #DIV/0! | R38: =D38-M38 -> 0 | S38: =J38/L38 -> #DIV/0!
C39: AQUA TRU - Home Depot US | G39: =E39/F39 -> #DIV/0! | H39: =D39/E39 -> #DIV/0! | I39: =H39/G39 -> #DIV/0! | J39: 306.48 | K39: 36970 | L39: 0 | M39: 0 | N39: =J39/M39 -> #DIV/0! | O39: =M39/J39 -> 0 | P39: =J39/D39 -> #DIV/0! | Q39: =M39/D39 -> #DIV/0! | R39: =D39-M39 -> 0 | S39: =J39/L39 -> #DIV/0!
B40: to | C40: PAINT ZOOM - Home Depot US | G40: =E40/F40 -> #DIV/0! | H40: =D40/E40 -> #DIV/0! | I40: =H40/G40 -> #DIV/0! | J40: 0 | K40: 0 | L40: 0 | M40: 0 | N40: =(J40/M40) -> #DIV/0! | O40: =M40/J40 -> #DIV/0! | P40: =J40/D40 -> #DIV/0! | Q40: =M40/D40 -> #DIV/0! | R40: =D40-M40 -> 0 | S40: =J40/L40 -> #DIV/0!
A41: =iferror(if(B41>0,month(B41)&"-"&year(B41),B41),) -> 11-2025 | B41: 45962 | C41: ROTORAZER SAW - Home Depot US / ROTORAZERSAW - Home Depot US | G41: =E41/F41 -> #DIV/0! | H41: =D41/E41 -> #DIV/0! | I41: =H41/G41 -> #DIV/0! | J41: 109.38 | K41: 15992 | L41: 0 | M41: 0 | N41: =J41/M41 -> #DIV/0! | O41: =M41/J41 -> 0 | P41: =J41/D41 -> #DIV/0! | Q41: =M41/D41 -> #DIV/0! | R41: =D41-M41 -> 0 | S41: =J41/L41 -> #DIV/0!
A42: =iferror(if(B42>0,month(B42)&"-"&year(B42),B42),) | B42: Week 44 | D42: =SUM(D38:D41) -> 0 | E42: =SUM(E38:E41) -> 0 | F42: =SUM(F38:F41) -> 0 | G42: =E42/F42 -> #DIV/0! | H42: =D42/E42 -> #DIV/0! | I42: =H42/G42 -> #DIV/0! | J42: =SUM(J38:J41) -> 601.89 | K42: =SUM(K38:K41) -> 61270 | L42: =SUM(L38:L41) -> 0 | M42: =SUM(M38:M41) -> 0 | N42: =J42/M42 -> #DIV/0! | O42: =M42/J42 -> 0 | P42: =J42/D42 -> #DIV/0! | Q42: =M42/D42 -> #DIV/0! | R42: =SUM(R38:R41) -> 0 | S42: =J42/L42 -> #DIV/0! | T42: =IFERROR((D42-#REF!)/D42,) | U42: =IFERROR((E42-#REF!)/E42,) | V42: =IFERROR((D42-#REF!)/D42, ) | W42: =IFERROR((E42-#REF!)/E42, )
B43: 45963 | C43: AIRDOCTOR - Home Depot US | G43: =E43/F43 -> #DIV/0! | H43: =D43/E43 -> #DIV/0! | I43: =H43/G43 -> #DIV/0! | J43: 189.5 | K43: 13718 | M43: 113 | N43: =J43/M43 -> 1.6769912 | O43: =M43/J43 -> 0.59630607 | P43: =J43/D43 -> #DIV/0! | Q43: =M43/D43 -> #DIV/0! | R43: =D43-M43 -> -113 | S43: =J43/L43 -> #DIV/0!
C44: AQUA TRU - Home Depot US | G44: =E44/F44 -> #DIV/0! | H44: =D44/E44 -> #DIV/0! | I44: =H44/G44 -> #DIV/0! | J44: 199.08 | K44: 9470 | M44: 126 | N44: =J44/M44 -> 1.58 | O44: =M44/J44 -> 0.63291139 | P44: =J44/D44 -> #DIV/0! | Q44: =M44/D44 -> #DIV/0! | R44: =D44-M44 -> -126 | S44: =J44/L44 -> #DIV/0!
B45: to | C45: PAINT ZOOM - Home Depot US | G45: =E45/F45 -> #DIV/0! | H45: =D45/E45 -> #DIV/0! | I45: =H45/G45 -> #DIV/0! | J45: 0 | K45: 0 | M45: 0 | N45: =(J45/M45) -> #DIV/0! | O45: =M45/J45 -> #DIV/0! | P45: =J45/D45 -> #DIV/0! | Q45: =M45/D45 -> #DIV/0! | R45: =D45-M45 -> 0 | S45: =J45/L45 -> #DIV/0!
A46: =iferror(if(B46>0,month(B46)&"-"&year(B46),B46),) -> 11-2025 | B46: 45969 | C46: ROTORAZER SAW - Home Depot US / ROTORAZERSAW - Home Depot US | G46: =E46/F46 -> #DIV/0! | H46: =D46/E46 -> #DIV/0! | I46: =H46/G46 -> #DIV/0! | J46: 187.8 | K46: 7955 | M46: 0 | N46: =J46/M46 -> #DIV/0! | O46: =M46/J46 -> 0 | P46: =J46/D46 -> #DIV/0! | Q46: =M46/D46 -> #DIV/0! | R46: =D46-M46 -> 0 | S46: =J46/L46 -> #DIV/0!
A47: =iferror(if(B47>0,month(B47)&"-"&year(B47),B47),) | B47: Week 45 | D47: =SUM(D43:D46) -> 0 | E47: =SUM(E43:E46) -> 0 | F47: =SUM(F43:F46) -> 0 | G47: =E47/F47 -> #DIV/0! | H47: =D47/E47 -> #DIV/0! | I47: =H47/G47 -> #DIV/0! | J47: =SUM(J43:J46) -> 576.38 | K47: =SUM(K43:K46) -> 31143 | L47: =SUM(L43:L46) -> 0 | M47: =SUM(M43:M46) -> 239 | N47: =J47/M47 -> 2.4116318 | O47: =M47/J47 -> 0.414657 | P47: =J47/D47 -> #DIV/0! | Q47: =M47/D47 -> #DIV/0! | R47: =SUM(R43:R46) -> -239 | S47: =J47/L47 -> #DIV/0! | T47: =IFERROR((D47-#REF!)/D47,) | U47: =IFERROR((E47-#REF!)/E47,) | V47: =IFERROR((D47-#REF!)/D47, ) | W47: =IFERROR((E47-#REF!)/E47, )
B48: 45970 | C48: AIRDOCTOR - Home Depot US | G48: =E48/F48 -> #DIV/0! | H48: =D48/E48 -> #DIV/0! | I48: =H48/G48 -> #DIV/0! | J48: 183.78 | K48: 6450 | M48: 1396.4 | N48: =J48/M48 -> 0.13160985 | O48: =M48/J48 -> 7.5982153 | P48: =J48/D48 -> #DIV/0! | Q48: =M48/D48 -> #DIV/0! | R48: =D48-M48 -> -1396.4 | S48: =J48/L48 -> #DIV/0!
C49: AQUA TRU - Home Depot US | G49: =E49/F49 -> #DIV/0! | H49: =D49/E49 -> #DIV/0! | I49: =H49/G49 -> #DIV/0! | J49: 173.08 | K49: 10341 | M49: 460 | N49: =J49/M49 -> 0.37626087 | O49: =M49/J49 -> 2.6577305 | P49: =J49/D49 -> #DIV/0! | Q49: =M49/D49 -> #DIV/0! | R49: =D49-M49 -> -460 | S49: =J49/L49 -> #DIV/0!
B50: to | C50: PAINT ZOOM - Home Depot US | G50: =E50/F50 -> #DIV/0! | H50: =D50/E50 -> #DIV/0! | I50: =H50/G50 -> #DIV/0! | J50: 0 | K50: 0 | M50: 0 | N50: =(J50/M50) -> #DIV/0! | O50: =M50/J50 -> #DIV/0! | P50: =J50/D50 -> #DIV/0! | Q50: =M50/D50 -> #DIV/0! | R50: =D50-M50 -> 0 | S50: =J50/L50 -> #DIV/0!
A51: =iferror(if(B51>0,month(B51)&"-"&year(B51),B51),) -> 11-2025 | B51: 45976 | C51: ROTORAZER SAW - Home Depot US / ROTORAZERSAW - Home Depot US | G51: =E51/F51 -> #DIV/0! | H51: =D51/E51 -> #DIV/0! | I51: =H51/G51 -> #DIV/0! | J51: 180.61 | K51: 7992 | M51: 206 | N51: =J51/M51 -> 0.87674757 | O51: =M51/J51 -> 1.1405791 | P51: =J51/D51 -> #DIV/0! | Q51: =M51/D51 -> #DIV/0! | R51: =D51-M51 -> -206 | S51: =J51/L51 -> #DIV/0!
A52: =iferror(if(B52>0,month(B52)&"-"&year(B52),B52),) | B52: Week 46 | D52: =SUM(D48:D51) -> 0 | E52: =SUM(E48:E51) -> 0 | F52: =SUM(F48:F51) -> 0 | G52: =E52/F52 -> #DIV/0! | H52: =D52/E52 -> #DIV/0! | I52: =H52/G52 -> #DIV/0! | J52: =SUM(J48:J51) -> 537.47 | K52: =SUM(K48:K51) -> 24783 | L52: =SUM(L48:L51) -> 0 | M52: =SUM(M48:M51) -> 2062.4 | N52: =J52/M52 -> 0.26060415 | O52: =M52/J52 -> 3.8372374 | P52: =J52/D52 -> #DIV/0! | Q52: =M52/D52 -> #DIV/0! | R52: =SUM(R48:R51) -> -2062.4 | S52: =J52/L52 -> #DIV/0! | T52: =IFERROR((D52-#REF!)/D52,) | U52: =IFERROR((E52-#REF!)/E52,) | V52: =IFERROR((D52-#REF!)/D52, ) | W52: =IFERROR((E52-#REF!)/E52, )
B53: 45977 | C53: AIRDOCTOR - Home Depot US | G53: =E53/F53 -> #DIV/0! | H53: =D53/E53 -> #DIV/0! | I53: =H53/G53 -> #DIV/0! | J53: 179.32 | K53: 12324 | M53: 1291 | N53: =J53/M53 -> 0.13890008 | O53: =M53/J53 -> 7.19942 | P53: =J53/D53 -> #DIV/0! | Q53: =M53/D53 -> #DIV/0! | R53: =D53-M53 -> -1291 | S53: =J53/L53 -> #DIV/0!
C54: AQUA TRU - Home Depot US | G54: =E54/F54 -> #DIV/0! | H54: =D54/E54 -> #DIV/0! | I54: =H54/G54 -> #DIV/0! | J54: 192.29 | K54: 17470 | M54: 0 | N54: =J54/M54 -> #DIV/0! | O54: =M54/J54 -> 0 | P54: =J54/D54 -> #DIV/0! | Q54: =M54/D54 -> #DIV/0! | R54: =D54-M54 -> 0 | S54: =J54/L54 -> #DIV/0!
B55: to | C55: PAINT ZOOM - Home Depot US | G55: =E55/F55 -> #DIV/0! | H55: =D55/E55 -> #DIV/0! | I55: =H55/G55 -> #DIV/0! | J55: 0 | K55: 0 | M55: 0 | N55: =(J55/M55) -> #DIV/0! | O55: =M55/J55 -> #DIV/0! | P55: =J55/D55 -> #DIV/0! | Q55: =M55/D55 -> #DIV/0! | R55: =D55-M55 -> 0 | S55: =J55/L55 -> #DIV/0!
A56: =iferror(if(B56>0,month(B56)&"-"&year(B56),B56),) -> 11-2025 | B56: 45983 | C56: ROTORAZER SAW - Home Depot US / ROTORAZERSAW - Home Depot US | G56: =E56/F56 -> #DIV/0! | H56: =D56/E56 -> #DIV/0! | I56: =H56/G56 -> #DIV/0! | J56: 183.1 | K56: 11049 | M56: 0 | N56: =J56/M56 -> #DIV/0! | O56: =M56/J56 -> 0 | P56: =J56/D56 -> #DIV/0! | Q56: =M56/D56 -> #DIV/0! | R56: =D56-M56 -> 0 | S56: =J56/L56 -> #DIV/0!
A57: =iferror(if(B57>0,month(B57)&"-"&year(B57),B57),) | B57: Week 47 | D57: =SUM(D53:D56) -> 0 | E57: =SUM(E53:E56) -> 0 | F57: =SUM(F53:F56) -> 0 | G57: =E57/F57 -> #DIV/0! | H57: =D57/E57 -> #DIV/0! | I57: =H57/G57 -> #DIV/0! | J57: =SUM(J53:J56) -> 554.71 | K57: =SUM(K53:K56) -> 40843 | L57: =SUM(L53:L56) -> 0 | M57: =SUM(M53:M56) -> 1291 | N57: =J57/M57 -> 0.42967467 | O57: =M57/J57 -> 2.3273422 | P57: =J57/D57 -> #DIV/0! | Q57: =M57/D57 -> #DIV/0! | R57: =SUM(R53:R56) -> -1291 | S57: =J57/L57 -> #DIV/0! | T57: =IFERROR((D57-#REF!)/D57,) | U57: =IFERROR((E57-#REF!)/E57,) | V57: =IFERROR((D57-#REF!)/D57, ) | W57: =IFERROR((E57-#REF!)/E57, )
B58: 45984 | C58: AIRDOCTOR - Home Depot US | G58: =E58/F58 -> #DIV/0! | H58: =D58/E58 -> #DIV/0! | I58: =H58/G58 -> #DIV/0! | J58: 176.77 | K58: 11702 | M58: 148 | N58: =J58/M58 -> 1.1943919 | O58: =M58/J58 -> 0.83724614 | P58: =J58/D58 -> #DIV/0! | Q58: =M58/D58 -> #DIV/0! | R58: =D58-M58 -> -148 | S58: =J58/L58 -> #DIV/0!
C59: AQUA TRU - Home Depot US | G59: =E59/F59 -> #DIV/0! | H59: =D59/E59 -> #DIV/0! | I59: =H59/G59 -> #DIV/0! | J59: 166.63 | K59: 11450 | M59: 0 | N59: =J59/M59 -> #DIV/0! | O59: =M59/J59 -> 0 | P59: =J59/D59 -> #DIV/0! | Q59: =M59/D59 -> #DIV/0! | R59: =D59-M59 -> 0 | S59: =J59/L59 -> #DIV/0!
B60: to | C60: PAINT ZOOM - Home Depot US | G60: =E60/F60 -> #DIV/0! | H60: =D60/E60 -> #DIV/0! | I60: =H60/G60 -> #DIV/0! | J60: 0 | K60: 0 | M60: 0 | N60: =(J60/M60) -> #DIV/0! | O60: =M60/J60 -> #DIV/0! | P60: =J60/D60 -> #DIV/0! | Q60: =M60/D60 -> #DIV/0! | R60: =D60-M60 -> 0 | S60: =J60/L60 -> #DIV/0!
A61: =iferror(if(B61>0,month(B61)&"-"&year(B61),B61),) -> 11-2025 | B61: 45990 | C61: ROTORAZER SAW - Home Depot US / ROTORAZERSAW - Home Depot US | G61: =E61/F61 -> #DIV/0! | H61: =D61/E61 -> #DIV/0! | I61: =H61/G61 -> #DIV/0! | J61: 174.6 | K61: 9852 | M61: 185 | N61: =J61/M61 -> 0.94378378 | O61: =M61/J61 -> 1.0595647 | P61: =J61/D61 -> #DIV/0! | Q61: =M61/D61 -> #DIV/0! | R61: =D61-M61 -> -185 | S61: =J61/L61 -> #DIV/0!
A62: =iferror(if(B62>0,month(B62)&"-"&year(B62),B62),) | B62: Week 48 | D62: =SUM(D58:D61) -> 0 | E62: =SUM(E58:E61) -> 0 | F62: =SUM(F58:F61) -> 0 | G62: =E62/F62 -> #DIV/0! | H62: =D62/E62 -> #DIV/0! | I62: =H62/G62 -> #DIV/0! | J62: =SUM(J58:J61) -> 518 | K62: =SUM(K58:K61) -> 33004 | L62: =SUM(L58:L61) -> 0 | M62: =SUM(M58:M61) -> 333 | N62: =J62/M62 -> 1.5555556 | O62: =M62/J62 -> 0.64285714 | P62: =J62/D62 -> #DIV/0! | Q62: =M62/D62 -> #DIV/0! | R62: =SUM(R58:R61) -> -333 | S62: =J62/L62 -> #DIV/0! | T62: =IFERROR((D62-#REF!)/D62,) | U62: =IFERROR((E62-#REF!)/E62,) | V62: =IFERROR((D62-#REF!)/D62, ) | W62: =IFERROR((E62-#REF!)/E62, )
B63: 45991 | C63: AIRDOCTOR - Home Depot US | G63: =E63/F63 -> #DIV/0! | H63: =D63/E63 -> #DIV/0! | I63: =H63/G63 -> #DIV/0! | J63: 178.91 | K63: 7098 | M63: 335 | N63: =J63/M63 -> 0.5340597 | O63: =M63/J63 -> 1.8724498 | P63: =J63/D63 -> #DIV/0! | Q63: =M63/D63 -> #DIV/0! | R63: =D63-M63 -> -335 | S63: =J63/L63 -> #DIV/0!
C64: AQUA TRU - Home Depot US | G64: =E64/F64 -> #DIV/0! | H64: =D64/E64 -> #DIV/0! | I64: =H64/G64 -> #DIV/0! | J64: 1226.56 | K64: 98052 | M64: 609 | N64: =J64/M64 -> 2.0140558 | O64: =M64/J64 -> 0.49651057 | P64: =J64/D64 -> #DIV/0! | Q64: =M64/D64 -> #DIV/0! | R64: =D64-M64 -> -609 | S64: =J64/L64 -> #DIV/0!
C65: AquaTru - Home Depot CA | G65: =E65/F65 -> #DIV/0! | H65: =D65/E65 -> #DIV/0! | I65: =H65/G65 -> #DIV/0! | J65: 0 | K65: 0 | M65: 0 | N65: =J65/M65 -> #DIV/0! | O65: =M65/J65 -> #DIV/0! | P65: =J65/D65 -> #DIV/0! | Q65: =M65/D65 -> #DIV/0! | R65: =D65-M65 -> 0 | S65: =J65/L65 -> #DIV/0!
B66: to | C66: PAINT ZOOM - Home Depot US | G66: =E66/F66 -> #DIV/0! | H66: =D66/E66 -> #DIV/0! | I66: =H66/G66 -> #DIV/0! | J66: 0 | K66: 0 | M66: 0 | N66: =(J66/M66) -> #DIV/0! | O66: =M66/J66 -> #DIV/0! | P66: =J66/D66 -> #DIV/0! | Q66: =M66/D66 -> #DIV/0! | R66: =D66-M66 -> 0 | S66: =J66/L66 -> #DIV/0!
A67: =iferror(if(B67>0,month(B67)&"-"&year(B67),B67),) -> 12-2025 | B67: 45997 | C67: ROTORAZER SAW - Home Depot US / ROTORAZERSAW - Home Depot US | G67: =E67/F67 -> #DIV/0! | H67: =D67/E67 -> #DIV/0! | I67: =H67/G67 -> #DIV/0! | J67: 1220.18 | K67: 75696 | M67: 391 | N67: =J67/M67 -> 3.120665 | O67: =M67/J67 -> 0.32044452 | P67: =J67/D67 -> #DIV/0! | Q67: =M67/D67 -> #DIV/0! | R67: =D67-M67 -> -391 | S67: =J67/L67 -> #DIV/0!
A68: =iferror(if(B68>0,month(B68)&"-"&year(B68),B68),) | B68: Week 49 | D68: =SUM(D63:D67) -> 0 | E68: =SUM(E63:E67) -> 0 | F68: =SUM(F63:F67) -> 0 | G68: =E68/F68 -> #DIV/0! | H68: =D68/E68 -> #DIV/0! | I68: =H68/G68 -> #DIV/0! | J68: =SUM(J63:J67) -> 2625.65 | K68: =SUM(K63:K67) -> 180846 | L68: =SUM(L63:L67) -> 0 | M68: =SUM(M63:M67) -> 1335 | N68: =J68/M68 -> 1.966779 | O68: =M68/J68 -> 0.50844553 | P68: =J68/D68 -> #DIV/0! | Q68: =M68/D68 -> #DIV/0! | R68: =SUM(R63:R67) -> -1335 | S68: =J68/L68 -> #DIV/0! | T68: =IFERROR((D68-#REF!)/D68,) | U68: =IFERROR((E68-#REF!)/E68,) | V68: =IFERROR((D68-#REF!)/D68, ) | W68: =IFERROR((E68-#REF!)/E68, )
B69: 45998 | C69: AIRDOCTOR - Home Depot US | G69: =E69/F69 -> #DIV/0! | H69: =D69/E69 -> #DIV/0! | I69: =H69/G69 -> #DIV/0! | J69: 167.6 | K69: 9254 | M69: 559 | N69: =J69/M69 -> 0.29982111 | O69: =M69/J69 -> 3.3353222 | P69: =J69/D69 -> #DIV/0! | Q69: =M69/D69 -> #DIV/0! | R69: =D69-M69 -> -559 | S69: =J69/L69 -> #DIV/0!
C70: AirDoctor - Home Depot CA | G70: =E70/F70 -> #DIV/0! | H70: =D70/E70 -> #DIV/0! | I70: =H70/G70 -> #DIV/0! | J70: 0 | K70: 0 | M70: 0 | N70: =J70/M70 -> #DIV/0! | O70: =M70/J70 -> #DIV/0! | P70: =J70/D70 -> #DIV/0! | Q70: =M70/D70 -> #DIV/0! | R70: =D70-M70 -> 0 | S70: =J70/L70 -> #DIV/0!
C71: AQUA TRU - Home Depot US | G71: =E71/F71 -> #DIV/0! | H71: =D71/E71 -> #DIV/0! | I71: =H71/G71 -> #DIV/0! | J71: 186.66 | K71: 18782 | M71: 0 | N71: =J71/M71 -> #DIV/0! | O71: =M71/J71 -> 0 | P71: =J71/D71 -> #DIV/0! | Q71: =M71/D71 -> #DIV/0! | R71: =D71-M71 -> 0 | S71: =J71/L71 -> #DIV/0!
C72: AquaTru - Home Depot CA | G72: =E72/F72 -> #DIV/0! | H72: =D72/E72 -> #DIV/0! | I72: =H72/G72 -> #DIV/0! | J72: 0 | K72: 0 | M72: 0 | N72: =J72/M72 -> #DIV/0! | O72: =M72/J72 -> #DIV/0! | P72: =J72/D72 -> #DIV/0! | Q72: =M72/D72 -> #DIV/0! | R72: =D72-M72 -> 0 | S72: =J72/L72 -> #DIV/0!
B73: to | C73: PAINT ZOOM - Home Depot US | G73: =E73/F73 -> #DIV/0! | H73: =D73/E73 -> #DIV/0! | I73: =H73/G73 -> #DIV/0! | J73: 0 | K73: 0 | M73: 0 | N73: =(J73/M73) -> #DIV/0! | O73: =M73/J73 -> #DIV/0! | P73: =J73/D73 -> #DIV/0! | Q73: =M73/D73 -> #DIV/0! | R73: =D73-M73 -> 0 | S73: =J73/L73 -> #DIV/0!
A74: =iferror(if(B74>0,month(B74)&"-"&year(B74),B74),) -> 12-2025 | B74: 46004 | C74: ROTORAZER SAW - Home Depot US / ROTORAZERSAW - Home Depot US | G74: =E74/F74 -> #DIV/0! | H74: =D74/E74 -> #DIV/0! | I74: =H74/G74 -> #DIV/0! | J74: 176.02 | K74: 9377 | M74: 0 | N74: =J74/M74 -> #DIV/0! | O74: =M74/J74 -> 0 | P74: =J74/D74 -> #DIV/0! | Q74: =M74/D74 -> #DIV/0! | R74: =D74-M74 -> 0 | S74: =J74/L74 -> #DIV/0!
A75: =iferror(if(B75>0,month(B75)&"-"&year(B75),B75),) | B75: Week 50 | D75: =SUM(D69:D74) -> 0 | E75: =SUM(E69:E74) -> 0 | F75: =SUM(F69:F74) -> 0 | G75: =E75/F75 -> #DIV/0! | H75: =D75/E75 -> #DIV/0! | I75: =H75/G75 -> #DIV/0! | J75: =SUM(J69:J74) -> 530.28 | K75: =SUM(K69:K74) -> 37413 | L75: =SUM(L69:L74) -> 0 | M75: =SUM(M69:M74) -> 559 | N75: =J75/M75 -> 0.94862254 | O75: =M75/J75 -> 1.0541601 | P75: =J75/D75 -> #DIV/0! | Q75: =M75/D75 -> #DIV/0! | R75: =SUM(R69:R74) -> -559 | S75: =J75/L75 -> #DIV/0! | T75: =IFERROR((D75-#REF!)/D75,) | U75: =IFERROR((E75-#REF!)/E75,) | V75: =IFERROR((D75-#REF!)/D75, ) | W75: =IFERROR((E75-#REF!)/E75, )
B76: 46005 | C76: AIRDOCTOR - Home Depot US | G76: =E76/F76 -> #DIV/0! | H76: =D76/E76 -> #DIV/0! | I76: =H76/G76 -> #DIV/0! | J76: 184.7 | K76: 9908 | M76: 0 | N76: =J76/M76 -> #DIV/0! | O76: =M76/J76 -> 0 | P76: =J76/D76 -> #DIV/0! | Q76: =M76/D76 -> #DIV/0! | R76: =D76-M76 -> 0 | S76: =J76/L76 -> #DIV/0!
C77: AirDoctor - Home Depot CA | G77: =E77/F77 -> #DIV/0! | H77: =D77/E77 -> #DIV/0! | I77: =H77/G77 -> #DIV/0! | J77: 0 | K77: 0 | M77: 0 | N77: =J77/M77 -> #DIV/0! | O77: =M77/J77 -> #DIV/0! | P77: =J77/D77 -> #DIV/0! | Q77: =M77/D77 -> #DIV/0! | R77: =D77-M77 -> 0 | S77: =J77/L77 -> #DIV/0!
C78: AQUA TRU - Home Depot US | G78: =E78/F78 -> #DIV/0! | H78: =D78/E78 -> #DIV/0! | I78: =H78/G78 -> #DIV/0! | J78: 161.84 | K78: 13094 | M78: 1106 | N78: =J78/M78 -> 0.14632911 | O78: =M78/J78 -> 6.83391 | P78: =J78/D78 -> #DIV/0! | Q78: =M78/D78 -> #DIV/0! | R78: =D78-M78 -> -1106 | S78: =J78/L78 -> #DIV/0!
C79: AquaTru - Home Depot CA | G79: =E79/F79 -> #DIV/0! | H79: =D79/E79 -> #DIV/0! | I79: =H79/G79 -> #DIV/0! | J79: 0 | K79: 0 | M79: 0 | N79: =J79/M79 -> #DIV/0! | O79: =M79/J79 -> #DIV/0! | P79: =J79/D79 -> #DIV/0! | Q79: =M79/D79 -> #DIV/0! | R79: =D79-M79 -> 0 | S79: =J79/L79 -> #DIV/0!
B80: to | C80: PAINT ZOOM - Home Depot US | G80: =E80/F80 -> #DIV/0! | H80: =D80/E80 -> #DIV/0! | I80: =H80/G80 -> #DIV/0! | J80: 0 | K80: 0 | M80: 0 | N80: =(J80/M80) -> #DIV/0! | O80: =M80/J80 -> #DIV/0! | P80: =J80/D80 -> #DIV/0! | Q80: =M80/D80 -> #DIV/0! | R80: =D80-M80 -> 0 | S80: =J80/L80 -> #DIV/0!
A81: =iferror(if(B81>0,month(B81)&"-"&year(B81),B81),) -> 12-2025 | B81: 46011 | C81: ROTORAZER SAW - Home Depot US / ROTORAZERSAW - Home Depot US | G81: =E81/F81 -> #DIV/0! | H81: =D81/E81 -> #DIV/0! | I81: =H81/G81 -> #DIV/0! | J81: 166.95 | K81: 5380 | M81: 0 | N81: =J81/M81 -> #DIV/0! | O81: =M81/J81 -> 0 | P81: =J81/D81 -> #DIV/0! | Q81: =M81/D81 -> #DIV/0! | R81: =D81-M81 -> 0 | S81: =J81/L81 -> #DIV/0!
A82: =iferror(if(B82>0,month(B82)&"-"&year(B82),B82),) | B82: Week 51 | D82: =SUM(D76:D81) -> 0 | E82: =SUM(E76:E81) -> 0 | F82: =SUM(F76:F81) -> 0 | G82: =E82/F82 -> #DIV/0! | H82: =D82/E82 -> #DIV/0! | I82: =H82/G82 -> #DIV/0! | J82: =SUM(J76:J81) -> 513.49 | K82: =SUM(K76:K81) -> 28382 | L82: =SUM(L76:L81) -> 0 | M82: =SUM(M76:M81) -> 1106 | N82: =J82/M82 -> 0.46427667 | O82: =M82/J82 -> 2.1538881 | P82: =J82/D82 -> #DIV/0! | Q82: =M82/D82 -> #DIV/0! | R82: =SUM(R76:R81) -> -1106 | S82: =J82/L82 -> #DIV/0! | T82: =IFERROR((D82-#REF!)/D82,) | U82: =IFERROR((E82-#REF!)/E82,) | V82: =IFERROR((D82-#REF!)/D82, ) | W82: =IFERROR((E82-#REF!)/E82, )
B83: 46012 | C83: AIRDOCTOR - Home Depot US | G83: =E83/F83 -> #DIV/0! | H83: =D83/E83 -> #DIV/0! | I83: =H83/G83 -> #DIV/0! | J83: 176.83 | K83: 10330 | M83: 839 | N83: =J83/M83 -> 0.21076281 | O83: =M83/J83 -> 4.74467 | P83: =J83/D83 -> #DIV/0! | Q83: =M83/D83 -> #DIV/0! | R83: =D83-M83 -> -839 | S83: =J83/L83 -> #DIV/0!
C84: AirDoctor - Home Depot CA | G84: =E84/F84 -> #DIV/0! | H84: =D84/E84 -> #DIV/0! | I84: =H84/G84 -> #DIV/0! | J84: 0 | K84: 0 | M84: 0 | N84: =J84/M84 -> #DIV/0! | O84: =M84/J84 -> #DIV/0! | P84: =J84/D84 -> #DIV/0! | Q84: =M84/D84 -> #DIV/0! | R84: =D84-M84 -> 0 | S84: =J84/L84 -> #DIV/0!
C85: AQUA TRU - Home Depot US | G85: =E85/F85 -> #DIV/0! | H85: =D85/E85 -> #DIV/0! | I85: =H85/G85 -> #DIV/0! | J85: 169.03 | K85: 10693 | M85: 177 | N85: =J85/M85 -> 0.95497175 | O85: =M85/J85 -> 1.0471514 | P85: =J85/D85 -> #DIV/0! | Q85: =M85/D85 -> #DIV/0! | R85: =D85-M85 -> -177 | S85: =J85/L85 -> #DIV/0!
C86: AquaTru - Home Depot CA | G86: =E86/F86 -> #DIV/0! | H86: =D86/E86 -> #DIV/0! | I86: =H86/G86 -> #DIV/0! | J86: 0 | K86: 0 | M86: 0 | N86: =J86/M86 -> #DIV/0! | O86: =M86/J86 -> #DIV/0! | P86: =J86/D86 -> #DIV/0! | Q86: =M86/D86 -> #DIV/0! | R86: =D86-M86 -> 0 | S86: =J86/L86 -> #DIV/0!
B87: to | C87: PAINT ZOOM - Home Depot US | G87: =E87/F87 -> #DIV/0! | H87: =D87/E87 -> #DIV/0! | I87: =H87/G87 -> #DIV/0! | J87: 0 | K87: 0 | M87: 0 | N87: =(J87/M87) -> #DIV/0! | O87: =M87/J87 -> #DIV/0! | P87: =J87/D87 -> #DIV/0! | Q87: =M87/D87 -> #DIV/0! | R87: =D87-M87 -> 0 | S87: =J87/L87 -> #DIV/0!
A88: =iferror(if(B88>0,month(B88)&"-"&year(B88),B88),) -> 12-2025 | B88: 46018 | C88: ROTORAZER SAW - Home Depot US / ROTORAZERSAW - Home Depot US | G88: =E88/F88 -> #DIV/0! | H88: =D88/E88 -> #DIV/0! | I88: =H88/G88 -> #DIV/0! | J88: 174.74 | K88: 5497 | M88: 0 | N88: =J88/M88 -> #DIV/0! | O88: =M88/J88 -> 0 | P88: =J88/D88 -> #DIV/0! | Q88: =M88/D88 -> #DIV/0! | R88: =D88-M88 -> 0 | S88: =J88/L88 -> #DIV/0!
A89: =iferror(if(B89>0,month(B89)&"-"&year(B89),B89),) | B89: Previous Week | D89: =SUM(D83:D88) -> 0 | E89: =SUM(E83:E88) -> 0 | F89: =SUM(F83:F88) -> 0 | G89: =E89/F89 -> #DIV/0! | H89: =D89/E89 -> #DIV/0! | I89: =H89/G89 -> #DIV/0! | J89: =SUM(J83:J88) -> 520.6 | K89: =SUM(K83:K88) -> 26520 | L89: =SUM(L83:L88) -> 0 | M89: =SUM(M83:M88) -> 1016 | N89: =J89/M89 -> 0.51240157 | O89: =M89/J89 -> 1.9515943 | P89: =J89/D89 -> #DIV/0! | Q89: =M89/D89 -> #DIV/0! | R89: =SUM(R83:R88) -> -1016 | S89: =J89/L89 -> #DIV/0! | T89: =IFERROR((D89-#REF!)/D89,) | U89: =IFERROR((E89-#REF!)/E89,) | V89: =IFERROR((D89-#REF!)/D89, ) | W89: =IFERROR((E89-#REF!)/E89, )
B90: 46019 | C90: AIRDOCTOR - Home Depot US | G90: =E90/F90 -> #DIV/0! | H90: =D90/E90 -> #DIV/0! | I90: =H90/G90 -> #DIV/0! | J90: 163.31 | K90: 11820 | M90: 58 | N90: =J90/M90 -> 2.8156897 | O90: =M90/J90 -> 0.35515278 | P90: =J90/D90 -> #DIV/0! | Q90: =M90/D90 -> #DIV/0! | R90: =D90-M90 -> -58 | S90: =J90/L90 -> #DIV/0!
C91: AirDoctor - Home Depot CA | G91: =E91/F91 -> #DIV/0! | H91: =D91/E91 -> #DIV/0! | I91: =H91/G91 -> #DIV/0! | J91: 106.4 | K91: 6630 | M91: 0 | N91: =J91/M91 -> #DIV/0! | O91: =M91/J91 -> 0 | P91: =J91/D91 -> #DIV/0! | Q91: =M91/D91 -> #DIV/0! | R91: =D91-M91 -> 0 | S91: =J91/L91 -> #DIV/0!
C92: AQUA TRU - Home Depot US | G92: =E92/F92 -> #DIV/0! | H92: =D92/E92 -> #DIV/0! | I92: =H92/G92 -> #DIV/0! | J92: 157.13 | K92: 10589 | M92: 359 | N92: =J92/M92 -> 0.43768802 | O92: =M92/J92 -> 2.2847324 | P92: =J92/D92 -> #DIV/0! | Q92: =M92/D92 -> #DIV/0! | R92: =D92-M92 -> -359 | S92: =J92/L92 -> #DIV/0!
C93: AquaTru - Home Depot CA | G93: =E93/F93 -> #DIV/0! | H93: =D93/E93 -> #DIV/0! | I93: =H93/G93 -> #DIV/0! | J93: 0 | K93: 0 | M93: 0 | N93: =J93/M93 -> #DIV/0! | O93: =M93/J93 -> #DIV/0! | P93: =J93/D93 -> #DIV/0! | Q93: =M93/D93 -> #DIV/0! | R93: =D93-M93 -> 0 | S93: =J93/L93 -> #DIV/0!
B94: to | C94: PAINT ZOOM - Home Depot US | G94: =E94/F94 -> #DIV/0! | H94: =D94/E94 -> #DIV/0! | I94: =H94/G94 -> #DIV/0! | J94: 0 | K94: 0 | M94: 0 | N94: =(J94/M94) -> #DIV/0! | O94: =M94/J94 -> #DIV/0! | P94: =J94/D94 -> #DIV/0! | Q94: =M94/D94 -> #DIV/0! | R94: =D94-M94 -> 0 | S94: =J94/L94 -> #DIV/0!
A95: =iferror(if(B95>0,month(B95)&"-"&year(B95),B95),) -> 1-2026 | B95: 46025 | C95: ROTORAZER SAW - Home Depot US / ROTORAZERSAW - Home Depot US | G95: =E95/F95 -> #DIV/0! | H95: =D95/E95 -> #DIV/0! | I95: =H95/G95 -> #DIV/0! | J95: 166.48 | K95: 5772 | M95: 154 | N95: =J95/M95 -> 1.081039 | O95: =M95/J95 -> 0.92503604 | P95: =J95/D95 -> #DIV/0! | Q95: =M95/D95 -> #DIV/0! | R95: =D95-M95 -> -154 | S95: =J95/L95 -> #DIV/0!
A96: =iferror(if(B96>0,month(B96)&"-"&year(B96),B96),) | B96: Current Week | D96: =SUM(D90:D95) -> 0 | E96: =SUM(E90:E95) -> 0 | F96: =SUM(F90:F95) -> 0 | G96: =E96/F96 -> #DIV/0! | H96: =D96/E96 -> #DIV/0! | I96: =H96/G96 -> #DIV/0! | J96: =SUM(J90:J95) -> 593.32 | K96: =SUM(K90:K95) -> 34811 | L96: =SUM(L90:L95) -> 0 | M96: =SUM(M90:M95) -> 571 | N96: =J96/M96 -> 1.0390893 | O96: =M96/J96 -> 0.96238118 | P96: =J96/D96 -> #DIV/0! | Q96: =M96/D96 -> #DIV/0! | R96: =SUM(R90:R95) -> -571 | S96: =J96/L96 -> #DIV/0! | T96: =IFERROR((D96-D89)/D96,) | U96: =IFERROR((E96-E89)/E96,) | V96: =IFERROR((D96-#REF!)/D96, ) | W96: =IFERROR((E96-#REF!)/E96, )

Sheet ALL - 2026 - Orange Access
A1: Home Depot RPD - Orange Access - DATA SOURCES: https://us.orangeapronmedia.com/r/organizations
C2: WEEKLY PERFORMANCE | X2: =(#REF!+#REF!+#REF!+#REF!)-(monthly_reporting_2021!D17+monthly_reporting_2021!D23+monthly_reporting_2021!D29+monthly_reporting_2021!D35) -> #REF! | Y2: =((#REF!+#REF!+#REF!+#REF!)-(monthly_reporting_2021!E17+monthly_reporting_2021!E23+monthly_reporting_2021!E29+monthly_reporting_2021!E35))/(#REF!+#REF!+#REF!+#REF!) -> #REF!
K3: Total Sales | N3: Total Orders | S3: Total Units Sold
K4: =VLOOKUP("Current Week",$B$11:$X$95,match("SALES",$B$11:$X$11,0),FALSE) -> 0 | N4: =VLOOKUP("Current Week",$B$11:$X$95,match("Units Sold",$B$11:$X$11,0),FALSE) -> 0 | S4: =VLOOKUP("Current Week",$B$11:$X$95,match("Ordered Items",$B$11:$X$11,0),FALSE) -> 0
K5: =(K4-(VLOOKUP("Previous Week",$B$11:$X$100,match("SALES",$B$11:$X$11,0),FALSE)))/K4 -> #DIV/0! | N5: =(N4-(VLOOKUP("Previous Week",$B$11:$X$100,match("Units Sold",$B$11:$X$11,0),FALSE)))/N4 -> #DIV/0! | S5: =(S4-(VLOOKUP("Previous Week",$B$11:$X$100,match("Ordered Items",$B$11:$X$11,0),FALSE)))/S4 -> #DIV/0!
K7: Advertising Sales | N7: Advertising Spend | S7: ACoS
K8: =VLOOKUP("Current Week",$B$11:$X$95,match("AD SALES",$B$11:$X$11,0),FALSE) -> 1710.34 | N8: =VLOOKUP("Current Week",$B$11:$X$95,match("SP AD SPEND",$B$11:$X$11,0),FALSE) -> 907.14 | S8: =N8/K8 -> 0.53038577
K9: =(K8-(VLOOKUP("Previous Week",$B$11:$X$100,match("AD SALES",$B$11:$X$11,0),FALSE)))/K8 -> -0.35237438 | N9: =(N8-(VLOOKUP("Previous Week",$B$11:$X$100,match("SP AD SPEND",$B$11:$X$11,0),FALSE)))/N8 -> 0.028540247 | S9: =(S8-(VLOOKUP("Previous Week",$B$11:$X$100,match("ACOS",$B$11:$X$11,0),FALSE)))/S8 -> 0.28166359
D10: SALES METRICS | L10: ADVERTISING PERFORMANCE | V10: MoM | X10: YoY
A11: Month-Code | B11: DATE | C11: Campaign Group per Brand | D11: SALES | E11: UNITS SOLD | F11: ORDERED ITEMS | G11: UNITS PER ORDER | H11: SALES PER ORDER | I11: ASP | J11: SP AD SPEND | K11: IMPRESSIONS | L11: UNIT SALES | M11: AD SALES | N11: ACoS | O11: ROAS (return on ad send) | P11: TACoS (Total Advertsing Cost of Sales) | Q11: REVENUE PERCENTAGE OF AD SALES | R11: ORGANIC SALES | S11: CPO | T11: SALES | U11: UNITS | V11: SALES | W11: UNITS
B13: 45921 | C13: AIRDOCTOR - Home Depot US | G13: =E13/F13 -> #DIV/0! | H13: =D13/E13 -> #DIV/0! | I13: =H13/G13 -> #DIV/0! | J13: 0 | K13: 0 | L13: 0 | M13: 0 | N13: =J13/M13 -> #DIV/0! | O13: =M13/J13 -> #DIV/0! | P13: =J13/D13 -> #DIV/0! | Q13: =M13/D13 -> #DIV/0! | R13: =D13-M13 -> 0 | S13: =J13/L13 -> #DIV/0!
C14: AQUA TRU - Home Depot US | G14: =E14/F14 -> #DIV/0! | H14: =D14/E14 -> #DIV/0! | I14: =H14/G14 -> #DIV/0! | J14: 0 | K14: 0 | L14: 0 | M14: 0 | N14: =J14/M14 -> #DIV/0! | O14: =M14/J14 -> #DIV/0! | P14: =J14/D14 -> #DIV/0! | Q14: =M14/D14 -> #DIV/0! | R14: =D14-M14 -> 0 | S14: =J14/L14 -> #DIV/0!
B15: to | C15: PAINT ZOOM - Home Depot US | G15: =E15/F15 -> #DIV/0! | H15: =D15/E15 -> #DIV/0! | I15: =H15/G15 -> #DIV/0! | J15: 0 | K15: 0 | L15: 0 | M15: 0 | N15: =(J15/M15) -> #DIV/0! | O15: =M15/J15 -> #DIV/0! | P15: =J15/D15 -> #DIV/0! | Q15: =M15/D15 -> #DIV/0! | R15: =D15-M15 -> 0 | S15: =J15/L15 -> #DIV/0!
A16: =iferror(if(B16>0,month(B16)&"-"&year(B16),B16),) -> 9-2025 | B16: 45927 | C16: ROTORAZER SAW - Home Depot US / ROTORAZERSAW - Home Depot US | G16: =E16/F16 -> #DIV/0! | H16: =D16/E16 -> #DIV/0! | I16: =H16/G16 -> #DIV/0! | J16: 0 | K16: 0 | L16: 0 | M16: 0 | N16: =J16/M16 -> #DIV/0! | O16: =M16/J16 -> #DIV/0! | P16: =J16/D16 -> #DIV/0! | Q16: =M16/D16 -> #DIV/0! | R16: =D16-M16 -> 0 | S16: =J16/L16 -> #DIV/0!
B17: 46012 | C17: AIRDOCTOR - Home Depot US | G17: =E17/F17 -> #DIV/0! | H17: =D17/E17 -> #DIV/0! | I17: =H17/G17 -> #DIV/0! | J17: 176.83 | K17: 10330 | M17: 839 | N17: =J17/M17 -> 0.21076281 | O17: =M17/J17 -> 4.74467 | P17: =J17/D17 -> #DIV/0! | Q17: =M17/D17 -> #DIV/0! | R17: =D17-M17 -> -839 | S17: =J17/L17 -> #DIV/0!
C18: AirDoctor - Home Depot CA | G18: =E18/F18 -> #DIV/0! | H18: =D18/E18 -> #DIV/0! | I18: =H18/G18 -> #DIV/0! | J18: 0 | K18: 0 | M18: 0 | N18: =J18/M18 -> #DIV/0! | O18: =M18/J18 -> #DIV/0! | P18: =J18/D18 -> #DIV/0! | Q18: =M18/D18 -> #DIV/0! | R18: =D18-M18 -> 0 | S18: =J18/L18 -> #DIV/0!
C19: AQUA TRU - Home Depot US | G19: =E19/F19 -> #DIV/0! | H19: =D19/E19 -> #DIV/0! | I19: =H19/G19 -> #DIV/0! | J19: 169.03 | K19: 10693 | M19: 177 | N19: =J19/M19 -> 0.95497175 | O19: =M19/J19 -> 1.0471514 | P19: =J19/D19 -> #DIV/0! | Q19: =M19/D19 -> #DIV/0! | R19: =D19-M19 -> -177 | S19: =J19/L19 -> #DIV/0!
C20: AquaTru - Home Depot CA | G20: =E20/F20 -> #DIV/0! | H20: =D20/E20 -> #DIV/0! | I20: =H20/G20 -> #DIV/0! | J20: 0 | K20: 0 | M20: 0 | N20: =J20/M20 -> #DIV/0! | O20: =M20/J20 -> #DIV/0! | P20: =J20/D20 -> #DIV/0! | Q20: =M20/D20 -> #DIV/0! | R20: =D20-M20 -> 0 | S20: =J20/L20 -> #DIV/0!
B21: to | C21: PAINT ZOOM - Home Depot US | G21: =E21/F21 -> #DIV/0! | H21: =D21/E21 -> #DIV/0! | I21: =H21/G21 -> #DIV/0! | J21: 0 | K21: 0 | M21: 0 | N21: =(J21/M21) -> #DIV/0! | O21: =M21/J21 -> #DIV/0! | P21: =J21/D21 -> #DIV/0! | Q21: =M21/D21 -> #DIV/0! | R21: =D21-M21 -> 0 | S21: =J21/L21 -> #DIV/0!
A22: =iferror(if(B22>0,month(B22)&"-"&year(B22),B22),) -> 12-2025 | B22: 46018 | C22: ROTORAZER SAW - Home Depot US / ROTORAZERSAW - Home Depot US | G22: =E22/F22 -> #DIV/0! | H22: =D22/E22 -> #DIV/0! | I22: =H22/G22 -> #DIV/0! | J22: 174.74 | K22: 5497 | M22: 0 | N22: =J22/M22 -> #DIV/0! | O22: =M22/J22 -> 0 | P22: =J22/D22 -> #DIV/0! | Q22: =M22/D22 -> #DIV/0! | R22: =D22-M22 -> 0 | S22: =J22/L22 -> #DIV/0!
A23: =iferror(if(B23>0,month(B23)&"-"&year(B23),B23),) | B23: Week 52 | D23: =SUM(D17:D22) -> 0 | E23: =SUM(E17:E22) -> 0 | F23: =SUM(F17:F22) -> 0 | G23: =E23/F23 -> #DIV/0! | H23: =D23/E23 -> #DIV/0! | I23: =H23/G23 -> #DIV/0! | J23: =SUM(J17:J22) -> 520.6 | K23: =SUM(K17:K22) -> 26520 | L23: =SUM(L17:L22) -> 0 | M23: =SUM(M17:M22) -> 1016 | N23: =J23/M23 -> 0.51240157 | O23: =M23/J23 -> 1.9515943 | P23: =J23/D23 -> #DIV/0! | Q23: =M23/D23 -> #DIV/0! | R23: =SUM(R17:R22) -> -1016 | S23: =J23/L23 -> #DIV/0! | T23: =IFERROR((D23-#REF!)/D23,) | U23: =IFERROR((E23-#REF!)/E23,) | V23: =IFERROR((D23-#REF!)/D23, ) | W23: =IFERROR((E23-#REF!)/E23, )
B24: 46019 | C24: AIRDOCTOR - Home Depot US | G24: =E24/F24 -> #DIV/0! | H24: =D24/E24 -> #DIV/0! | I24: =H24/G24 -> #DIV/0! | J24: 163.31 | K24: 11820 | M24: 58 | N24: =J24/M24 -> 2.8156897 | O24: =M24/J24 -> 0.35515278 | P24: =J24/D24 -> #DIV/0! | Q24: =M24/D24 -> #DIV/0! | R24: =D24-M24 -> -58 | S24: =J24/L24 -> #DIV/0!
C25: AirDoctor - Home Depot CA | G25: =E25/F25 -> #DIV/0! | H25: =D25/E25 -> #DIV/0! | I25: =H25/G25 -> #DIV/0! | J25: 106.4 | K25: 6630 | M25: 0 | N25: =J25/M25 -> #DIV/0! | O25: =M25/J25 -> 0 | P25: =J25/D25 -> #DIV/0! | Q25: =M25/D25 -> #DIV/0! | R25: =D25-M25 -> 0 | S25: =J25/L25 -> #DIV/0!
C26: AQUA TRU - Home Depot US | G26: =E26/F26 -> #DIV/0! | H26: =D26/E26 -> #DIV/0! | I26: =H26/G26 -> #DIV/0! | J26: 157.13 | K26: 10589 | M26: 359 | N26: =J26/M26 -> 0.43768802 | O26: =M26/J26 -> 2.2847324 | P26: =J26/D26 -> #DIV/0! | Q26: =M26/D26 -> #DIV/0! | R26: =D26-M26 -> -359 | S26: =J26/L26 -> #DIV/0!
C27: AquaTru - Home Depot CA | G27: =E27/F27 -> #DIV/0! | H27: =D27/E27 -> #DIV/0! | I27: =H27/G27 -> #DIV/0! | J27: 0 | K27: 0 | M27: 0 | N27: =J27/M27 -> #DIV/0! | O27: =M27/J27 -> #DIV/0! | P27: =J27/D27 -> #DIV/0! | Q27: =M27/D27 -> #DIV/0! | R27: =D27-M27 -> 0 | S27: =J27/L27 -> #DIV/0!
B28: to | C28: PAINT ZOOM - Home Depot US | G28: =E28/F28 -> #DIV/0! | H28: =D28/E28 -> #DIV/0! | I28: =H28/G28 -> #DIV/0! | J28: 0 | K28: 0 | M28: 0 | N28: =(J28/M28) -> #DIV/0! | O28: =M28/J28 -> #DIV/0! | P28: =J28/D28 -> #DIV/0! | Q28: =M28/D28 -> #DIV/0! | R28: =D28-M28 -> 0 | S28: =J28/L28 -> #DIV/0!
A29: =iferror(if(B29>0,month(B29)&"-"&year(B29),B29),) -> 1-2026 | B29: 46025 | C29: ROTORAZER SAW - Home Depot US / ROTORAZERSAW - Home Depot US | G29: =E29/F29 -> #DIV/0! | H29: =D29/E29 -> #DIV/0! | I29: =H29/G29 -> #DIV/0! | J29: 166.48 | K29: 5772 | M29: 154 | N29: =J29/M29 -> 1.081039 | O29: =M29/J29 -> 0.92503604 | P29: =J29/D29 -> #DIV/0! | Q29: =M29/D29 -> #DIV/0! | R29: =D29-M29 -> -154 | S29: =J29/L29 -> #DIV/0!
A30: =iferror(if(B30>0,month(B30)&"-"&year(B30),B30),) | B30: 2026 - Week 1 | D30: =SUM(D24:D29) -> 0 | E30: =SUM(E24:E29) -> 0 | F30: =SUM(F24:F29) -> 0 | G30: =E30/F30 -> #DIV/0! | H30: =D30/E30 -> #DIV/0! | I30: =H30/G30 -> #DIV/0! | J30: =SUM(J24:J29) -> 593.32 | K30: =SUM(K24:K29) -> 34811 | L30: =SUM(L24:L29) -> 0 | M30: =SUM(M24:M29) -> 571 | N30: =J30/M30 -> 1.0390893 | O30: =M30/J30 -> 0.96238118 | P30: =J30/D30 -> #DIV/0! | Q30: =M30/D30 -> #DIV/0! | R30: =SUM(R24:R29) -> -571 | S30: =J30/L30 -> #DIV/0! | T30: =IFERROR((D30-#REF!)/D30,) | U30: =IFERROR((E30-#REF!)/E30,) | V30: =IFERROR((D30-#REF!)/D30, ) | W30: =IFERROR((E30-#REF!)/E30, )
B31: 46026 | C31: AIRDOCTOR - Home Depot US | G31: =E31/F31 -> #DIV/0! | H31: =D31/E31 -> #DIV/0! | I31: =H31/G31 -> #DIV/0! | J31: 158.91 | K31: 13235 | M31: 609 | N31: =J31/M31 -> 0.26093596 | O31: =M31/J31 -> 3.8323579 | P31: =J31/D31 -> #DIV/0! | Q31: =M31/D31 -> #DIV/0! | R31: =D31-M31 -> -609 | S31: =J31/L31 -> #DIV/0!
C32: AirDoctor - Home Depot CA | G32: =E32/F32 -> #DIV/0! | H32: =D32/E32 -> #DIV/0! | I32: =H32/G32 -> #DIV/0! | J32: 295.15 | K32: 25738 | M32: 0 | N32: =J32/M32 -> #DIV/0! | O32: =M32/J32 -> 0 | P32: =J32/D32 -> #DIV/0! | Q32: =M32/D32 -> #DIV/0! | R32: =D32-M32 -> 0 | S32: =J32/L32 -> #DIV/0!
C33: AQUA TRU - Home Depot US | G33: =E33/F33 -> #DIV/0! | H33: =D33/E33 -> #DIV/0! | I33: =H33/G33 -> #DIV/0! | J33: 156.35 | K33: 23049 | M33: 0 | N33: =J33/M33 -> #DIV/0! | O33: =M33/J33 -> 0 | P33: =J33/D33 -> #DIV/0! | Q33: =M33/D33 -> #DIV/0! | R33: =D33-M33 -> 0 | S33: =J33/L33 -> #DIV/0!
C34: AquaTru - Home Depot CA | G34: =E34/F34 -> #DIV/0! | H34: =D34/E34 -> #DIV/0! | I34: =H34/G34 -> #DIV/0! | J34: 56.72 | K34: 6838 | M34: 0 | N34: =J34/M34 -> #DIV/0! | O34: =M34/J34 -> 0 | P34: =J34/D34 -> #DIV/0! | Q34: =M34/D34 -> #DIV/0! | R34: =D34-M34 -> 0 | S34: =J34/L34 -> #DIV/0!
B35: to | C35: PAINT ZOOM - Home Depot US | G35: =E35/F35 -> #DIV/0! | H35: =D35/E35 -> #DIV/0! | I35: =H35/G35 -> #DIV/0! | J35: 0 | K35: 0 | M35: 0 | N35: =(J35/M35) -> #DIV/0! | O35: =M35/J35 -> #DIV/0! | P35: =J35/D35 -> #DIV/0! | Q35: =M35/D35 -> #DIV/0! | R35: =D35-M35 -> 0 | S35: =J35/L35 -> #DIV/0!
A36: =iferror(if(B36>0,month(B36)&"-"&year(B36),B36),) -> 1-2026 | B36: 46032 | C36: ROTORAZER SAW - Home Depot US / ROTORAZERSAW - Home Depot US | G36: =E36/F36 -> #DIV/0! | H36: =D36/E36 -> #DIV/0! | I36: =H36/G36 -> #DIV/0! | J36: 139.38 | K36: 12458 | M36: 0 | N36: =J36/M36 -> #DIV/0! | O36: =M36/J36 -> 0 | P36: =J36/D36 -> #DIV/0! | Q36: =M36/D36 -> #DIV/0! | R36: =D36-M36 -> 0 | S36: =J36/L36 -> #DIV/0!
A37: =iferror(if(B37>0,month(B37)&"-"&year(B37),B37),) | B37: 2026 - Week 2 | D37: =SUM(D31:D36) -> 0 | E37: =SUM(E31:E36) -> 0 | F37: =SUM(F31:F36) -> 0 | G37: =E37/F37 -> #DIV/0! | H37: =D37/E37 -> #DIV/0! | I37: =H37/G37 -> #DIV/0! | J37: =SUM(J31:J36) -> 806.51 | K37: =SUM(K31:K36) -> 81318 | L37: =SUM(L31:L36) -> 0 | M37: =SUM(M31:M36) -> 609 | N37: =J37/M37 -> 1.3243186 | O37: =M37/J37 -> 0.75510533 | P37: =J37/D37 -> #DIV/0! | Q37: =M37/D37 -> #DIV/0! | R37: =SUM(R31:R36) -> -609 | S37: =J37/L37 -> #DIV/0! | T37: =IFERROR((D37-#REF!)/D37,) | U37: =IFERROR((E37-#REF!)/E37,) | V37: =IFERROR((D37-#REF!)/D37, ) | W37: =IFERROR((E37-#REF!)/E37, )
B38: 46033 | C38: AIRDOCTOR - Home Depot US | G38: =E38/F38 -> #DIV/0! | H38: =D38/E38 -> #DIV/0! | I38: =H38/G38 -> #DIV/0! | J38: 160.36 | K38: 7685 | M38: 0 | N38: =J38/M38 -> #DIV/0! | O38: =M38/J38 -> 0 | P38: =J38/D38 -> #DIV/0! | Q38: =M38/D38 -> #DIV/0! | R38: =D38-M38 -> 0 | S38: =J38/L38 -> #DIV/0!
C39: AirDoctor - Home Depot CA | G39: =E39/F39 -> #DIV/0! | H39: =D39/E39 -> #DIV/0! | I39: =H39/G39 -> #DIV/0! | J39: 277.4 | K39: 25369 | M39: 0 | N39: =J39/M39 -> #DIV/0! | O39: =M39/J39 -> 0 | P39: =J39/D39 -> #DIV/0! | Q39: =M39/D39 -> #DIV/0! | R39: =D39-M39 -> 0 | S39: =J39/L39 -> #DIV/0!
C40: AQUA TRU - Home Depot US | G40: =E40/F40 -> #DIV/0! | H40: =D40/E40 -> #DIV/0! | I40: =H40/G40 -> #DIV/0! | J40: 156.06 | K40: 20546 | M40: 0 | N40: =J40/M40 -> #DIV/0! | O40: =M40/J40 -> 0 | P40: =J40/D40 -> #DIV/0! | Q40: =M40/D40 -> #DIV/0! | R40: =D40-M40 -> 0 | S40: =J40/L40 -> #DIV/0!
C41: AquaTru - Home Depot CA | G41: =E41/F41 -> #DIV/0! | H41: =D41/E41 -> #DIV/0! | I41: =H41/G41 -> #DIV/0! | J41: 284.2 | K41: 18011 | M41: 0 | N41: =J41/M41 -> #DIV/0! | O41: =M41/J41 -> 0 | P41: =J41/D41 -> #DIV/0! | Q41: =M41/D41 -> #DIV/0! | R41: =D41-M41 -> 0 | S41: =J41/L41 -> #DIV/0!
B42: to | C42: PAINT ZOOM - Home Depot US | G42: =E42/F42 -> #DIV/0! | H42: =D42/E42 -> #DIV/0! | I42: =H42/G42 -> #DIV/0! | J42: 0 | K42: 0 | M42: 0 | N42: =(J42/M42) -> #DIV/0! | O42: =M42/J42 -> #DIV/0! | P42: =J42/D42 -> #DIV/0! | Q42: =M42/D42 -> #DIV/0! | R42: =D42-M42 -> 0 | S42: =J42/L42 -> #DIV/0!
A43: =iferror(if(B43>0,month(B43)&"-"&year(B43),B43),) -> 1-2026 | B43: 46039 | C43: ROTORAZER SAW - Home Depot US / ROTORAZERSAW - Home Depot US | G43: =E43/F43 -> #DIV/0! | H43: =D43/E43 -> #DIV/0! | I43: =H43/G43 -> #DIV/0! | J43: 107.29 | K43: 16021 | M43: 0 | N43: =J43/M43 -> #DIV/0! | O43: =M43/J43 -> 0 | P43: =J43/D43 -> #DIV/0! | Q43: =M43/D43 -> #DIV/0! | R43: =D43-M43 -> 0 | S43: =J43/L43 -> #DIV/0!
A44: =iferror(if(B44>0,month(B44)&"-"&year(B44),B44),) | B44: 2026 - Week 3 | D44: =SUM(D38:D43) -> 0 | E44: =SUM(E38:E43) -> 0 | F44: =SUM(F38:F43) -> 0 | G44: =E44/F44 -> #DIV/0! | H44: =D44/E44 -> #DIV/0! | I44: =H44/G44 -> #DIV/0! | J44: =SUM(J38:J43) -> 985.31 | K44: =SUM(K38:K43) -> 87632 | L44: =SUM(L38:L43) -> 0 | M44: =SUM(M38:M43) -> 0 | N44: =J44/M44 -> #DIV/0! | O44: =M44/J44 -> 0 | P44: =J44/D44 -> #DIV/0! | Q44: =M44/D44 -> #DIV/0! | R44: =SUM(R38:R43) -> 0 | S44: =J44/L44 -> #DIV/0! | T44: =IFERROR((D44-#REF!)/D44,) | U44: =IFERROR((E44-#REF!)/E44,) | V44: =IFERROR((D44-#REF!)/D44, ) | W44: =IFERROR((E44-#REF!)/E44, )
B45: 46040 | C45: AIRDOCTOR - Home Depot US | G45: =E45/F45 -> #DIV/0! | H45: =D45/E45 -> #DIV/0! | I45: =H45/G45 -> #DIV/0! | J45: 35.15 | K45: 1823 | M45: 658 | N45: =J45/M45 -> 0.053419453 | O45: =M45/J45 -> 18.719772 | P45: =J45/D45 -> #DIV/0! | Q45: =M45/D45 -> #DIV/0! | R45: =D45-M45 -> -658 | S45: =J45/L45 -> #DIV/0!
C46: AirDoctor - Home Depot CA | G46: =E46/F46 -> #DIV/0! | H46: =D46/E46 -> #DIV/0! | I46: =H46/G46 -> #DIV/0! | J46: 0 | K46: 23684 | M46: 296.01 | N46: =J46/M46 -> 0 | O46: =M46/J46 -> #DIV/0! | P46: =J46/D46 -> #DIV/0! | Q46: =M46/D46 -> #DIV/0! | R46: =D46-M46 -> -296.01 | S46: =J46/L46 -> #DIV/0!
C47: AQUA TRU - Home Depot US | G47: =E47/F47 -> #DIV/0! | H47: =D47/E47 -> #DIV/0! | I47: =H47/G47 -> #DIV/0! | J47: 35.57 | K47: 1697 | M47: 395 | N47: =J47/M47 -> 0.090050633 | O47: =M47/J47 -> 11.104864 | P47: =J47/D47 -> #DIV/0! | Q47: =M47/D47 -> #DIV/0! | R47: =D47-M47 -> -395 | S47: =J47/L47 -> #DIV/0!
C48: AquaTru - Home Depot CA | G48: =E48/F48 -> #DIV/0! | H48: =D48/E48 -> #DIV/0! | I48: =H48/G48 -> #DIV/0! | J48: 317.31 | K48: 20351 | M48: 878.18 | N48: =J48/M48 -> 0.36132684 | O48: =M48/J48 -> 2.7675774 | P48: =J48/D48 -> #DIV/0! | Q48: =M48/D48 -> #DIV/0! | R48: =D48-M48 -> -878.18 | S48: =J48/L48 -> #DIV/0!
B49: to | C49: PAINT ZOOM - Home Depot US | G49: =E49/F49 -> #DIV/0! | H49: =D49/E49 -> #DIV/0! | I49: =H49/G49 -> #DIV/0! | J49: 0 | K49: 0 | M49: 0 | N49: =(J49/M49) -> #DIV/0! | O49: =M49/J49 -> #DIV/0! | P49: =J49/D49 -> #DIV/0! | Q49: =M49/D49 -> #DIV/0! | R49: =D49-M49 -> 0 | S49: =J49/L49 -> #DIV/0!
A50: =iferror(if(B50>0,month(B50)&"-"&year(B50),B50),) -> 1-2026 | B50: 46046 | C50: ROTORAZER SAW - Home Depot US / ROTORAZERSAW - Home Depot US | G50: =E50/F50 -> #DIV/0! | H50: =D50/E50 -> #DIV/0! | I50: =H50/G50 -> #DIV/0! | J50: 28.97 | K50: 2157 | M50: 0 | N50: =J50/M50 -> #DIV/0! | O50: =M50/J50 -> 0 | P50: =J50/D50 -> #DIV/0! | Q50: =M50/D50 -> #DIV/0! | R50: =D50-M50 -> 0 | S50: =J50/L50 -> #DIV/0!
A51: =iferror(if(B51>0,month(B51)&"-"&year(B51),B51),) | B51: 2026 - Week 4 | D51: =SUM(D45:D50) -> 0 | E51: =SUM(E45:E50) -> 0 | F51: =SUM(F45:F50) -> 0 | G51: =E51/F51 -> #DIV/0! | H51: =D51/E51 -> #DIV/0! | I51: =H51/G51 -> #DIV/0! | J51: =SUM(J45:J50) -> 417 | K51: =SUM(K45:K50) -> 49712 | L51: =SUM(L45:L50) -> 0 | M51: =SUM(M45:M50) -> 2227.19 | N51: =J51/M51 -> 0.18723144 | O51: =M51/J51 -> 5.3409832 | P51: =J51/D51 -> #DIV/0! | Q51: =M51/D51 -> #DIV/0! | R51: =SUM(R45:R50) -> -2227.19 | S51: =J51/L51 -> #DIV/0! | T51: =IFERROR((D51-#REF!)/D51,) | U51: =IFERROR((E51-#REF!)/E51,) | V51: =IFERROR((D51-#REF!)/D51, ) | W51: =IFERROR((E51-#REF!)/E51, )
B52: 46047 | C52: AIRDOCTOR - Home Depot US | G52: =E52/F52 -> #DIV/0! | H52: =D52/E52 -> #DIV/0! | I52: =H52/G52 -> #DIV/0! | J52: 0 | K52: 0 | M52: 0 | N52: =J52/M52 -> #DIV/0! | O52: =M52/J52 -> #DIV/0! | P52: =J52/D52 -> #DIV/0! | Q52: =M52/D52 -> #DIV/0! | R52: =D52-M52 -> 0 | S52: =J52/L52 -> #DIV/0!
C53: AirDoctor - Home Depot CA | G53: =E53/F53 -> #DIV/0! | H53: =D53/E53 -> #DIV/0! | I53: =H53/G53 -> #DIV/0! | J53: 164.1 | K53: 17840 | M53: 0 | N53: =J53/M53 -> #DIV/0! | O53: =M53/J53 -> 0 | P53: =J53/D53 -> #DIV/0! | Q53: =M53/D53 -> #DIV/0! | R53: =D53-M53 -> 0 | S53: =J53/L53 -> #DIV/0!
C54: AQUA TRU - Home Depot US | G54: =E54/F54 -> #DIV/0! | H54: =D54/E54 -> #DIV/0! | I54: =H54/G54 -> #DIV/0! | J54: 0 | K54: 0 | M54: 0 | N54: =J54/M54 -> #DIV/0! | O54: =M54/J54 -> #DIV/0! | P54: =J54/D54 -> #DIV/0! | Q54: =M54/D54 -> #DIV/0! | R54: =D54-M54 -> 0 | S54: =J54/L54 -> #DIV/0!
C55: AquaTru - Home Depot CA | G55: =E55/F55 -> #DIV/0! | H55: =D55/E55 -> #DIV/0! | I55: =H55/G55 -> #DIV/0! | J55: 241.85 | K55: 17267 | M55: 0 | N55: =J55/M55 -> #DIV/0! | O55: =M55/J55 -> 0 | P55: =J55/D55 -> #DIV/0! | Q55: =M55/D55 -> #DIV/0! | R55: =D55-M55 -> 0 | S55: =J55/L55 -> #DIV/0!
B56: to | C56: PAINT ZOOM - Home Depot US | G56: =E56/F56 -> #DIV/0! | H56: =D56/E56 -> #DIV/0! | I56: =H56/G56 -> #DIV/0! | J56: 0 | K56: 0 | M56: 0 | N56: =(J56/M56) -> #DIV/0! | O56: =M56/J56 -> #DIV/0! | P56: =J56/D56 -> #DIV/0! | Q56: =M56/D56 -> #DIV/0! | R56: =D56-M56 -> 0 | S56: =J56/L56 -> #DIV/0!
A57: =iferror(if(B57>0,month(B57)&"-"&year(B57),B57),) -> 1-2026 | B57: 46053 | C57: ROTORAZER SAW - Home Depot US / ROTORAZERSAW - Home Depot US | G57: =E57/F57 -> #DIV/0! | H57: =D57/E57 -> #DIV/0! | I57: =H57/G57 -> #DIV/0! | J57: 0 | K57: 0 | M57: 0 | N57: =J57/M57 -> #DIV/0! | O57: =M57/J57 -> #DIV/0! | P57: =J57/D57 -> #DIV/0! | Q57: =M57/D57 -> #DIV/0! | R57: =D57-M57 -> 0 | S57: =J57/L57 -> #DIV/0!
A58: =iferror(if(B58>0,month(B58)&"-"&year(B58),B58),) | B58: 2026 - Week 5 | D58: =SUM(D52:D57) -> 0 | E58: =SUM(E52:E57) -> 0 | F58: =SUM(F52:F57) -> 0 | G58: =E58/F58 -> #DIV/0! | H58: =D58/E58 -> #DIV/0! | I58: =H58/G58 -> #DIV/0! | J58: =SUM(J52:J57) -> 405.95 | K58: =SUM(K52:K57) -> 35107 | L58: =SUM(L52:L57) -> 0 | M58: =SUM(M52:M57) -> 0 | N58: =J58/M58 -> #DIV/0! | O58: =M58/J58 -> 0 | P58: =J58/D58 -> #DIV/0! | Q58: =M58/D58 -> #DIV/0! | R58: =SUM(R52:R57) -> 0 | S58: =J58/L58 -> #DIV/0! | T58: =IFERROR((D58-#REF!)/D58,) | U58: =IFERROR((E58-#REF!)/E58,) | V58: =IFERROR((D58-#REF!)/D58, ) | W58: =IFERROR((E58-#REF!)/E58, )
B59: 46054 | C59: AIRDOCTOR - Home Depot US | G59: =E59/F59 -> #DIV/0! | H59: =D59/E59 -> #DIV/0! | I59: =H59/G59 -> #DIV/0! | J59: 0 | K59: 0 | M59: 0 | N59: =J59/M59 -> #DIV/0! | O59: =M59/J59 -> #DIV/0! | P59: =J59/D59 -> #DIV/0! | Q59: =M59/D59 -> #DIV/0! | R59: =D59-M59 -> 0 | S59: =J59/L59 -> #DIV/0!
C60: AirDoctor - Home Depot CA | G60: =E60/F60 -> #DIV/0! | H60: =D60/E60 -> #DIV/0! | I60: =H60/G60 -> #DIV/0! | J60: 0 | K60: 0 | M60: 0 | N60: =J60/M60 -> #DIV/0! | O60: =M60/J60 -> #DIV/0! | P60: =J60/D60 -> #DIV/0! | Q60: =M60/D60 -> #DIV/0! | R60: =D60-M60 -> 0 | S60: =J60/L60 -> #DIV/0!
C61: AQUA TRU - Home Depot US | G61: =E61/F61 -> #DIV/0! | H61: =D61/E61 -> #DIV/0! | I61: =H61/G61 -> #DIV/0! | J61: 0 | K61: 0 | M61: 0 | N61: =J61/M61 -> #DIV/0! | O61: =M61/J61 -> #DIV/0! | P61: =J61/D61 -> #DIV/0! | Q61: =M61/D61 -> #DIV/0! | R61: =D61-M61 -> 0 | S61: =J61/L61 -> #DIV/0!
C62: AquaTru - Home Depot CA | G62: =E62/F62 -> #DIV/0! | H62: =D62/E62 -> #DIV/0! | I62: =H62/G62 -> #DIV/0! | J62: 109.2 | K62: 813 | M62: 0 | N62: =J62/M62 -> #DIV/0! | O62: =M62/J62 -> 0 | P62: =J62/D62 -> #DIV/0! | Q62: =M62/D62 -> #DIV/0! | R62: =D62-M62 -> 0 | S62: =J62/L62 -> #DIV/0!
B63: to | C63: PAINT ZOOM - Home Depot US | G63: =E63/F63 -> #DIV/0! | H63: =D63/E63 -> #DIV/0! | I63: =H63/G63 -> #DIV/0! | J63: 0 | K63: 0 | M63: 0 | N63: =(J63/M63) -> #DIV/0! | O63: =M63/J63 -> #DIV/0! | P63: =J63/D63 -> #DIV/0! | Q63: =M63/D63 -> #DIV/0! | R63: =D63-M63 -> 0 | S63: =J63/L63 -> #DIV/0!
A64: =iferror(if(B64>0,month(B64)&"-"&year(B64),B64),) -> 2-2026 | B64: 46060 | C64: ROTORAZER SAW - Home Depot US / ROTORAZERSAW - Home Depot US | G64: =E64/F64 -> #DIV/0! | H64: =D64/E64 -> #DIV/0! | I64: =H64/G64 -> #DIV/0! | J64: 0 | K64: 0 | M64: 0 | N64: =J64/M64 -> #DIV/0! | O64: =M64/J64 -> #DIV/0! | P64: =J64/D64 -> #DIV/0! | Q64: =M64/D64 -> #DIV/0! | R64: =D64-M64 -> 0 | S64: =J64/L64 -> #DIV/0!
A65: =iferror(if(B65>0,month(B65)&"-"&year(B65),B65),) | B65: 2026 - Week 6 | D65: =SUM(D59:D64) -> 0 | E65: =SUM(E59:E64) -> 0 | F65: =SUM(F59:F64) -> 0 | G65: =E65/F65 -> #DIV/0! | H65: =D65/E65 -> #DIV/0! | I65: =H65/G65 -> #DIV/0! | J65: =SUM(J59:J64) -> 109.2 | K65: =SUM(K59:K64) -> 813 | L65: =SUM(L59:L64) -> 0 | M65: =SUM(M59:M64) -> 0 | N65: =J65/M65 -> #DIV/0! | O65: =M65/J65 -> 0 | P65: =J65/D65 -> #DIV/0! | Q65: =M65/D65 -> #DIV/0! | R65: =SUM(R59:R64) -> 0 | S65: =J65/L65 -> #DIV/0! | T65: =IFERROR((D65-#REF!)/D65,) | U65: =IFERROR((E65-#REF!)/E65,) | V65: =IFERROR((D65-#REF!)/D65, ) | W65: =IFERROR((E65-#REF!)/E65, )
B66: 46061 | C66: AIRDOCTOR - Home Depot US | G66: =E66/F66 -> #DIV/0! | H66: =D66/E66 -> #DIV/0! | I66: =H66/G66 -> #DIV/0! | J66: 0 | K66: 0 | M66: 0 | N66: =J66/M66 -> #DIV/0! | O66: =M66/J66 -> #DIV/0! | P66: =J66/D66 -> #DIV/0! | Q66: =M66/D66 -> #DIV/0! | R66: =D66-M66 -> 0 | S66: =J66/L66 -> #DIV/0!
C67: AirDoctor - Home Depot CA | G67: =E67/F67 -> #DIV/0! | H67: =D67/E67 -> #DIV/0! | I67: =H67/G67 -> #DIV/0! | J67: 313.92 | K67: 10464 | M67: 0 | N67: =J67/M67 -> #DIV/0! | O67: =M67/J67 -> 0 | P67: =J67/D67 -> #DIV/0! | Q67: =M67/D67 -> #DIV/0! | R67: =D67-M67 -> 0 | S67: =J67/L67 -> #DIV/0!
C68: AQUA TRU - Home Depot US | G68: =E68/F68 -> #DIV/0! | H68: =D68/E68 -> #DIV/0! | I68: =H68/G68 -> #DIV/0! | J68: 0 | K68: 0 | M68: 0 | N68: =J68/M68 -> #DIV/0! | O68: =M68/J68 -> #DIV/0! | P68: =J68/D68 -> #DIV/0! | Q68: =M68/D68 -> #DIV/0! | R68: =D68-M68 -> 0 | S68: =J68/L68 -> #DIV/0!
C69: AquaTru - Home Depot CA | G69: =E69/F69 -> #DIV/0! | H69: =D69/E69 -> #DIV/0! | I69: =H69/G69 -> #DIV/0! | J69: 231.27 | K69: 12927 | M69: 1001.28 | N69: =J69/M69 -> 0.23097435 | O69: =M69/J69 -> 4.329485 | P69: =J69/D69 -> #DIV/0! | Q69: =M69/D69 -> #DIV/0! | R69: =D69-M69 -> -1001.28 | S69: =J69/L69 -> #DIV/0!
B70: to | C70: PAINT ZOOM - Home Depot US | G70: =E70/F70 -> #DIV/0! | H70: =D70/E70 -> #DIV/0! | I70: =H70/G70 -> #DIV/0! | J70: 0 | K70: 0 | M70: 0 | N70: =(J70/M70) -> #DIV/0! | O70: =M70/J70 -> #DIV/0! | P70: =J70/D70 -> #DIV/0! | Q70: =M70/D70 -> #DIV/0! | R70: =D70-M70 -> 0 | S70: =J70/L70 -> #DIV/0!
A71: =iferror(if(B71>0,month(B71)&"-"&year(B71),B71),) -> 2-2026 | B71: 46067 | C71: ROTORAZER SAW - Home Depot US / ROTORAZERSAW - Home Depot US | G71: =E71/F71 -> #DIV/0! | H71: =D71/E71 -> #DIV/0! | I71: =H71/G71 -> #DIV/0! | J71: 0 | K71: 0 | M71: 0 | N71: =J71/M71 -> #DIV/0! | O71: =M71/J71 -> #DIV/0! | P71: =J71/D71 -> #DIV/0! | Q71: =M71/D71 -> #DIV/0! | R71: =D71-M71 -> 0 | S71: =J71/L71 -> #DIV/0!
A72: =iferror(if(B72>0,month(B72)&"-"&year(B72),B72),) | B72: 2026 - Week 7 | D72: =SUM(D66:D71) -> 0 | E72: =SUM(E66:E71) -> 0 | F72: =SUM(F66:F71) -> 0 | G72: =E72/F72 -> #DIV/0! | H72: =D72/E72 -> #DIV/0! | I72: =H72/G72 -> #DIV/0! | J72: =SUM(J66:J71) -> 545.19 | K72: =SUM(K66:K71) -> 23391 | L72: =SUM(L66:L71) -> 0 | M72: =SUM(M66:M71) -> 1001.28 | N72: =J72/M72 -> 0.54449305 | O72: =M72/J72 -> 1.8365707 | P72: =J72/D72 -> #DIV/0! | Q72: =M72/D72 -> #DIV/0! | R72: =SUM(R66:R71) -> -1001.28 | S72: =J72/L72 -> #DIV/0! | T72: =IFERROR((D72-#REF!)/D72,) | U72: =IFERROR((E72-#REF!)/E72,) | V72: =IFERROR((D72-#REF!)/D72, ) | W72: =IFERROR((E72-#REF!)/E72, )
B73: 46068 | C73: AIRDOCTOR - Home Depot US | G73: =E73/F73 -> #DIV/0! | H73: =D73/E73 -> #DIV/0! | I73: =H73/G73 -> #DIV/0! | J73: 0 | K73: 0 | M73: 0 | N73: =J73/M73 -> #DIV/0! | O73: =M73/J73 -> #DIV/0! | P73: =J73/D73 -> #DIV/0! | Q73: =M73/D73 -> #DIV/0! | R73: =D73-M73 -> 0 | S73: =J73/L73 -> #DIV/0!
C74: AirDoctor - Home Depot CA | G74: =E74/F74 -> #DIV/0! | H74: =D74/E74 -> #DIV/0! | I74: =H74/G74 -> #DIV/0! | J74: 478.92 | K74: 15964 | M74: 569 | N74: =J74/M74 -> 0.84168717 | O74: =M74/J74 -> 1.1880899 | P74: =J74/D74 -> #DIV/0! | Q74: =M74/D74 -> #DIV/0! | R74: =D74-M74 -> -569 | S74: =J74/L74 -> #DIV/0!
C75: AQUA TRU - Home Depot US | G75: =E75/F75 -> #DIV/0! | H75: =D75/E75 -> #DIV/0! | I75: =H75/G75 -> #DIV/0! | J75: 0 | K75: 0 | M75: 0 | N75: =J75/M75 -> #DIV/0! | O75: =M75/J75 -> #DIV/0! | P75: =J75/D75 -> #DIV/0! | Q75: =M75/D75 -> #DIV/0! | R75: =D75-M75 -> 0 | S75: =J75/L75 -> #DIV/0!
C76: AquaTru - Home Depot CA | G76: =E76/F76 -> #DIV/0! | H76: =D76/E76 -> #DIV/0! | I76: =H76/G76 -> #DIV/0! | J76: 402.33 | K76: 20897 | M76: 1744.02 | N76: =J76/M76 -> 0.23069116 | O76: =M76/J76 -> 4.3347998 | P76: =J76/D76 -> #DIV/0! | Q76: =M76/D76 -> #DIV/0! | R76: =D76-M76 -> -1744.02 | S76: =J76/L76 -> #DIV/0!
B77: to | C77: PAINT ZOOM - Home Depot US | G77: =E77/F77 -> #DIV/0! | H77: =D77/E77 -> #DIV/0! | I77: =H77/G77 -> #DIV/0! | J77: 0 | K77: 0 | M77: 0 | N77: =(J77/M77) -> #DIV/0! | O77: =M77/J77 -> #DIV/0! | P77: =J77/D77 -> #DIV/0! | Q77: =M77/D77 -> #DIV/0! | R77: =D77-M77 -> 0 | S77: =J77/L77 -> #DIV/0!
A78: =iferror(if(B78>0,month(B78)&"-"&year(B78),B78),) -> 2-2026 | B78: 46074 | C78: ROTORAZER SAW - Home Depot US / ROTORAZERSAW - Home Depot US | G78: =E78/F78 -> #DIV/0! | H78: =D78/E78 -> #DIV/0! | I78: =H78/G78 -> #DIV/0! | J78: 0 | K78: 0 | M78: 0 | N78: =J78/M78 -> #DIV/0! | O78: =M78/J78 -> #DIV/0! | P78: =J78/D78 -> #DIV/0! | Q78: =M78/D78 -> #DIV/0! | R78: =D78-M78 -> 0 | S78: =J78/L78 -> #DIV/0!
A79: =iferror(if(B79>0,month(B79)&"-"&year(B79),B79),) | B79: Previous Week | D79: =SUM(D73:D78) -> 0 | E79: =SUM(E73:E78) -> 0 | F79: =SUM(F73:F78) -> 0 | G79: =E79/F79 -> #DIV/0! | H79: =D79/E79 -> #DIV/0! | I79: =H79/G79 -> #DIV/0! | J79: =SUM(J73:J78) -> 881.25 | K79: =SUM(K73:K78) -> 36861 | L79: =SUM(L73:L78) -> 0 | M79: =SUM(M73:M78) -> 2313.02 | N79: =J79/M79 -> 0.38099541 | O79: =M79/J79 -> 2.6247035 | P79: =J79/D79 -> #DIV/0! | Q79: =M79/D79 -> #DIV/0! | R79: =SUM(R73:R78) -> -2313.02 | S79: =J79/L79 -> #DIV/0! | T79: =IFERROR((D79-#REF!)/D79,) | U79: =IFERROR((E79-#REF!)/E79,) | V79: =IFERROR((D79-#REF!)/D79, ) | W79: =IFERROR((E79-#REF!)/E79, )
B80: 46075 | C80: AIRDOCTOR - Home Depot US | G80: =E80/F80 -> #DIV/0! | H80: =D80/E80 -> #DIV/0! | I80: =H80/G80 -> #DIV/0! | J80: 0 | K80: 0 | M80: 0 | N80: =J80/M80 -> #DIV/0! | O80: =M80/J80 -> #DIV/0! | P80: =J80/D80 -> #DIV/0! | Q80: =M80/D80 -> #DIV/0! | R80: =D80-M80 -> 0 | S80: =J80/L80 -> #DIV/0!
C81: AirDoctor - Home Depot CA | G81: =E81/F81 -> #DIV/0! | H81: =D81/E81 -> #DIV/0! | I81: =H81/G81 -> #DIV/0! | J81: 498.54 | K81: 16618 | M81: 0 | N81: =J81/M81 -> #DIV/0! | O81: =M81/J81 -> 0 | P81: =J81/D81 -> #DIV/0! | Q81: =M81/D81 -> #DIV/0! | R81: =D81-M81 -> 0 | S81: =J81/L81 -> #DIV/0!
C82: AQUA TRU - Home Depot US | G82: =E82/F82 -> #DIV/0! | H82: =D82/E82 -> #DIV/0! | I82: =H82/G82 -> #DIV/0! | J82: 0 | K82: 0 | M82: 0 | N82: =J82/M82 -> #DIV/0! | O82: =M82/J82 -> #DIV/0! | P82: =J82/D82 -> #DIV/0! | Q82: =M82/D82 -> #DIV/0! | R82: =D82-M82 -> 0 | S82: =J82/L82 -> #DIV/0!
C83: AquaTru - Home Depot CA | G83: =E83/F83 -> #DIV/0! | H83: =D83/E83 -> #DIV/0! | I83: =H83/G83 -> #DIV/0! | J83: 408.6 | K83: 19013 | M83: 1710.34 | N83: =J83/M83 -> 0.23889987 | O83: =M83/J83 -> 4.1858541 | P83: =J83/D83 -> #DIV/0! | Q83: =M83/D83 -> #DIV/0! | R83: =D83-M83 -> -1710.34 | S83: =J83/L83 -> #DIV/0!
B84: to | C84: PAINT ZOOM - Home Depot US | G84: =E84/F84 -> #DIV/0! | H84: =D84/E84 -> #DIV/0! | I84: =H84/G84 -> #DIV/0! | J84: 0 | K84: 0 | M84: 0 | N84: =(J84/M84) -> #DIV/0! | O84: =M84/J84 -> #DIV/0! | P84: =J84/D84 -> #DIV/0! | Q84: =M84/D84 -> #DIV/0! | R84: =D84-M84 -> 0 | S84: =J84/L84 -> #DIV/0!
A85: =iferror(if(B85>0,month(B85)&"-"&year(B85),B85),) -> 2-2026 | B85: 46081 | C85: ROTORAZER SAW - Home Depot US / ROTORAZERSAW - Home Depot US | G85: =E85/F85 -> #DIV/0! | H85: =D85/E85 -> #DIV/0! | I85: =H85/G85 -> #DIV/0! | J85: 0 | K85: 0 | M85: 0 | N85: =J85/M85 -> #DIV/0! | O85: =M85/J85 -> #DIV/0! | P85: =J85/D85 -> #DIV/0! | Q85: =M85/D85 -> #DIV/0! | R85: =D85-M85 -> 0 | S85: =J85/L85 -> #DIV/0!
A86: =iferror(if(B86>0,month(B86)&"-"&year(B86),B86),) | B86: Current Week | D86: =SUM(D80:D85) -> 0 | E86: =SUM(E80:E85) -> 0 | F86: =SUM(F80:F85) -> 0 | G86: =E86/F86 -> #DIV/0! | H86: =D86/E86 -> #DIV/0! | I86: =H86/G86 -> #DIV/0! | J86: =SUM(J80:J85) -> 907.14 | K86: =SUM(K80:K85) -> 35631 | L86: =SUM(L80:L85) -> 0 | M86: =SUM(M80:M85) -> 1710.34 | N86: =J86/M86 -> 0.53038577 | O86: =M86/J86 -> 1.8854201 | P86: =J86/D86 -> #DIV/0! | Q86: =M86/D86 -> #DIV/0! | R86: =SUM(R80:R85) -> -1710.34 | S86: =J86/L86 -> #DIV/0! | T86: =IFERROR((D86-D79)/D86,) | U86: =IFERROR((E86-E79)/E86,) | V86: =IFERROR((D86-#REF!)/D86, ) | W86: =IFERROR((E86-#REF!)/E86, )

Sheet Home Depot - 2026
A1: DATA SOURCE: https://app.dsco.io/insights/sales-insights
C2: WEEKLY PERFORMANCE | X2: =(#REF!+#REF!+#REF!+#REF!)-(monthly_reporting_2021!D17+monthly_reporting_2021!D23+monthly_reporting_2021!D29+monthly_reporting_2021!D35) -> #REF! | Y2: =((#REF!+#REF!+#REF!+#REF!)-(monthly_reporting_2021!E17+monthly_reporting_2021!E23+monthly_reporting_2021!E29+monthly_reporting_2021!E35))/(#REF!+#REF!+#REF!+#REF!) -> #REF!
C3: Total Sales | F3: Total Orders | J3: Total Units Sold
C4: =VLOOKUP("Current Week",$B$11:$Z$57,match("SALES",$B$11:$Z$11,0),FALSE) -> 0.4882394 | F4: =VLOOKUP("Current Week",$B$11:$Z$57,match("Units Sold",$B$11:$Z$11,0),FALSE) -> 137 | J4: =VLOOKUP("Current Week",$B$11:$Z$57,match("Ordered Items",$B$11:$Z$11,0),FALSE) -> 84
C5: =(C4-(VLOOKUP("Previous Week",$B$11:$Z$61,match("SALES",$B$11:$Z$11,0),FALSE)))/C4 -> 1 | F5: =(F4-(VLOOKUP("Previous Week",$B$11:$Z$71,match("Units Sold",$B$11:$Z$11,0),FALSE)))/F4 -> 0.45985401 | J5: =(J4-(VLOOKUP("Previous Week",$B$11:$Z$71,match("Ordered Items",$B$11:$Z$11,0),FALSE)))/J4 -> 0.44047619
C7: Advertising Sales | F7: Advertising Spend | J7: ACoS
C8: =VLOOKUP("Current Week",$B$11:$Z$57,match("AD SALES",$B$11:$Z$11,0),FALSE) -> #N/A | F8: =VLOOKUP("Current Week",$B$11:$Z$57,match("SP AD SPEND",$B$11:$Z$11,0),FALSE) -> #N/A | J8: =F8/C8 -> #N/A
C9: =(C8-(VLOOKUP("Previous Week",$B$11:$Z$71,match("AD SALES",$B$11:$Z$11,0),FALSE)))/C8 -> #N/A | F9: =(F8-(VLOOKUP("Previous Week",$B$11:$Z$71,match("SP AD SPEND",$B$11:$Z$11,0),FALSE)))/F8 -> #N/A | J9: =(J8-(VLOOKUP("Previous Week",$B$11:$Z$71,match("ACOS",$B$11:$Z$11,0),FALSE)))/J8 -> #N/A
D10: SALES METRICS | V10: MoM | X10: YoY
A11: Month-Code | B11: DATE | C11: BRAND | D11: GWV | E11: UNITS SOLD | F11: ORDERED ITEMS | G11: UNITS PER ORDER | H11: SALES PER ORDER | I11: ASP | V11: SALES | W11: UNITS | X11: SALES | Y11: UNITS
A13: =iferror(if(B13>0,month(B13)&"-"&year(B13),B13),) -> 12-2025 | B13: 46019 | C13: AquaTru | D13: 2772.16 | E13: 40 | F13: 37 | G13: =E13/F13 -> 1.0810811 | H13: =D13/E13 -> 69.304 | I13: =H13/G13 -> 64.1062
C14: AirDoctor | D14: 5527.38 | E14: 36 | F14: 30 | G14: =E14/F14 -> 1.2 | H14: =D14/E14 -> 153.53833 | I14: =H14/G14 -> 127.94861
A15: =iferror(if(B15>0,month(B15)&"-"&year(B15),B15),) | C15: Rotorazer | D15: 382.5 | E15: 5 | F15: 5 | G15: =E15/F15 -> 1 | H15: =D15/E15 -> 76.5 | I15: =H15/G15 -> 76.5
A16: =iferror(if(B16>0,month(B16)&"-"&year(B16),B16),) -> 1-2026 | B16: 46025 | C16: Ionic Pro | D16: 0 | E16: 0 | F16: 0 | G16: =E16/F16 -> #DIV/0! | H16: =D16/E16 -> #DIV/0! | I16: =H16/G16 -> #DIV/0!
A17: =iferror(if(B17>0,month(B17)&"-"&year(B17),B17),) | B17: 2026 - Week 1 | D17: =SUM(D13:D16) -> 8682.04 | E17: =SUM(E13:E16) -> 81 | F17: =SUM(F13:F16) -> 72 | G17: =E17/F17 -> 1.125 | H17: =D17/E17 -> 107.18568 | I17: =H17/G17 -> 95.276159 | V17: =IFERROR((D17-#REF!)/D17,) | W17: =IFERROR((E17-#REF!)/E17,) | X17: =IFERROR((D17-#REF!)/D17,) | Y17: =IFERROR((E17-#REF!)/E17,)
A18: =iferror(if(B18>0,month(B18)&"-"&year(B18),B18),) -> 1-2026 | B18: 46026 | C18: AquaTru | D18: 5422.63 | E18: 55 | F18: 53 | G18: =E18/F18 -> 1.0377358 | H18: =D18/E18 -> 98.593273 | I18: =H18/G18 -> 95.008063
C19: AirDoctor | D19: 2828.19 | E19: 29 | F19: 25 | G19: =E19/F19 -> 1.16 | H19: =D19/E19 -> 97.523793 | I19: =H19/G19 -> 84.072235
A20: =iferror(if(B20>0,month(B20)&"-"&year(B20),B20),) | C20: Rotorazer | D20: 2066.1 | E20: 13 | F20: 12 | G20: =E20/F20 -> 1.0833333 | H20: =D20/E20 -> 158.93077 | I20: =H20/G20 -> 146.70533
A21: =iferror(if(B21>0,month(B21)&"-"&year(B21),B21),) -> 1-2026 | B21: 46032 | C21: Ionic Pro | D21: 0 | E21: 0 | F21: 0 | G21: =E21/F21 -> #DIV/0! | H21: =D21/E21 -> #DIV/0! | I21: =H21/G21 -> #DIV/0!
A22: =iferror(if(B22>0,month(B22)&"-"&year(B22),B22),) | B22: 2026 - Week 2 | D22: =SUM(D18:D21) -> 10316.92 | E22: =SUM(E18:E21) -> 97 | F22: =SUM(F18:F21) -> 90 | G22: =E22/F22 -> 1.0777778 | H22: =D22/E22 -> 106.36 | I22: =H22/G22 -> 98.684536 | V22: =IFERROR((D22-#REF!)/D22,) | W22: =IFERROR((E22-#REF!)/E22,) | X22: =IFERROR((D22-#REF!)/D22,) | Y22: =IFERROR((E22-#REF!)/E22,)
A23: =iferror(if(B23>0,month(B23)&"-"&year(B23),B23),) -> 1-2026 | B23: 46033 | C23: AquaTru | D23: 6614.61 | E23: 73 | F23: 71 | G23: =E23/F23 -> 1.028169 | H23: =D23/E23 -> 90.611096 | I23: =H23/G23 -> 88.1286
C24: AirDoctor | D24: 3820.15 | E24: 37 | F24: 29 | G24: =E24/F24 -> 1.2758621 | H24: =D24/E24 -> 103.2473 | I24: =H24/G24 -> 80.923557
A25: =iferror(if(B25>0,month(B25)&"-"&year(B25),B25),) | C25: Rotorazer | D25: 884.7 | E25: 8 | F25: 8 | G25: =E25/F25 -> 1 | H25: =D25/E25 -> 110.5875 | I25: =H25/G25 -> 110.5875
A26: =iferror(if(B26>0,month(B26)&"-"&year(B26),B26),) -> 1-2026 | B26: 46039 | C26: Ionic Pro | D26: 0 | E26: 0 | F26: 0 | G26: =E26/F26 -> #DIV/0! | H26: =D26/E26 -> #DIV/0! | I26: =H26/G26 -> #DIV/0!
A27: =iferror(if(B27>0,month(B27)&"-"&year(B27),B27),) | B27: 2026 - Week 3 | D27: =SUM(D23:D26) -> 11319.46 | E27: =SUM(E23:E26) -> 118 | F27: =SUM(F23:F26) -> 108 | G27: =E27/F27 -> 1.0925926 | H27: =D27/E27 -> 95.927627 | I27: =H27/G27 -> 87.798167 | V27: =IFERROR((D27-#REF!)/D27,) | W27: =IFERROR((E27-#REF!)/E27,) | X27: =IFERROR((D27-#REF!)/D27,) | Y27: =IFERROR((E27-#REF!)/E27,)
A28: =iferror(if(B28>0,month(B28)&"-"&year(B28),B28),) -> 1-2026 | B28: 46040 | C28: AquaTru | D28: 5624.24 | E28: 68 | F28: 67 | G28: =E28/F28 -> 1.0149254 | H28: =D28/E28 -> 82.709412 | I28: =H28/G28 -> 81.493097
A29: =iferror(if(B29>0,month(B29)&"-"&year(B29),B29),) | C29: AirDoctor | D29: 3529.11 | E29: 40 | F29: 27 | G29: =E29/F29 -> 1.4814815 | H29: =D29/E29 -> 88.22775 | I29: =H29/G29 -> 59.553731
C30: Rotorazer | D30: 364.5 | E30: 4 | F30: 4 | G30: =E30/F30 -> 1 | H30: =D30/E30 -> 91.125 | I30: =H30/G30 -> 91.125
A31: =iferror(if(B31>0,month(B31)&"-"&year(B31),B31),) -> 1-2026 | B31: 46046 | C31: Ionic Pro | D31: 0 | E31: 0 | F31: 0 | G31: =E31/F31 -> #DIV/0! | H31: =D31/E31 -> #DIV/0! | I31: =H31/G31 -> #DIV/0!
A32: =iferror(if(B32>0,month(B32)&"-"&year(B32),B32),) | B32: 2026 - Week 4 | D32: =SUM(D28:D31) -> 9517.85 | E32: =SUM(E28:E31) -> 112 | F32: =SUM(F28:F31) -> 98 | G32: =E32/F32 -> 1.1428571 | H32: =D32/E32 -> 84.980804 | I32: =H32/G32 -> 74.358203 | V32: =IFERROR((D32-#REF!)/D32,) | W32: =IFERROR((E32-#REF!)/E32,) | X32: =IFERROR((D32-#REF!)/D32,) | Y32: =IFERROR((E32-#REF!)/E32,)
A33: =iferror(if(B33>0,month(B33)&"-"&year(B33),B33),) -> 1-2026 | B33: 46047 | C33: AquaTru | D33: 4284.19 | E33: 42 | F33: 41 | G33: =E33/F33 -> 1.0243902 | H33: =D33/E33 -> 102.00452 | I33: =H33/G33 -> 99.575845
C34: AirDoctor | D34: 2972.6 | E34: 21 | F34: 20 | G34: =E34/F34 -> 1.05 | H34: =D34/E34 -> 141.55238 | I34: =H34/G34 -> 134.81179
A35: =iferror(if(B35>0,month(B35)&"-"&year(B35),B35),) | C35: Rotorazer | D35: 241.5 | E35: 8 | F35: 4 | G35: =E35/F35 -> 2 | H35: =D35/E35 -> 30.1875 | I35: =H35/G35 -> 15.09375
A36: =iferror(if(B36>0,month(B36)&"-"&year(B36),B36),) -> 1-2026 | B36: 46053 | C36: Ionic Pro | D36: 195.97 | E36: 1 | F36: 1 | G36: =E36/F36 -> 1 | H36: =D36/E36 -> 195.97 | I36: =H36/G36 -> 195.97
A37: =iferror(if(B37>0,month(B37)&"-"&year(B37),B37),) | B37: 2026 - Week 5 | D37: =SUM(D33:D36) -> 7694.26 | E37: =SUM(E33:E36) -> 72 | F37: =SUM(F33:F36) -> 66 | G37: =E37/F37 -> 1.0909091 | H37: =D37/E37 -> 106.86472 | I37: =H37/G37 -> 97.959329 | V37: =IFERROR((D37-#REF!)/D37,) | W37: =IFERROR((E37-#REF!)/E37,) | X37: =IFERROR((D37-#REF!)/D37,) | Y37: =IFERROR((E37-#REF!)/E37,)
A38: =iferror(if(B38>0,month(B38)&"-"&year(B38),B38),) -> 2-2026 | B38: 46054 | C38: AquaTru | D38: 3583.17 | E38: 42 | F38: 39 | G38: =E38/F38 -> 1.0769231 | H38: =D38/E38 -> 85.313571 | I38: =H38/G38 -> 79.219745
C39: AirDoctor | D39: 3644.44 | E39: 50 | F39: 26 | G39: =E39/F39 -> 1.9230769 | H39: =D39/E39 -> 72.8888 | I39: =H39/G39 -> 37.902176
A40: =iferror(if(B40>0,month(B40)&"-"&year(B40),B40),) | C40: Rotorazer | D40: 848.7 | E40: 6 | F40: 6 | G40: =E40/F40 -> 1 | H40: =D40/E40 -> 141.45 | I40: =H40/G40 -> 141.45
A41: =iferror(if(B41>0,month(B41)&"-"&year(B41),B41),) -> 2-2026 | B41: 46060 | C41: Ionic Pro | D41: 0 | E41: 0 | F41: 0 | G41: =E41/F41 -> #DIV/0! | H41: =D41/E41 -> #DIV/0! | I41: =H41/G41 -> #DIV/0!
A42: =iferror(if(B42>0,month(B42)&"-"&year(B42),B42),) | B42: 2026 - Week 6 | D42: =SUM(D38:D41) -> 8076.31 | E42: =SUM(E38:E41) -> 98 | F42: =SUM(F38:F41) -> 71 | G42: =E42/F42 -> 1.3802817 | H42: =D42/E42 -> 82.411327 | I42: =H42/G42 -> 59.706165 | V42: =IFERROR((D42-#REF!)/D42,) | W42: =IFERROR((E42-#REF!)/E42,) | X42: =IFERROR((D42-#REF!)/D42,) | Y42: =IFERROR((E42-#REF!)/E42,)
A43: =iferror(if(B43>0,month(B43)&"-"&year(B43),B43),) -> 2-2026 | B43: 46061 | C43: AquaTru | D43: 4041.23 | E43: 35 | F43: 35 | G43: =E43/F43 -> 1 | H43: =D43/E43 -> 115.46371 | I43: =H43/G43 -> 115.46371
C44: AirDoctor | D44: 2647.75 | E44: 26 | F44: 18 | G44: =E44/F44 -> 1.4444444 | H44: =D44/E44 -> 101.83654 | I44: =H44/G44 -> 70.502219
A45: =iferror(if(B45>0,month(B45)&"-"&year(B45),B45),) | C45: Rotorazer | D45: 54 | E45: 3 | F45: 3 | G45: =E45/F45 -> 1 | H45: =D45/E45 -> 18 | I45: =H45/G45 -> 18
A46: =iferror(if(B46>0,month(B46)&"-"&year(B46),B46),) -> 2-2026 | B46: 46067 | C46: Ionic Pro | D46: 0 | E46: 0 | F46: 0 | G46: =E46/F46 -> #DIV/0! | H46: =D46/E46 -> #DIV/0! | I46: =H46/G46 -> #DIV/0!
A47: =iferror(if(B47>0,month(B47)&"-"&year(B47),B47),) | B47: 2026 - Week 7 | D47: =SUM(D43:D46) -> 6742.98 | E47: =SUM(E43:E46) -> 64 | F47: =SUM(F43:F46) -> 56 | G47: =E47/F47 -> 1.1428571 | H47: =D47/E47 -> 105.35906 | I47: =H47/G47 -> 92.18918 | V47: =IFERROR((D47-#REF!)/D47,) | W47: =IFERROR((E47-#REF!)/E47,) | X47: =IFERROR((D47-#REF!)/D47,) | Y47: =IFERROR((E47-#REF!)/E47,)
A48: =iferror(if(B48>0,month(B48)&"-"&year(B48),B48),) -> 2-2026 | B48: 46068 | C48: AquaTru | D48: 5202.36 | E48: 37 | F48: 31 | G48: =E48/F48 -> 1.1935484 | H48: =D48/E48 -> 140.60432 | I48: =H48/G48 -> 117.80362
C49: AirDoctor | D49: 2916.76 | E49: 35 | F49: 14 | G49: =E49/F49 -> 2.5 | H49: =D49/E49 -> 83.336 | I49: =H49/G49 -> 33.3344
A50: =iferror(if(B50>0,month(B50)&"-"&year(B50),B50),) | C50: Rotorazer | D50: 484.2 | E50: 2 | F50: 2 | G50: =E50/F50 -> 1 | H50: =D50/E50 -> 242.1 | I50: =H50/G50 -> 242.1
A51: =iferror(if(B51>0,month(B51)&"-"&year(B51),B51),) -> 2-2026 | B51: 46074 | C51: Ionic Pro | D51: 0 | E51: 0 | F51: 0 | G51: =E51/F51 -> #DIV/0! | H51: =D51/E51 -> #DIV/0! | I51: =H51/G51 -> #DIV/0!
A52: =iferror(if(B52>0,month(B52)&"-"&year(B52),B52),) | B52: Previous Week | D52: =SUM(D48:D51) -> 8603.32 | E52: =SUM(E48:E51) -> 74 | F52: =SUM(F48:F51) -> 47 | G52: =E52/F52 -> 1.5744681 | H52: =D52/E52 -> 116.26108 | I52: =H52/G52 -> 73.841497 | V52: =IFERROR((D52-#REF!)/D52,) | W52: =IFERROR((E52-#REF!)/E52,) | X52: =IFERROR((D52-#REF!)/D52,) | Y52: =IFERROR((E52-#REF!)/E52,)
A53: =iferror(if(B53>0,month(B53)&"-"&year(B53),B53),) -> 2-2026 | B53: 46075 | C53: AquaTru | D53: 6586.78 | E53: 72 | F53: 45 | G53: =E53/F53 -> 1.6 | H53: =D53/E53 -> 91.483056 | I53: =H53/G53 -> 57.17691
C54: AirDoctor | D54: 9477.44 | E54: 56 | F54: 30 | G54: =E54/F54 -> 1.8666667 | H54: =D54/E54 -> 169.24 | I54: =H54/G54 -> 90.664286
A55: =iferror(if(B55>0,month(B55)&"-"&year(B55),B55),) | C55: Rotorazer | D55: 747 | E55: 9 | F55: 9 | G55: =E55/F55 -> 1 | H55: =D55/E55 -> 83 | I55: =H55/G55 -> 83
A56: =iferror(if(B56>0,month(B56)&"-"&year(B56),B56),) -> 2-2026 | B56: 46081 | C56: Ionic Pro | D56: 0 | E56: 0 | F56: 0 | G56: =E56/F56 -> #DIV/0! | H56: =D56/E56 -> #DIV/0! | I56: =H56/G56 -> #DIV/0!
A57: =iferror(if(B57>0,month(B57)&"-"&year(B57),B57),) | B57: Current Week | D57: =SUM(D53:D56) -> 16811.22 | E57: =SUM(E53:E56) -> 137 | F57: =SUM(F53:F56) -> 84 | G57: =E57/F57 -> 1.6309524 | H57: =D57/E57 -> 122.70964 | I57: =H57/G57 -> 75.238024 | V57: =IFERROR((D57-D52)/D57,) -> 0.4882394 | W57: =IFERROR((E57-E52)/E57,) -> 0.45985401 | X57: =IFERROR((D57-#REF!)/D57,) | Y57: =IFERROR((E57-#REF!)/E57,)

Sheet Home Depot Canada - 2026
A1: DATA SOURCE: https://app.dsco.io/insights/sales-insights
C2: WEEKLY PERFORMANCE | X2: =(#REF!+#REF!+#REF!+#REF!)-(monthly_reporting_2021!D17+monthly_reporting_2021!D23+monthly_reporting_2021!D29+monthly_reporting_2021!D35) -> #REF! | Y2: =((#REF!+#REF!+#REF!+#REF!)-(monthly_reporting_2021!E17+monthly_reporting_2021!E23+monthly_reporting_2021!E29+monthly_reporting_2021!E35))/(#REF!+#REF!+#REF!+#REF!) -> #REF!
C3: Total Sales | F3: Total Orders | J3: Total Units Sold
C4: =VLOOKUP("Current Week",$B$11:$Z$57,match("SALES",$B$11:$Z$11,0),FALSE) -> -1.1791388 | F4: =VLOOKUP("Current Week",$B$11:$Z$57,match("Units Sold",$B$11:$Z$11,0),FALSE) -> 24 | J4: =VLOOKUP("Current Week",$B$11:$Z$57,match("Ordered Items",$B$11:$Z$11,0),FALSE) -> 24
C5: =(C4-(VLOOKUP("Previous Week",$B$11:$Z$61,match("SALES",$B$11:$Z$11,0),FALSE)))/C4 -> 1 | F5: =(F4-(VLOOKUP("Previous Week",$B$11:$Z$71,match("Units Sold",$B$11:$Z$11,0),FALSE)))/F4 -> -0.33333333 | J5: =(J4-(VLOOKUP("Previous Week",$B$11:$Z$71,match("Ordered Items",$B$11:$Z$11,0),FALSE)))/J4 -> -0.041666667
C7: Advertising Sales | F7: Advertising Spend | J7: ACoS
C8: =VLOOKUP("Current Week",$B$11:$Z$57,match("AD SALES",$B$11:$Z$11,0),FALSE) -> #N/A | F8: =VLOOKUP("Current Week",$B$11:$Z$57,match("SP AD SPEND",$B$11:$Z$11,0),FALSE) -> #N/A | J8: =F8/C8 -> #N/A
C9: =(C8-(VLOOKUP("Previous Week",$B$11:$Z$71,match("AD SALES",$B$11:$Z$11,0),FALSE)))/C8 -> #N/A | F9: =(F8-(VLOOKUP("Previous Week",$B$11:$Z$71,match("SP AD SPEND",$B$11:$Z$11,0),FALSE)))/F8 -> #N/A | J9: =(J8-(VLOOKUP("Previous Week",$B$11:$Z$71,match("ACOS",$B$11:$Z$11,0),FALSE)))/J8 -> #N/A
D10: SALES METRICS | V10: MoM | X10: YoY
A11: Month-Code | B11: DATE | C11: BRAND | D11: GWV | E11: UNITS SOLD | F11: ORDERED ITEMS | G11: UNITS PER ORDER | H11: SALES PER ORDER | I11: ASP | V11: SALES | W11: UNITS | X11: SALES | Y11: UNITS
A13: =iferror(if(B13>0,month(B13)&"-"&year(B13),B13),) -> 12-2025 | B13: 46019 | C13: AquaTru | D13: 6000.27 | E13: 42 | F13: 40 | G13: =E13/F13 -> 1.05 | H13: =D13/E13 -> 142.86357 | I13: =H13/G13 -> 136.06054
C14: AirDoctor | D14: 1008 | E14: 3 | F14: 3 | G14: =E14/F14 -> 1 | H14: =D14/E14 -> 336 | I14: =H14/G14 -> 336
A15: =iferror(if(B15>0,month(B15)&"-"&year(B15),B15),) | C15: Rotorazer | D15: 0 | E15: 0 | F15: 0 | G15: =E15/F15 -> #DIV/0! | H15: =D15/E15 -> #DIV/0! | I15: =H15/G15 -> #DIV/0!
A16: =iferror(if(B16>0,month(B16)&"-"&year(B16),B16),) -> 1-2026 | B16: 46025 | C16: Ionic Pro | D16: 0 | E16: 0 | F16: 0 | G16: =E16/F16 -> #DIV/0! | H16: =D16/E16 -> #DIV/0! | I16: =H16/G16 -> #DIV/0!
A17: =iferror(if(B17>0,month(B17)&"-"&year(B17),B17),) | B17: 2026 - Week 1 | D17: =SUM(D13:D16) -> 7008.27 | E17: =SUM(E13:E16) -> 45 | F17: =SUM(F13:F16) -> 43 | G17: =E17/F17 -> 1.0465116 | H17: =D17/E17 -> 155.73933 | I17: =H17/G17 -> 148.81759 | V17: =IFERROR((D17-#REF!)/D17,) | W17: =IFERROR((E17-#REF!)/E17,) | X17: =IFERROR((D17-#REF!)/D17,) | Y17: =IFERROR((E17-#REF!)/E17,)
A18: =iferror(if(B18>0,month(B18)&"-"&year(B18),B18),) -> 1-2026 | B18: 46026 | C18: AquaTru | D18: 6139.58 | E18: 44 | F18: 44 | G18: =E18/F18 -> 1 | H18: =D18/E18 -> 139.53591 | I18: =H18/G18 -> 139.53591
C19: AirDoctor | D19: 385 | E19: 1 | F19: 1 | G19: =E19/F19 -> 1 | H19: =D19/E19 -> 385 | I19: =H19/G19 -> 385
A20: =iferror(if(B20>0,month(B20)&"-"&year(B20),B20),) | C20: Rotorazer | D20: 0 | E20: 0 | F20: 0 | G20: =E20/F20 -> #DIV/0! | H20: =D20/E20 -> #DIV/0! | I20: =H20/G20 -> #DIV/0!
A21: =iferror(if(B21>0,month(B21)&"-"&year(B21),B21),) -> 1-2026 | B21: 46032 | C21: Ionic Pro | D21: 0 | E21: 0 | F21: 0 | G21: =E21/F21 -> #DIV/0! | H21: =D21/E21 -> #DIV/0! | I21: =H21/G21 -> #DIV/0!
A22: =iferror(if(B22>0,month(B22)&"-"&year(B22),B22),) | B22: 2026 - Week 2 | D22: =SUM(D18:D21) -> 6524.58 | E22: =SUM(E18:E21) -> 45 | F22: =SUM(F18:F21) -> 45 | G22: =E22/F22 -> 1 | H22: =D22/E22 -> 144.99067 | I22: =H22/G22 -> 144.99067 | V22: =IFERROR((D22-#REF!)/D22,) | W22: =IFERROR((E22-#REF!)/E22,) | X22: =IFERROR((D22-#REF!)/D22,) | Y22: =IFERROR((E22-#REF!)/E22,)
A23: =iferror(if(B23>0,month(B23)&"-"&year(B23),B23),) -> 1-2026 | B23: 46033 | C23: AquaTru | D23: 5022.11 | E23: 40 | F23: 40 | G23: =E23/F23 -> 1 | H23: =D23/E23 -> 125.55275 | I23: =H23/G23 -> 125.55275
C24: AirDoctor | D24: 0 | E24: 0 | F24: 0 | G24: =E24/F24 -> #DIV/0! | H24: =D24/E24 -> #DIV/0! | I24: =H24/G24 -> #DIV/0!
A25: =iferror(if(B25>0,month(B25)&"-"&year(B25),B25),) | C25: Rotorazer | D25: 0 | E25: 0 | F25: 0 | G25: =E25/F25 -> #DIV/0! | H25: =D25/E25 -> #DIV/0! | I25: =H25/G25 -> #DIV/0!
A26: =iferror(if(B26>0,month(B26)&"-"&year(B26),B26),) -> 1-2026 | B26: 46039 | C26: Ionic Pro | D26: 0 | E26: 0 | F26: 0 | G26: =E26/F26 -> #DIV/0! | H26: =D26/E26 -> #DIV/0! | I26: =H26/G26 -> #DIV/0!
A27: =iferror(if(B27>0,month(B27)&"-"&year(B27),B27),) | B27: 2026 - Week 3 | D27: =SUM(D23:D26) -> 5022.11 | E27: =SUM(E23:E26) -> 40 | F27: =SUM(F23:F26) -> 40 | G27: =E27/F27 -> 1 | H27: =D27/E27 -> 125.55275 | I27: =H27/G27 -> 125.55275 | V27: =IFERROR((D27-#REF!)/D27,) | W27: =IFERROR((E27-#REF!)/E27,) | X27: =IFERROR((D27-#REF!)/D27,) | Y27: =IFERROR((E27-#REF!)/E27,)
A28: =iferror(if(B28>0,month(B28)&"-"&year(B28),B28),) -> 1-2026 | B28: 46040 | C28: AquaTru | D28: 4058.89 | E28: 34 | F28: 34 | G28: =E28/F28 -> 1 | H28: =D28/E28 -> 119.37912 | I28: =H28/G28 -> 119.37912
A29: =iferror(if(B29>0,month(B29)&"-"&year(B29),B29),) | C29: AirDoctor | D29: 3292.3 | E29: 7 | F29: 6 | G29: =E29/F29 -> 1.1666667 | H29: =D29/E29 -> 470.32857 | I29: =H29/G29 -> 403.13878
C30: Rotorazer | D30: 0 | E30: 0 | F30: 0 | G30: =E30/F30 -> #DIV/0! | H30: =D30/E30 -> #DIV/0! | I30: =H30/G30 -> #DIV/0!
A31: =iferror(if(B31>0,month(B31)&"-"&year(B31),B31),) -> 1-2026 | B31: 46046 | C31: Ionic Pro | D31: 0 | E31: 0 | F31: 0 | G31: =E31/F31 -> #DIV/0! | H31: =D31/E31 -> #DIV/0! | I31: =H31/G31 -> #DIV/0!
A32: =iferror(if(B32>0,month(B32)&"-"&year(B32),B32),) | B32: 2026 - Week 4 | D32: =SUM(D28:D31) -> 7351.19 | E32: =SUM(E28:E31) -> 41 | F32: =SUM(F28:F31) -> 40 | G32: =E32/F32 -> 1.025 | H32: =D32/E32 -> 179.29732 | I32: =H32/G32 -> 174.92421 | V32: =IFERROR((D32-#REF!)/D32,) | W32: =IFERROR((E32-#REF!)/E32,) | X32: =IFERROR((D32-#REF!)/D32,) | Y32: =IFERROR((E32-#REF!)/E32,)
A33: =iferror(if(B33>0,month(B33)&"-"&year(B33),B33),) -> 1-2026 | B33: 46047 | C33: AquaTru | D33: 3447.61 | E33: 31 | F33: 29 | G33: =E33/F33 -> 1.0689655 | H33: =D33/E33 -> 111.21323 | I33: =H33/G33 -> 104.03818
C34: AirDoctor | D34: 272.3 | E34: 1 | F34: 1 | G34: =E34/F34 -> 1 | H34: =D34/E34 -> 272.3 | I34: =H34/G34 -> 272.3
A35: =iferror(if(B35>0,month(B35)&"-"&year(B35),B35),) | C35: Rotorazer | D35: 0 | E35: 0 | F35: 0 | G35: =E35/F35 -> #DIV/0! | H35: =D35/E35 -> #DIV/0! | I35: =H35/G35 -> #DIV/0!
A36: =iferror(if(B36>0,month(B36)&"-"&year(B36),B36),) -> 1-2026 | B36: 46053 | C36: Ionic Pro | D36: 0 | E36: 0 | F36: 0 | G36: =E36/F36 -> #DIV/0! | H36: =D36/E36 -> #DIV/0! | I36: =H36/G36 -> #DIV/0!
A37: =iferror(if(B37>0,month(B37)&"-"&year(B37),B37),) | B37: 2026 - Week 5 | D37: =SUM(D33:D36) -> 3719.91 | E37: =SUM(E33:E36) -> 32 | F37: =SUM(F33:F36) -> 30 | G37: =E37/F37 -> 1.0666667 | H37: =D37/E37 -> 116.24719 | I37: =H37/G37 -> 108.98174 | V37: =IFERROR((D37-#REF!)/D37,) | W37: =IFERROR((E37-#REF!)/E37,) | X37: =IFERROR((D37-#REF!)/D37,) | Y37: =IFERROR((E37-#REF!)/E37,)
A38: =iferror(if(B38>0,month(B38)&"-"&year(B38),B38),) -> 2-2026 | B38: 46054 | C38: AquaTru | D38: 2486.85 | E38: 25 | F38: 19 | G38: =E38/F38 -> 1.3157895 | H38: =D38/E38 -> 99.474 | I38: =H38/G38 -> 75.60024
C39: AirDoctor | D39: 1294.6 | E39: 4 | F39: 4 | G39: =E39/F39 -> 1 | H39: =D39/E39 -> 323.65 | I39: =H39/G39 -> 323.65
A40: =iferror(if(B40>0,month(B40)&"-"&year(B40),B40),) | C40: Rotorazer | D40: 0 | E40: 0 | F40: 0 | G40: =E40/F40 -> #DIV/0! | H40: =D40/E40 -> #DIV/0! | I40: =H40/G40 -> #DIV/0!
A41: =iferror(if(B41>0,month(B41)&"-"&year(B41),B41),) -> 2-2026 | B41: 46060 | C41: Ionic Pro | D41: 0 | E41: 0 | F41: 0 | G41: =E41/F41 -> #DIV/0! | H41: =D41/E41 -> #DIV/0! | I41: =H41/G41 -> #DIV/0!
A42: =iferror(if(B42>0,month(B42)&"-"&year(B42),B42),) | B42: 2026 - Week 6 | D42: =SUM(D38:D41) -> 3781.45 | E42: =SUM(E38:E41) -> 29 | F42: =SUM(F38:F41) -> 23 | G42: =E42/F42 -> 1.2608696 | H42: =D42/E42 -> 130.39483 | I42: =H42/G42 -> 103.41659 | V42: =IFERROR((D42-#REF!)/D42,) | W42: =IFERROR((E42-#REF!)/E42,) | X42: =IFERROR((D42-#REF!)/D42,) | Y42: =IFERROR((E42-#REF!)/E42,)
A43: =iferror(if(B43>0,month(B43)&"-"&year(B43),B43),) -> 2-2026 | B43: 46061 | C43: AquaTru | D43: 2233.1 | E43: 27 | F43: 24 | G43: =E43/F43 -> 1.125 | H43: =D43/E43 -> 82.707407 | I43: =H43/G43 -> 73.517695
C44: AirDoctor | D44: 0 | E44: 0 | F44: 0 | G44: =E44/F44 -> #DIV/0! | H44: =D44/E44 -> #DIV/0! | I44: =H44/G44 -> #DIV/0!
A45: =iferror(if(B45>0,month(B45)&"-"&year(B45),B45),) | C45: Rotorazer | D45: 0 | E45: 0 | F45: 0 | G45: =E45/F45 -> #DIV/0! | H45: =D45/E45 -> #DIV/0! | I45: =H45/G45 -> #DIV/0!
A46: =iferror(if(B46>0,month(B46)&"-"&year(B46),B46),) -> 2-2026 | B46: 46067 | C46: Ionic Pro | D46: 0 | E46: 0 | F46: 0 | G46: =E46/F46 -> #DIV/0! | H46: =D46/E46 -> #DIV/0! | I46: =H46/G46 -> #DIV/0!
A47: =iferror(if(B47>0,month(B47)&"-"&year(B47),B47),) | B47: 2026 - Week 7 | D47: =SUM(D43:D46) -> 2233.1 | E47: =SUM(E43:E46) -> 27 | F47: =SUM(F43:F46) -> 24 | G47: =E47/F47 -> 1.125 | H47: =D47/E47 -> 82.707407 | I47: =H47/G47 -> 73.517695 | V47: =IFERROR((D47-#REF!)/D47,) | W47: =IFERROR((E47-#REF!)/E47,) | X47: =IFERROR((D47-#REF!)/D47,) | Y47: =IFERROR((E47-#REF!)/E47,)
A48: =iferror(if(B48>0,month(B48)&"-"&year(B48),B48),) -> 2-2026 | B48: 46068 | C48: AquaTru | D48: 2507.29 | E48: 24 | F48: 24 | G48: =E48/F48 -> 1 | H48: =D48/E48 -> 104.47042 | I48: =H48/G48 -> 104.47042
C49: AirDoctor | D49: 3080 | E49: 8 | F49: 1 | G49: =E49/F49 -> 8 | H49: =D49/E49 -> 385 | I49: =H49/G49 -> 48.125
A50: =iferror(if(B50>0,month(B50)&"-"&year(B50),B50),) | C50: Rotorazer | D50: 0 | E50: 0 | F50: 0 | G50: =E50/F50 -> #DIV/0! | H50: =D50/E50 -> #DIV/0! | I50: =H50/G50 -> #DIV/0!
A51: =iferror(if(B51>0,month(B51)&"-"&year(B51),B51),) -> 2-2026 | B51: 46074 | C51: Ionic Pro | D51: 0 | E51: 0 | F51: 0 | G51: =E51/F51 -> #DIV/0! | H51: =D51/E51 -> #DIV/0! | I51: =H51/G51 -> #DIV/0!
A52: =iferror(if(B52>0,month(B52)&"-"&year(B52),B52),) | B52: Previous Week | D52: =SUM(D48:D51) -> 5587.29 | E52: =SUM(E48:E51) -> 32 | F52: =SUM(F48:F51) -> 25 | G52: =E52/F52 -> 1.28 | H52: =D52/E52 -> 174.60281 | I52: =H52/G52 -> 136.40845 | V52: =IFERROR((D52-#REF!)/D52,) | W52: =IFERROR((E52-#REF!)/E52,) | X52: =IFERROR((D52-#REF!)/D52,) | Y52: =IFERROR((E52-#REF!)/E52,)
A53: =iferror(if(B53>0,month(B53)&"-"&year(B53),B53),) -> 2-2026 | B53: 46075 | C53: AquaTru | D53: 2305.99 | E53: 23 | F53: 23 | G53: =E53/F53 -> 1 | H53: =D53/E53 -> 100.26043 | I53: =H53/G53 -> 100.26043
C54: AirDoctor | D54: 258 | E54: 1 | F54: 1 | G54: =E54/F54 -> 1 | H54: =D54/E54 -> 258 | I54: =H54/G54 -> 258
A55: =iferror(if(B55>0,month(B55)&"-"&year(B55),B55),) | C55: Rotorazer | D55: 0 | E55: 0 | F55: 0 | G55: =E55/F55 -> #DIV/0! | H55: =D55/E55 -> #DIV/0! | I55: =H55/G55 -> #DIV/0!
A56: =iferror(if(B56>0,month(B56)&"-"&year(B56),B56),) -> 2-2026 | B56: 46081 | C56: Ionic Pro | D56: 0 | E56: 0 | F56: 0 | G56: =E56/F56 -> #DIV/0! | H56: =D56/E56 -> #DIV/0! | I56: =H56/G56 -> #DIV/0!
A57: =iferror(if(B57>0,month(B57)&"-"&year(B57),B57),) | B57: Current Week | D57: =SUM(D53:D56) -> 2563.99 | E57: =SUM(E53:E56) -> 24 | F57: =SUM(F53:F56) -> 24 | G57: =E57/F57 -> 1 | H57: =D57/E57 -> 106.83292 | I57: =H57/G57 -> 106.83292 | V57: =IFERROR((D57-D52)/D57,) -> -1.1791388 | W57: =IFERROR((E57-E52)/E57,) -> -0.33333333 | X57: =IFERROR((D57-#REF!)/D57,) | Y57: =IFERROR((E57-#REF!)/E57,)

Sheet Lowes - 2026
A1: DATA SOURCE: https://app.dsco.io/insights/sales-insights
C2: WEEKLY PERFORMANCE | X2: =(#REF!+#REF!+#REF!+#REF!)-(monthly_reporting_2021!D17+monthly_reporting_2021!D23+monthly_reporting_2021!D29+monthly_reporting_2021!D35) -> #REF! | Y2: =((#REF!+#REF!+#REF!+#REF!)-(monthly_reporting_2021!E17+monthly_reporting_2021!E23+monthly_reporting_2021!E29+monthly_reporting_2021!E35))/(#REF!+#REF!+#REF!+#REF!) -> #REF!
C3: Total Sales | F3: Total Orders | J3: Total Units Sold
C4: =VLOOKUP("Current Week",$B$11:$Z$57,match("SALES",$B$11:$Z$11,0),FALSE) -> 0.29774407 | F4: =VLOOKUP("Current Week",$B$11:$Z$57,match("Units Sold",$B$11:$Z$11,0),FALSE) -> 7 | J4: =VLOOKUP("Current Week",$B$11:$Z$57,match("Ordered Items",$B$11:$Z$11,0),FALSE) -> 7
C5: =(C4-(VLOOKUP("Previous Week",$B$11:$Z$61,match("SALES",$B$11:$Z$11,0),FALSE)))/C4 -> 1 | F5: =(F4-(VLOOKUP("Previous Week",$B$11:$Z$71,match("Units Sold",$B$11:$Z$11,0),FALSE)))/F4 -> -0.42857143 | J5: =(J4-(VLOOKUP("Previous Week",$B$11:$Z$71,match("Ordered Items",$B$11:$Z$11,0),FALSE)))/J4 -> -0.42857143
C7: Advertising Sales | F7: Advertising Spend | J7: ACoS
C8: =VLOOKUP("Current Week",$B$11:$Z$57,match("AD SALES",$B$11:$Z$11,0),FALSE) -> #N/A | F8: =VLOOKUP("Current Week",$B$11:$Z$57,match("SP AD SPEND",$B$11:$Z$11,0),FALSE) -> #N/A | J8: =F8/C8 -> #N/A
C9: =(C8-(VLOOKUP("Previous Week",$B$11:$Z$71,match("AD SALES",$B$11:$Z$11,0),FALSE)))/C8 -> #N/A | F9: =(F8-(VLOOKUP("Previous Week",$B$11:$Z$71,match("SP AD SPEND",$B$11:$Z$11,0),FALSE)))/F8 -> #N/A | J9: =(J8-(VLOOKUP("Previous Week",$B$11:$Z$71,match("ACOS",$B$11:$Z$11,0),FALSE)))/J8 -> #N/A
D10: SALES METRICS | V10: MoM | X10: YoY
A11: Month-Code | B11: DATE | C11: BRAND | D11: GWV | E11: UNITS SOLD | F11: ORDERED ITEMS | G11: UNITS PER ORDER | H11: SALES PER ORDER | I11: ASP | V11: SALES | W11: UNITS | X11: SALES | Y11: UNITS
A13: =iferror(if(B13>0,month(B13)&"-"&year(B13),B13),) -> 12-2025 | B13: 46019 | C13: AquaTru | D13: 1724.74 | E13: 15 | F13: 12 | G13: =E13/F13 -> 1.25 | H13: =D13/E13 -> 114.98267 | I13: =H13/G13 -> 91.986133
C14: AirDoctor | D14: 521.25 | E14: 7 | F14: 5 | G14: =E14/F14 -> 1.4 | H14: =D14/E14 -> 74.464286 | I14: =H14/G14 -> 53.188776
A15: =iferror(if(B15>0,month(B15)&"-"&year(B15),B15),) | C15: Rotorazer | D15: 19 | E15: 1 | F15: 1 | G15: =E15/F15 -> 1 | H15: =D15/E15 -> 19 | I15: =H15/G15 -> 19
A16: =iferror(if(B16>0,month(B16)&"-"&year(B16),B16),) -> 1-2026 | B16: 46025 | C16: Ionic Pro | D16: 0 | E16: 0 | F16: 0 | G16: =E16/F16 -> #DIV/0! | H16: =D16/E16 -> #DIV/0! | I16: =H16/G16 -> #DIV/0!
A17: =iferror(if(B17>0,month(B17)&"-"&year(B17),B17),) | B17: 2026 - Week 1 | D17: =SUM(D13:D16) -> 2264.99 | E17: =SUM(E13:E16) -> 23 | F17: =SUM(F13:F16) -> 18 | G17: =E17/F17 -> 1.2777778 | H17: =D17/E17 -> 98.477826 | I17: =H17/G17 -> 77.069603 | V17: =IFERROR((D17-#REF!)/D17,) | W17: =IFERROR((E17-#REF!)/E17,) | X17: =IFERROR((D17-#REF!)/D17,) | Y17: =IFERROR((E17-#REF!)/E17,)
A18: =iferror(if(B18>0,month(B18)&"-"&year(B18),B18),) -> 1-2026 | B18: 46026 | C18: AquaTru | D18: 1821.45 | E18: 11 | F18: 11 | G18: =E18/F18 -> 1 | H18: =D18/E18 -> 165.58636 | I18: =H18/G18 -> 165.58636
C19: AirDoctor | D19: 1649.5 | E19: 11 | F19: 8 | G19: =E19/F19 -> 1.375 | H19: =D19/E19 -> 149.95455 | I19: =H19/G19 -> 109.05785
A20: =iferror(if(B20>0,month(B20)&"-"&year(B20),B20),) | C20: Rotorazer | D20: 0 | E20: 0 | F20: 0 | G20: =E20/F20 -> #DIV/0! | H20: =D20/E20 -> #DIV/0! | I20: =H20/G20 -> #DIV/0!
A21: =iferror(if(B21>0,month(B21)&"-"&year(B21),B21),) -> 1-2026 | B21: 46032 | C21: Ionic Pro | D21: 0 | E21: 0 | F21: 0 | G21: =E21/F21 -> #DIV/0! | H21: =D21/E21 -> #DIV/0! | I21: =H21/G21 -> #DIV/0!
A22: =iferror(if(B22>0,month(B22)&"-"&year(B22),B22),) | B22: 2026 - Week 2 | D22: =SUM(D18:D21) -> 3470.95 | E22: =SUM(E18:E21) -> 22 | F22: =SUM(F18:F21) -> 19 | G22: =E22/F22 -> 1.1578947 | H22: =D22/E22 -> 157.77045 | I22: =H22/G22 -> 136.2563 | V22: =IFERROR((D22-#REF!)/D22,) | W22: =IFERROR((E22-#REF!)/E22,) | X22: =IFERROR((D22-#REF!)/D22,) | Y22: =IFERROR((E22-#REF!)/E22,)
A23: =iferror(if(B23>0,month(B23)&"-"&year(B23),B23),) -> 1-2026 | B23: 46033 | C23: AquaTru | D23: 1038.69 | E23: 13 | F23: 12 | G23: =E23/F23 -> 1.0833333 | H23: =D23/E23 -> 79.899231 | I23: =H23/G23 -> 73.753136
C24: AirDoctor | D24: 2335.43 | E24: 9 | F24: 9 | G24: =E24/F24 -> 1 | H24: =D24/E24 -> 259.49222 | I24: =H24/G24 -> 259.49222
A25: =iferror(if(B25>0,month(B25)&"-"&year(B25),B25),) | C25: Rotorazer | D25: 310 | E25: 3 | F25: 3 | G25: =E25/F25 -> 1 | H25: =D25/E25 -> 103.33333 | I25: =H25/G25 -> 103.33333
A26: =iferror(if(B26>0,month(B26)&"-"&year(B26),B26),) -> 1-2026 | B26: 46039 | C26: Ionic Pro | D26: 0 | E26: 0 | F26: 0 | G26: =E26/F26 -> #DIV/0! | H26: =D26/E26 -> #DIV/0! | I26: =H26/G26 -> #DIV/0!
A27: =iferror(if(B27>0,month(B27)&"-"&year(B27),B27),) | B27: 2026 - Week 3 | D27: =SUM(D23:D26) -> 3684.12 | E27: =SUM(E23:E26) -> 25 | F27: =SUM(F23:F26) -> 24 | G27: =E27/F27 -> 1.0416667 | H27: =D27/E27 -> 147.3648 | I27: =H27/G27 -> 141.47021 | V27: =IFERROR((D27-#REF!)/D27,) | W27: =IFERROR((E27-#REF!)/E27,) | X27: =IFERROR((D27-#REF!)/D27,) | Y27: =IFERROR((E27-#REF!)/E27,)
A28: =iferror(if(B28>0,month(B28)&"-"&year(B28),B28),) -> 1-2026 | B28: 46040 | C28: AquaTru | D28: 888.42 | E28: 7 | F28: 7 | G28: =E28/F28 -> 1 | H28: =D28/E28 -> 126.91714 | I28: =H28/G28 -> 126.91714
A29: =iferror(if(B29>0,month(B29)&"-"&year(B29),B29),) | C29: AirDoctor | D29: 1550.66 | E29: 6 | F29: 5 | G29: =E29/F29 -> 1.2 | H29: =D29/E29 -> 258.44333 | I29: =H29/G29 -> 215.36944
C30: Rotorazer | D30: 129 | E30: 2 | F30: 2 | G30: =E30/F30 -> 1 | H30: =D30/E30 -> 64.5 | I30: =H30/G30 -> 64.5
A31: =iferror(if(B31>0,month(B31)&"-"&year(B31),B31),) -> 1-2026 | B31: 46046 | C31: Ionic Pro | D31: 0 | E31: 0 | F31: 0 | G31: =E31/F31 -> #DIV/0! | H31: =D31/E31 -> #DIV/0! | I31: =H31/G31 -> #DIV/0!
A32: =iferror(if(B32>0,month(B32)&"-"&year(B32),B32),) | B32: 2026 - Week 4 | D32: =SUM(D28:D31) -> 2568.08 | E32: =SUM(E28:E31) -> 15 | F32: =SUM(F28:F31) -> 14 | G32: =E32/F32 -> 1.0714286 | H32: =D32/E32 -> 171.20533 | I32: =H32/G32 -> 159.79164 | V32: =IFERROR((D32-#REF!)/D32,) | W32: =IFERROR((E32-#REF!)/E32,) | X32: =IFERROR((D32-#REF!)/D32,) | Y32: =IFERROR((E32-#REF!)/E32,)
A33: =iferror(if(B33>0,month(B33)&"-"&year(B33),B33),) -> 1-2026 | B33: 46047 | C33: AquaTru | D33: 1240.78 | E33: 7 | F33: 7 | G33: =E33/F33 -> 1 | H33: =D33/E33 -> 177.25429 | I33: =H33/G33 -> 177.25429
C34: AirDoctor | D34: 1017 | E34: 4 | F34: 4 | G34: =E34/F34 -> 1 | H34: =D34/E34 -> 254.25 | I34: =H34/G34 -> 254.25
A35: =iferror(if(B35>0,month(B35)&"-"&year(B35),B35),) | C35: Rotorazer | D35: 109 | E35: 2 | F35: 2 | G35: =E35/F35 -> 1 | H35: =D35/E35 -> 54.5 | I35: =H35/G35 -> 54.5
A36: =iferror(if(B36>0,month(B36)&"-"&year(B36),B36),) -> 1-2026 | B36: 46053 | C36: Ionic Pro | D36: 0 | E36: 0 | F36: 0 | G36: =E36/F36 -> #DIV/0! | H36: =D36/E36 -> #DIV/0! | I36: =H36/G36 -> #DIV/0!
A37: =iferror(if(B37>0,month(B37)&"-"&year(B37),B37),) | B37: 2026 - Week 5 | D37: =SUM(D33:D36) -> 2366.78 | E37: =SUM(E33:E36) -> 13 | F37: =SUM(F33:F36) -> 13 | G37: =E37/F37 -> 1 | H37: =D37/E37 -> 182.06 | I37: =H37/G37 -> 182.06 | V37: =IFERROR((D37-#REF!)/D37,) | W37: =IFERROR((E37-#REF!)/E37,) | X37: =IFERROR((D37-#REF!)/D37,) | Y37: =IFERROR((E37-#REF!)/E37,)
A38: =iferror(if(B38>0,month(B38)&"-"&year(B38),B38),) -> 2-2026 | B38: 46054 | C38: AquaTru | D38: 1386.19 | E38: 7 | F38: 7 | G38: =E38/F38 -> 1 | H38: =D38/E38 -> 198.02714 | I38: =H38/G38 -> 198.02714
C39: AirDoctor | D39: 1709.43 | E39: 11 | F39: 8 | G39: =E39/F39 -> 1.375 | H39: =D39/E39 -> 155.40273 | I39: =H39/G39 -> 113.02017
A40: =iferror(if(B40>0,month(B40)&"-"&year(B40),B40),) | C40: Rotorazer | D40: 38 | E40: 2 | F40: 1 | G40: =E40/F40 -> 2 | H40: =D40/E40 -> 19 | I40: =H40/G40 -> 9.5
A41: =iferror(if(B41>0,month(B41)&"-"&year(B41),B41),) -> 2-2026 | B41: 46060 | C41: Ionic Pro | D41: 0 | E41: 0 | F41: 0 | G41: =E41/F41 -> #DIV/0! | H41: =D41/E41 -> #DIV/0! | I41: =H41/G41 -> #DIV/0!
A42: =iferror(if(B42>0,month(B42)&"-"&year(B42),B42),) | B42: 2026 - Week 6 | D42: =SUM(D38:D41) -> 3133.62 | E42: =SUM(E38:E41) -> 20 | F42: =SUM(F38:F41) -> 16 | G42: =E42/F42 -> 1.25 | H42: =D42/E42 -> 156.681 | I42: =H42/G42 -> 125.3448 | V42: =IFERROR((D42-#REF!)/D42,) | W42: =IFERROR((E42-#REF!)/E42,) | X42: =IFERROR((D42-#REF!)/D42,) | Y42: =IFERROR((E42-#REF!)/E42,)
A43: =iferror(if(B43>0,month(B43)&"-"&year(B43),B43),) -> 2-2026 | B43: 46061 | C43: AquaTru | D43: 2072.58 | E43: 9 | F43: 9 | G43: =E43/F43 -> 1 | H43: =D43/E43 -> 230.28667 | I43: =H43/G43 -> 230.28667
C44: AirDoctor | D44: 1118.5 | E44: 8 | F44: 7 | G44: =E44/F44 -> 1.1428571 | H44: =D44/E44 -> 139.8125 | I44: =H44/G44 -> 122.33594
A45: =iferror(if(B45>0,month(B45)&"-"&year(B45),B45),) | C45: Rotorazer | D45: 200 | E45: 2 | F45: 2 | G45: =E45/F45 -> 1 | H45: =D45/E45 -> 100 | I45: =H45/G45 -> 100
A46: =iferror(if(B46>0,month(B46)&"-"&year(B46),B46),) -> 2-2026 | B46: 46067 | C46: Ionic Pro | D46: 0 | E46: 0 | F46: 0 | G46: =E46/F46 -> #DIV/0! | H46: =D46/E46 -> #DIV/0! | I46: =H46/G46 -> #DIV/0!
A47: =iferror(if(B47>0,month(B47)&"-"&year(B47),B47),) | B47: 2026 - Week 7 | D47: =SUM(D43:D46) -> 3391.08 | E47: =SUM(E43:E46) -> 19 | F47: =SUM(F43:F46) -> 18 | G47: =E47/F47 -> 1.0555556 | H47: =D47/E47 -> 178.47789 | I47: =H47/G47 -> 169.08432 | V47: =IFERROR((D47-#REF!)/D47,) | W47: =IFERROR((E47-#REF!)/E47,) | X47: =IFERROR((D47-#REF!)/D47,) | Y47: =IFERROR((E47-#REF!)/E47,)
A48: =iferror(if(B48>0,month(B48)&"-"&year(B48),B48),) -> 2-2026 | B48: 46068 | C48: AquaTru | D48: 486.26 | E48: 5 | F48: 5 | G48: =E48/F48 -> 1 | H48: =D48/E48 -> 97.252 | I48: =H48/G48 -> 97.252
C49: AirDoctor | D49: 1124.68 | E49: 5 | F49: 5 | G49: =E49/F49 -> 1 | H49: =D49/E49 -> 224.936 | I49: =H49/G49 -> 224.936
A50: =iferror(if(B50>0,month(B50)&"-"&year(B50),B50),) | C50: Rotorazer | D50: 0 | E50: 0 | F50: 0 | G50: =E50/F50 -> #DIV/0! | H50: =D50/E50 -> #DIV/0! | I50: =H50/G50 -> #DIV/0!
A51: =iferror(if(B51>0,month(B51)&"-"&year(B51),B51),) -> 2-2026 | B51: 46074 | C51: Ionic Pro | D51: 0 | E51: 0 | F51: 0 | G51: =E51/F51 -> #DIV/0! | H51: =D51/E51 -> #DIV/0! | I51: =H51/G51 -> #DIV/0!
A52: =iferror(if(B52>0,month(B52)&"-"&year(B52),B52),) | B52: Previous Week | D52: =SUM(D48:D51) -> 1610.94 | E52: =SUM(E48:E51) -> 10 | F52: =SUM(F48:F51) -> 10 | G52: =E52/F52 -> 1 | H52: =D52/E52 -> 161.094 | I52: =H52/G52 -> 161.094 | V52: =IFERROR((D52-#REF!)/D52,) | W52: =IFERROR((E52-#REF!)/E52,) | X52: =IFERROR((D52-#REF!)/D52,) | Y52: =IFERROR((E52-#REF!)/E52,)
A53: =iferror(if(B53>0,month(B53)&"-"&year(B53),B53),) -> 2-2026 | B53: 46075 | C53: AquaTru | D53: 807.12 | E53: 4 | F53: 4 | G53: =E53/F53 -> 1 | H53: =D53/E53 -> 201.78 | I53: =H53/G53 -> 201.78
C54: AirDoctor | D54: 1376.83 | E54: 2 | F54: 2 | G54: =E54/F54 -> 1 | H54: =D54/E54 -> 688.415 | I54: =H54/G54 -> 688.415
A55: =iferror(if(B55>0,month(B55)&"-"&year(B55),B55),) | C55: Rotorazer | D55: 110 | E55: 1 | F55: 1 | G55: =E55/F55 -> 1 | H55: =D55/E55 -> 110 | I55: =H55/G55 -> 110
A56: =iferror(if(B56>0,month(B56)&"-"&year(B56),B56),) -> 2-2026 | B56: 46081 | C56: Ionic Pro | D56: 0 | E56: 0 | F56: 0 | G56: =E56/F56 -> #DIV/0! | H56: =D56/E56 -> #DIV/0! | I56: =H56/G56 -> #DIV/0!
A57: =iferror(if(B57>0,month(B57)&"-"&year(B57),B57),) | B57: Current Week | D57: =SUM(D53:D56) -> 2293.95 | E57: =SUM(E53:E56) -> 7 | F57: =SUM(F53:F56) -> 7 | G57: =E57/F57 -> 1 | H57: =D57/E57 -> 327.70714 | I57: =H57/G57 -> 327.70714 | V57: =IFERROR((D57-D52)/D57,) -> 0.29774407 | W57: =IFERROR((E57-E52)/E57,) -> -0.42857143 | X57: =IFERROR((D57-#REF!)/D57,) | Y57: =IFERROR((E57-#REF!)/E57,)

Sheet US
A1: Home Depot RPD - Orange Access - DATA SOURCES: https://us.orangeapronmedia.com/r/organizations
C2: WEEKLY PERFORMANCE | X2: =(#REF!+#REF!+#REF!+#REF!)-(monthly_reporting_2021!D17+monthly_reporting_2021!D23+monthly_reporting_2021!D29+monthly_reporting_2021!D35) -> #REF! | Y2: =((#REF!+#REF!+#REF!+#REF!)-(monthly_reporting_2021!E17+monthly_reporting_2021!E23+monthly_reporting_2021!E29+monthly_reporting_2021!E35))/(#REF!+#REF!+#REF!+#REF!) -> #REF!
K3: Total Sales | N3: Total Orders | S3: Total Units Sold
K4: =VLOOKUP("Current Week",$B$11:$X$96,match("SALES",$B$11:$X$11,0),FALSE) -> 0 | N4: =VLOOKUP("Current Week",$B$11:$X$96,match("Units Sold",$B$11:$X$11,0),FALSE) -> 0 | S4: =VLOOKUP("Current Week",$B$11:$X$96,match("Ordered Items",$B$11:$X$11,0),FALSE) -> 0
K5: =(K4-(VLOOKUP("Previous Week",$B$11:$X$101,match("SALES",$B$11:$X$11,0),FALSE)))/K4 -> #DIV/0! | N5: =(N4-(VLOOKUP("Previous Week",$B$11:$X$101,match("Units Sold",$B$11:$X$11,0),FALSE)))/N4 -> #DIV/0! | S5: =(S4-(VLOOKUP("Previous Week",$B$11:$X$101,match("Ordered Items",$B$11:$X$11,0),FALSE)))/S4 -> #DIV/0!
K7: Advertising Sales | N7: Advertising Spend | S7: ACoS
K8: =VLOOKUP("Current Week",$B$11:$X$96,match("AD SALES",$B$11:$X$11,0),FALSE) -> 571 | N8: =VLOOKUP("Current Week",$B$11:$X$96,match("SP AD SPEND",$B$11:$X$11,0),FALSE) -> 486.92 | S8: =N8/K8 -> 0.85274956
K9: =(K8-(VLOOKUP("Previous Week",$B$11:$X$101,match("AD SALES",$B$11:$X$11,0),FALSE)))/K8 -> -0.93695271 | N9: =(N8-(VLOOKUP("Previous Week",$B$11:$X$101,match("SP AD SPEND",$B$11:$X$11,0),FALSE)))/N8 -> -0.054567485 | S9: =(S8-(VLOOKUP("Previous Week",$B$11:$X$101,match("ACOS",$B$11:$X$11,0),FALSE)))/S8 -> 0.45555331
D10: SALES METRICS | L10: ADVERTISING PERFORMANCE | V10: MoM | X10: YoY
A11: Month-Code | B11: DATE | C11: Campaign Group per Brand | D11: SALES | E11: UNITS SOLD | F11: ORDERED ITEMS | G11: UNITS PER ORDER | H11: SALES PER ORDER | I11: ASP | J11: SP AD SPEND | K11: IMPRESSIONS | L11: UNIT SALES | M11: AD SALES | N11: ACoS | O11: ROAS (return on ad send) | P11: TACoS (Total Advertsing Cost of Sales) | Q11: REVENUE PERCENTAGE OF AD SALES | R11: ORGANIC SALES | S11: CPO | T11: SALES | U11: UNITS | V11: SALES | W11: UNITS
B13: 45921 | C13: AIRDOCTOR - Home Depot US | G13: =E13/F13 -> #DIV/0! | H13: =D13/E13 -> #DIV/0! | I13: =H13/G13 -> #DIV/0! | J13: 0 | K13: 0 | L13: 0 | M13: 0 | N13: =J13/M13 -> #DIV/0! | O13: =M13/J13 -> #DIV/0! | P13: =J13/D13 -> #DIV/0! | Q13: =M13/D13 -> #DIV/0! | R13: =D13-M13 -> 0 | S13: =J13/L13 -> #DIV/0!
C14: AQUA TRU - Home Depot US | G14: =E14/F14 -> #DIV/0! | H14: =D14/E14 -> #DIV/0! | I14: =H14/G14 -> #DIV/0! | J14: 0 | K14: 0 | L14: 0 | M14: 0 | N14: =J14/M14 -> #DIV/0! | O14: =M14/J14 -> #DIV/0! | P14: =J14/D14 -> #DIV/0! | Q14: =M14/D14 -> #DIV/0! | R14: =D14-M14 -> 0 | S14: =J14/L14 -> #DIV/0!
B15: to | C15: PAINT ZOOM - Home Depot US | G15: =E15/F15 -> #DIV/0! | H15: =D15/E15 -> #DIV/0! | I15: =H15/G15 -> #DIV/0! | J15: 0 | K15: 0 | L15: 0 | M15: 0 | N15: =(J15/M15) -> #DIV/0! | O15: =M15/J15 -> #DIV/0! | P15: =J15/D15 -> #DIV/0! | Q15: =M15/D15 -> #DIV/0! | R15: =D15-M15 -> 0 | S15: =J15/L15 -> #DIV/0!
A16: =iferror(if(B16>0,month(B16)&"-"&year(B16),B16),) -> 9-2025 | B16: 45927 | C16: ROTORAZER SAW - Home Depot US / ROTORAZERSAW - Home Depot US | G16: =E16/F16 -> #DIV/0! | H16: =D16/E16 -> #DIV/0! | I16: =H16/G16 -> #DIV/0! | J16: 0 | K16: 0 | L16: 0 | M16: 0 | N16: =J16/M16 -> #DIV/0! | O16: =M16/J16 -> #DIV/0! | P16: =J16/D16 -> #DIV/0! | Q16: =M16/D16 -> #DIV/0! | R16: =D16-M16 -> 0 | S16: =J16/L16 -> #DIV/0!
A17: =iferror(if(B17>0,month(B17)&"-"&year(B17),B17),) | B17: Week 39 | D17: =SUM(D13:D16) -> 0 | E17: =SUM(E13:E16) -> 0 | F17: =SUM(F13:F16) -> 0 | G17: =E17/F17 -> #DIV/0! | H17: =D17/E17 -> #DIV/0! | I17: =H17/G17 -> #DIV/0! | J17: =SUM(J13:J16) -> 0 | K17: =SUM(K13:K16) -> 0 | L17: =SUM(L13:L16) -> 0 | M17: =SUM(M13:M16) -> 0 | N17: =J17/M17 -> #DIV/0! | O17: =M17/J17 -> #DIV/0! | P17: =J17/D17 -> #DIV/0! | Q17: =M17/D17 -> #DIV/0! | R17: =SUM(R13:R16) -> 0 | S17: =J17/L17 -> #DIV/0! | T17: =IFERROR((D17-#REF!)/D17,) | U17: =IFERROR((E17-#REF!)/E17,) | V17: =IFERROR((D17-#REF!)/D17, ) | W17: =IFERROR((E17-#REF!)/E17, )
B18: 45928 | C18: AIRDOCTOR - Home Depot US | G18: =E18/F18 -> #DIV/0! | H18: =D18/E18 -> #DIV/0! | I18: =H18/G18 -> #DIV/0! | J18: 0 | K18: 0 | L18: 0 | M18: 0 | N18: =J18/M18 -> #DIV/0! | O18: =M18/J18 -> #DIV/0! | P18: =J18/D18 -> #DIV/0! | Q18: =M18/D18 -> #DIV/0! | R18: =D18-M18 -> 0 | S18: =J18/L18 -> #DIV/0!
C19: AQUA TRU - Home Depot US | G19: =E19/F19 -> #DIV/0! | H19: =D19/E19 -> #DIV/0! | I19: =H19/G19 -> #DIV/0! | J19: 0 | K19: 0 | L19: 0 | M19: 0 | N19: =J19/M19 -> #DIV/0! | O19: =M19/J19 -> #DIV/0! | P19: =J19/D19 -> #DIV/0! | Q19: =M19/D19 -> #DIV/0! | R19: =D19-M19 -> 0 | S19: =J19/L19 -> #DIV/0!
B20: to | C20: PAINT ZOOM - Home Depot US | G20: =E20/F20 -> #DIV/0! | H20: =D20/E20 -> #DIV/0! | I20: =H20/G20 -> #DIV/0! | J20: 0 | K20: 0 | L20: 0 | M20: 0 | N20: =(J20/M20) -> #DIV/0! | O20: =M20/J20 -> #DIV/0! | P20: =J20/D20 -> #DIV/0! | Q20: =M20/D20 -> #DIV/0! | R20: =D20-M20 -> 0 | S20: =J20/L20 -> #DIV/0!
A21: =iferror(if(B21>0,month(B21)&"-"&year(B21),B21),) -> 10-2025 | B21: 45934 | C21: ROTORAZER SAW - Home Depot US / ROTORAZERSAW - Home Depot US | G21: =E21/F21 -> #DIV/0! | H21: =D21/E21 -> #DIV/0! | I21: =H21/G21 -> #DIV/0! | J21: 0 | K21: 0 | L21: 0 | M21: 0 | N21: =J21/M21 -> #DIV/0! | O21: =M21/J21 -> #DIV/0! | P21: =J21/D21 -> #DIV/0! | Q21: =M21/D21 -> #DIV/0! | R21: =D21-M21 -> 0 | S21: =J21/L21 -> #DIV/0!
A22: =iferror(if(B22>0,month(B22)&"-"&year(B22),B22),) | B22: Week 40 | D22: =SUM(D18:D21) -> 0 | E22: =SUM(E18:E21) -> 0 | F22: =SUM(F18:F21) -> 0 | G22: =E22/F22 -> #DIV/0! | H22: =D22/E22 -> #DIV/0! | I22: =H22/G22 -> #DIV/0! | J22: =SUM(J18:J21) -> 0 | K22: =SUM(K18:K21) -> 0 | L22: =SUM(L18:L21) -> 0 | M22: =SUM(M18:M21) -> 0 | N22: =J22/M22 -> #DIV/0! | O22: =M22/J22 -> #DIV/0! | P22: =J22/D22 -> #DIV/0! | Q22: =M22/D22 -> #DIV/0! | R22: =SUM(R18:R21) -> 0 | S22: =J22/L22 -> #DIV/0! | T22: =IFERROR((D22-#REF!)/D22,) | U22: =IFERROR((E22-#REF!)/E22,) | V22: =IFERROR((D22-#REF!)/D22, ) | W22: =IFERROR((E22-#REF!)/E22, )
B23: 45935 | C23: AIRDOCTOR - Home Depot US | G23: =E23/F23 -> #DIV/0! | H23: =D23/E23 -> #DIV/0! | I23: =H23/G23 -> #DIV/0! | J23: 0 | K23: 0 | L23: 0 | M23: 0 | N23: =J23/M23 -> #DIV/0! | O23: =M23/J23 -> #DIV/0! | P23: =J23/D23 -> #DIV/0! | Q23: =M23/D23 -> #DIV/0! | R23: =D23-M23 -> 0 | S23: =J23/L23 -> #DIV/0!
C24: AQUA TRU - Home Depot US | G24: =E24/F24 -> #DIV/0! | H24: =D24/E24 -> #DIV/0! | I24: =H24/G24 -> #DIV/0! | J24: 0 | K24: 0 | L24: 0 | M24: 0 | N24: =J24/M24 -> #DIV/0! | O24: =M24/J24 -> #DIV/0! | P24: =J24/D24 -> #DIV/0! | Q24: =M24/D24 -> #DIV/0! | R24: =D24-M24 -> 0 | S24: =J24/L24 -> #DIV/0!
B25: to | C25: PAINT ZOOM - Home Depot US | G25: =E25/F25 -> #DIV/0! | H25: =D25/E25 -> #DIV/0! | I25: =H25/G25 -> #DIV/0! | J25: 0 | K25: 0 | L25: 0 | M25: 0 | N25: =(J25/M25) -> #DIV/0! | O25: =M25/J25 -> #DIV/0! | P25: =J25/D25 -> #DIV/0! | Q25: =M25/D25 -> #DIV/0! | R25: =D25-M25 -> 0 | S25: =J25/L25 -> #DIV/0!
A26: =iferror(if(B26>0,month(B26)&"-"&year(B26),B26),) -> 10-2025 | B26: 45941 | C26: ROTORAZER SAW - Home Depot US / ROTORAZERSAW - Home Depot US | G26: =E26/F26 -> #DIV/0! | H26: =D26/E26 -> #DIV/0! | I26: =H26/G26 -> #DIV/0! | J26: 0 | K26: 0 | L26: 0 | M26: 0 | N26: =J26/M26 -> #DIV/0! | O26: =M26/J26 -> #DIV/0! | P26: =J26/D26 -> #DIV/0! | Q26: =M26/D26 -> #DIV/0! | R26: =D26-M26 -> 0 | S26: =J26/L26 -> #DIV/0!
A27: =iferror(if(B27>0,month(B27)&"-"&year(B27),B27),) | B27: Week 41 | D27: =SUM(D23:D26) -> 0 | E27: =SUM(E23:E26) -> 0 | F27: =SUM(F23:F26) -> 0 | G27: =E27/F27 -> #DIV/0! | H27: =D27/E27 -> #DIV/0! | I27: =H27/G27 -> #DIV/0! | J27: =SUM(J23:J26) -> 0 | K27: =SUM(K23:K26) -> 0 | L27: =SUM(L23:L26) -> 0 | M27: =SUM(M23:M26) -> 0 | N27: =J27/M27 -> #DIV/0! | O27: =M27/J27 -> #DIV/0! | P27: =J27/D27 -> #DIV/0! | Q27: =M27/D27 -> #DIV/0! | R27: =SUM(R23:R26) -> 0 | S27: =J27/L27 -> #DIV/0! | T27: =IFERROR((D27-#REF!)/D27,) | U27: =IFERROR((E27-#REF!)/E27,) | V27: =IFERROR((D27-#REF!)/D27, ) | W27: =IFERROR((E27-#REF!)/E27, )
B28: 45942 | C28: AIRDOCTOR - Home Depot US | G28: =E28/F28 -> #DIV/0! | H28: =D28/E28 -> #DIV/0! | I28: =H28/G28 -> #DIV/0! | J28: 0 | K28: 0 | L28: 0 | M28: 0 | N28: =J28/M28 -> #DIV/0! | O28: =M28/J28 -> #DIV/0! | P28: =J28/D28 -> #DIV/0! | Q28: =M28/D28 -> #DIV/0! | R28: =D28-M28 -> 0 | S28: =J28/L28 -> #DIV/0!
C29: AQUA TRU - Home Depot US | G29: =E29/F29 -> #DIV/0! | H29: =D29/E29 -> #DIV/0! | I29: =H29/G29 -> #DIV/0! | J29: 0 | K29: 0 | L29: 0 | M29: 0 | N29: =J29/M29 -> #DIV/0! | O29: =M29/J29 -> #DIV/0! | P29: =J29/D29 -> #DIV/0! | Q29: =M29/D29 -> #DIV/0! | R29: =D29-M29 -> 0 | S29: =J29/L29 -> #DIV/0!
B30: to | C30: PAINT ZOOM - Home Depot US | G30: =E30/F30 -> #DIV/0! | H30: =D30/E30 -> #DIV/0! | I30: =H30/G30 -> #DIV/0! | J30: 0 | K30: 0 | L30: 0 | M30: 0 | N30: =(J30/M30) -> #DIV/0! | O30: =M30/J30 -> #DIV/0! | P30: =J30/D30 -> #DIV/0! | Q30: =M30/D30 -> #DIV/0! | R30: =D30-M30 -> 0 | S30: =J30/L30 -> #DIV/0!
A31: =iferror(if(B31>0,month(B31)&"-"&year(B31),B31),) -> 10-2025 | B31: 45948 | C31: ROTORAZER SAW - Home Depot US / ROTORAZERSAW - Home Depot US | G31: =E31/F31 -> #DIV/0! | H31: =D31/E31 -> #DIV/0! | I31: =H31/G31 -> #DIV/0! | J31: 0 | K31: 0 | L31: 0 | M31: 0 | N31: =J31/M31 -> #DIV/0! | O31: =M31/J31 -> #DIV/0! | P31: =J31/D31 -> #DIV/0! | Q31: =M31/D31 -> #DIV/0! | R31: =D31-M31 -> 0 | S31: =J31/L31 -> #DIV/0!
A32: =iferror(if(B32>0,month(B32)&"-"&year(B32),B32),) | B32: Week 42 | D32: =SUM(D28:D31) -> 0 | E32: =SUM(E28:E31) -> 0 | F32: =SUM(F28:F31) -> 0 | G32: =E32/F32 -> #DIV/0! | H32: =D32/E32 -> #DIV/0! | I32: =H32/G32 -> #DIV/0! | J32: =SUM(J28:J31) -> 0 | K32: =SUM(K28:K31) -> 0 | L32: =SUM(L28:L31) -> 0 | M32: =SUM(M28:M31) -> 0 | N32: =J32/M32 -> #DIV/0! | O32: =M32/J32 -> #DIV/0! | P32: =J32/D32 -> #DIV/0! | Q32: =M32/D32 -> #DIV/0! | R32: =SUM(R28:R31) -> 0 | S32: =J32/L32 -> #DIV/0! | T32: =IFERROR((D32-#REF!)/D32,) | U32: =IFERROR((E32-#REF!)/E32,) | V32: =IFERROR((D32-#REF!)/D32, ) | W32: =IFERROR((E32-#REF!)/E32, )
B33: 45949 | C33: AIRDOCTOR - Home Depot US | G33: =E33/F33 -> #DIV/0! | H33: =D33/E33 -> #DIV/0! | I33: =H33/G33 -> #DIV/0! | J33: 107.11 | K33: 4721 | L33: 0 | M33: 0 | N33: =J33/M33 -> #DIV/0! | O33: =M33/J33 -> 0 | P33: =J33/D33 -> #DIV/0! | Q33: =M33/D33 -> #DIV/0! | R33: =D33-M33 -> 0 | S33: =J33/L33 -> #DIV/0!
C34: AQUA TRU - Home Depot US | G34: =E34/F34 -> #DIV/0! | H34: =D34/E34 -> #DIV/0! | I34: =H34/G34 -> #DIV/0! | J34: 122.23 | K34: 19317 | L34: 0 | M34: 0 | N34: =J34/M34 -> #DIV/0! | O34: =M34/J34 -> 0 | P34: =J34/D34 -> #DIV/0! | Q34: =M34/D34 -> #DIV/0! | R34: =D34-M34 -> 0 | S34: =J34/L34 -> #DIV/0!
B35: to | C35: PAINT ZOOM - Home Depot US | G35: =E35/F35 -> #DIV/0! | H35: =D35/E35 -> #DIV/0! | I35: =H35/G35 -> #DIV/0! | J35: 0 | K35: 0 | L35: 0 | M35: 0 | N35: =(J35/M35) -> #DIV/0! | O35: =M35/J35 -> #DIV/0! | P35: =J35/D35 -> #DIV/0! | Q35: =M35/D35 -> #DIV/0! | R35: =D35-M35 -> 0 | S35: =J35/L35 -> #DIV/0!
A36: =iferror(if(B36>0,month(B36)&"-"&year(B36),B36),) -> 10-2025 | B36: 45955 | C36: ROTORAZER SAW - Home Depot US / ROTORAZERSAW - Home Depot US | G36: =E36/F36 -> #DIV/0! | H36: =D36/E36 -> #DIV/0! | I36: =H36/G36 -> #DIV/0! | N36: =J36/M36 -> #DIV/0! | O36: =M36/J36 -> #DIV/0! | P36: =J36/D36 -> #DIV/0! | Q36: =M36/D36 -> #DIV/0! | R36: =D36-M36 -> 0 | S36: =J36/L36 -> #DIV/0!
A37: =iferror(if(B37>0,month(B37)&"-"&year(B37),B37),) | B37: Week 43 | D37: =SUM(D33:D36) -> 0 | E37: =SUM(E33:E36) -> 0 | F37: =SUM(F33:F36) -> 0 | G37: =E37/F37 -> #DIV/0! | H37: =D37/E37 -> #DIV/0! | I37: =H37/G37 -> #DIV/0! | J37: =SUM(J33:J36) -> 229.34 | K37: =SUM(K33:K36) -> 24038 | L37: =SUM(L33:L36) -> 0 | M37: =SUM(M33:M36) -> 0 | N37: =J37/M37 -> #DIV/0! | O37: =M37/J37 -> 0 | P37: =J37/D37 -> #DIV/0! | Q37: =M37/D37 -> #DIV/0! | R37: =SUM(R33:R36) -> 0 | S37: =J37/L37 -> #DIV/0! | T37: =IFERROR((D37-#REF!)/D37,) | U37: =IFERROR((E37-#REF!)/E37,) | V37: =IFERROR((D37-#REF!)/D37, ) | W37: =IFERROR((E37-#REF!)/E37, )
B38: 45956 | C38: AIRDOCTOR - Home Depot US | G38: =E38/F38 -> #DIV/0! | H38: =D38/E38 -> #DIV/0! | I38: =H38/G38 -> #DIV/0! | J38: 186.03 | K38: 8308 | L38: 0 | M38: 0 | N38: =J38/M38 -> #DIV/0! | O38: =M38/J38 -> 0 | P38: =J38/D38 -> #DIV/0! | Q38: =M38/D38 -> #DIV/0! | R38: =D38-M38 -> 0 | S38: =J38/L38 -> #DIV/0!
C39: AQUA TRU - Home Depot US | G39: =E39/F39 -> #DIV/0! | H39: =D39/E39 -> #DIV/0! | I39: =H39/G39 -> #DIV/0! | J39: 306.48 | K39: 36970 | L39: 0 | M39: 0 | N39: =J39/M39 -> #DIV/0! | O39: =M39/J39 -> 0 | P39: =J39/D39 -> #DIV/0! | Q39: =M39/D39 -> #DIV/0! | R39: =D39-M39 -> 0 | S39: =J39/L39 -> #DIV/0!
B40: to | C40: PAINT ZOOM - Home Depot US | G40: =E40/F40 -> #DIV/0! | H40: =D40/E40 -> #DIV/0! | I40: =H40/G40 -> #DIV/0! | J40: 0 | K40: 0 | L40: 0 | M40: 0 | N40: =(J40/M40) -> #DIV/0! | O40: =M40/J40 -> #DIV/0! | P40: =J40/D40 -> #DIV/0! | Q40: =M40/D40 -> #DIV/0! | R40: =D40-M40 -> 0 | S40: =J40/L40 -> #DIV/0!
A41: =iferror(if(B41>0,month(B41)&"-"&year(B41),B41),) -> 11-2025 | B41: 45962 | C41: ROTORAZER SAW - Home Depot US / ROTORAZERSAW - Home Depot US | G41: =E41/F41 -> #DIV/0! | H41: =D41/E41 -> #DIV/0! | I41: =H41/G41 -> #DIV/0! | J41: 109.38 | K41: 15992 | L41: 0 | M41: 0 | N41: =J41/M41 -> #DIV/0! | O41: =M41/J41 -> 0 | P41: =J41/D41 -> #DIV/0! | Q41: =M41/D41 -> #DIV/0! | R41: =D41-M41 -> 0 | S41: =J41/L41 -> #DIV/0!
A42: =iferror(if(B42>0,month(B42)&"-"&year(B42),B42),) | B42: Week 44 | D42: =SUM(D38:D41) -> 0 | E42: =SUM(E38:E41) -> 0 | F42: =SUM(F38:F41) -> 0 | G42: =E42/F42 -> #DIV/0! | H42: =D42/E42 -> #DIV/0! | I42: =H42/G42 -> #DIV/0! | J42: =SUM(J38:J41) -> 601.89 | K42: =SUM(K38:K41) -> 61270 | L42: =SUM(L38:L41) -> 0 | M42: =SUM(M38:M41) -> 0 | N42: =J42/M42 -> #DIV/0! | O42: =M42/J42 -> 0 | P42: =J42/D42 -> #DIV/0! | Q42: =M42/D42 -> #DIV/0! | R42: =SUM(R38:R41) -> 0 | S42: =J42/L42 -> #DIV/0! | T42: =IFERROR((D42-#REF!)/D42,) | U42: =IFERROR((E42-#REF!)/E42,) | V42: =IFERROR((D42-#REF!)/D42, ) | W42: =IFERROR((E42-#REF!)/E42, )
B43: 45963 | C43: AIRDOCTOR - Home Depot US | G43: =E43/F43 -> #DIV/0! | H43: =D43/E43 -> #DIV/0! | I43: =H43/G43 -> #DIV/0! | J43: 189.5 | K43: 13718 | M43: 113 | N43: =J43/M43 -> 1.6769912 | O43: =M43/J43 -> 0.59630607 | P43: =J43/D43 -> #DIV/0! | Q43: =M43/D43 -> #DIV/0! | R43: =D43-M43 -> -113 | S43: =J43/L43 -> #DIV/0!
C44: AQUA TRU - Home Depot US | G44: =E44/F44 -> #DIV/0! | H44: =D44/E44 -> #DIV/0! | I44: =H44/G44 -> #DIV/0! | J44: 199.08 | K44: 9470 | M44: 126 | N44: =J44/M44 -> 1.58 | O44: =M44/J44 -> 0.63291139 | P44: =J44/D44 -> #DIV/0! | Q44: =M44/D44 -> #DIV/0! | R44: =D44-M44 -> -126 | S44: =J44/L44 -> #DIV/0!
B45: to | C45: PAINT ZOOM - Home Depot US | G45: =E45/F45 -> #DIV/0! | H45: =D45/E45 -> #DIV/0! | I45: =H45/G45 -> #DIV/0! | J45: 0 | K45: 0 | M45: 0 | N45: =(J45/M45) -> #DIV/0! | O45: =M45/J45 -> #DIV/0! | P45: =J45/D45 -> #DIV/0! | Q45: =M45/D45 -> #DIV/0! | R45: =D45-M45 -> 0 | S45: =J45/L45 -> #DIV/0!
A46: =iferror(if(B46>0,month(B46)&"-"&year(B46),B46),) -> 11-2025 | B46: 45969 | C46: ROTORAZER SAW - Home Depot US / ROTORAZERSAW - Home Depot US | G46: =E46/F46 -> #DIV/0! | H46: =D46/E46 -> #DIV/0! | I46: =H46/G46 -> #DIV/0! | J46: 187.8 | K46: 7955 | M46: 0 | N46: =J46/M46 -> #DIV/0! | O46: =M46/J46 -> 0 | P46: =J46/D46 -> #DIV/0! | Q46: =M46/D46 -> #DIV/0! | R46: =D46-M46 -> 0 | S46: =J46/L46 -> #DIV/0!
A47: =iferror(if(B47>0,month(B47)&"-"&year(B47),B47),) | B47: Week 45 | D47: =SUM(D43:D46) -> 0 | E47: =SUM(E43:E46) -> 0 | F47: =SUM(F43:F46) -> 0 | G47: =E47/F47 -> #DIV/0! | H47: =D47/E47 -> #DIV/0! | I47: =H47/G47 -> #DIV/0! | J47: =SUM(J43:J46) -> 576.38 | K47: =SUM(K43:K46) -> 31143 | L47: =SUM(L43:L46) -> 0 | M47: =SUM(M43:M46) -> 239 | N47: =J47/M47 -> 2.4116318 | O47: =M47/J47 -> 0.414657 | P47: =J47/D47 -> #DIV/0! | Q47: =M47/D47 -> #DIV/0! | R47: =SUM(R43:R46) -> -239 | S47: =J47/L47 -> #DIV/0! | T47: =IFERROR((D47-#REF!)/D47,) | U47: =IFERROR((E47-#REF!)/E47,) | V47: =IFERROR((D47-#REF!)/D47, ) | W47: =IFERROR((E47-#REF!)/E47, )
B48: 45970 | C48: AIRDOCTOR - Home Depot US | G48: =E48/F48 -> #DIV/0! | H48: =D48/E48 -> #DIV/0! | I48: =H48/G48 -> #DIV/0! | J48: 183.78 | K48: 6450 | M48: 1396.4 | N48: =J48/M48 -> 0.13160985 | O48: =M48/J48 -> 7.5982153 | P48: =J48/D48 -> #DIV/0! | Q48: =M48/D48 -> #DIV/0! | R48: =D48-M48 -> -1396.4 | S48: =J48/L48 -> #DIV/0!
C49: AQUA TRU - Home Depot US | G49: =E49/F49 -> #DIV/0! | H49: =D49/E49 -> #DIV/0! | I49: =H49/G49 -> #DIV/0! | J49: 173.08 | K49: 10341 | M49: 460 | N49: =J49/M49 -> 0.37626087 | O49: =M49/J49 -> 2.6577305 | P49: =J49/D49 -> #DIV/0! | Q49: =M49/D49 -> #DIV/0! | R49: =D49-M49 -> -460 | S49: =J49/L49 -> #DIV/0!
B50: to | C50: PAINT ZOOM - Home Depot US | G50: =E50/F50 -> #DIV/0! | H50: =D50/E50 -> #DIV/0! | I50: =H50/G50 -> #DIV/0! | J50: 0 | K50: 0 | M50: 0 | N50: =(J50/M50) -> #DIV/0! | O50: =M50/J50 -> #DIV/0! | P50: =J50/D50 -> #DIV/0! | Q50: =M50/D50 -> #DIV/0! | R50: =D50-M50 -> 0 | S50: =J50/L50 -> #DIV/0!
A51: =iferror(if(B51>0,month(B51)&"-"&year(B51),B51),) -> 11-2025 | B51: 45976 | C51: ROTORAZER SAW - Home Depot US / ROTORAZERSAW - Home Depot US | G51: =E51/F51 -> #DIV/0! | H51: =D51/E51 -> #DIV/0! | I51: =H51/G51 -> #DIV/0! | J51: 180.61 | K51: 7992 | M51: 206 | N51: =J51/M51 -> 0.87674757 | O51: =M51/J51 -> 1.1405791 | P51: =J51/D51 -> #DIV/0! | Q51: =M51/D51 -> #DIV/0! | R51: =D51-M51 -> -206 | S51: =J51/L51 -> #DIV/0!
A52: =iferror(if(B52>0,month(B52)&"-"&year(B52),B52),) | B52: Week 46 | D52: =SUM(D48:D51) -> 0 | E52: =SUM(E48:E51) -> 0 | F52: =SUM(F48:F51) -> 0 | G52: =E52/F52 -> #DIV/0! | H52: =D52/E52 -> #DIV/0! | I52: =H52/G52 -> #DIV/0! | J52: =SUM(J48:J51) -> 537.47 | K52: =SUM(K48:K51) -> 24783 | L52: =SUM(L48:L51) -> 0 | M52: =SUM(M48:M51) -> 2062.4 | N52: =J52/M52 -> 0.26060415 | O52: =M52/J52 -> 3.8372374 | P52: =J52/D52 -> #DIV/0! | Q52: =M52/D52 -> #DIV/0! | R52: =SUM(R48:R51) -> -2062.4 | S52: =J52/L52 -> #DIV/0! | T52: =IFERROR((D52-#REF!)/D52,) | U52: =IFERROR((E52-#REF!)/E52,) | V52: =IFERROR((D52-#REF!)/D52, ) | W52: =IFERROR((E52-#REF!)/E52, )
B53: 45977 | C53: AIRDOCTOR - Home Depot US | G53: =E53/F53 -> #DIV/0! | H53: =D53/E53 -> #DIV/0! | I53: =H53/G53 -> #DIV/0! | J53: 179.32 | K53: 12324 | M53: 1291 | N53: =J53/M53 -> 0.13890008 | O53: =M53/J53 -> 7.19942 | P53: =J53/D53 -> #DIV/0! | Q53: =M53/D53 -> #DIV/0! | R53: =D53-M53 -> -1291 | S53: =J53/L53 -> #DIV/0!
C54: AQUA TRU - Home Depot US | G54: =E54/F54 -> #DIV/0! | H54: =D54/E54 -> #DIV/0! | I54: =H54/G54 -> #DIV/0! | J54: 192.29 | K54: 17470 | M54: 0 | N54: =J54/M54 -> #DIV/0! | O54: =M54/J54 -> 0 | P54: =J54/D54 -> #DIV/0! | Q54: =M54/D54 -> #DIV/0! | R54: =D54-M54 -> 0 | S54: =J54/L54 -> #DIV/0!
B55: to | C55: PAINT ZOOM - Home Depot US | G55: =E55/F55 -> #DIV/0! | H55: =D55/E55 -> #DIV/0! | I55: =H55/G55 -> #DIV/0! | J55: 0 | K55: 0 | M55: 0 | N55: =(J55/M55) -> #DIV/0! | O55: =M55/J55 -> #DIV/0! | P55: =J55/D55 -> #DIV/0! | Q55: =M55/D55 -> #DIV/0! | R55: =D55-M55 -> 0 | S55: =J55/L55 -> #DIV/0!
A56: =iferror(if(B56>0,month(B56)&"-"&year(B56),B56),) -> 11-2025 | B56: 45983 | C56: ROTORAZER SAW - Home Depot US / ROTORAZERSAW - Home Depot US | G56: =E56/F56 -> #DIV/0! | H56: =D56/E56 -> #DIV/0! | I56: =H56/G56 -> #DIV/0! | J56: 183.1 | K56: 11049 | M56: 0 | N56: =J56/M56 -> #DIV/0! | O56: =M56/J56 -> 0 | P56: =J56/D56 -> #DIV/0! | Q56: =M56/D56 -> #DIV/0! | R56: =D56-M56 -> 0 | S56: =J56/L56 -> #DIV/0!
A57: =iferror(if(B57>0,month(B57)&"-"&year(B57),B57),) | B57: Week 47 | D57: =SUM(D53:D56) -> 0 | E57: =SUM(E53:E56) -> 0 | F57: =SUM(F53:F56) -> 0 | G57: =E57/F57 -> #DIV/0! | H57: =D57/E57 -> #DIV/0! | I57: =H57/G57 -> #DIV/0! | J57: =SUM(J53:J56) -> 554.71 | K57: =SUM(K53:K56) -> 40843 | L57: =SUM(L53:L56) -> 0 | M57: =SUM(M53:M56) -> 1291 | N57: =J57/M57 -> 0.42967467 | O57: =M57/J57 -> 2.3273422 | P57: =J57/D57 -> #DIV/0! | Q57: =M57/D57 -> #DIV/0! | R57: =SUM(R53:R56) -> -1291 | S57: =J57/L57 -> #DIV/0! | T57: =IFERROR((D57-#REF!)/D57,) | U57: =IFERROR((E57-#REF!)/E57,) | V57: =IFERROR((D57-#REF!)/D57, ) | W57: =IFERROR((E57-#REF!)/E57, )
B58: 45984 | C58: AIRDOCTOR - Home Depot US | G58: =E58/F58 -> #DIV/0! | H58: =D58/E58 -> #DIV/0! | I58: =H58/G58 -> #DIV/0! | J58: 176.77 | K58: 11702 | M58: 148 | N58: =J58/M58 -> 1.1943919 | O58: =M58/J58 -> 0.83724614 | P58: =J58/D58 -> #DIV/0! | Q58: =M58/D58 -> #DIV/0! | R58: =D58-M58 -> -148 | S58: =J58/L58 -> #DIV/0!
C59: AQUA TRU - Home Depot US | G59: =E59/F59 -> #DIV/0! | H59: =D59/E59 -> #DIV/0! | I59: =H59/G59 -> #DIV/0! | J59: 166.63 | K59: 11450 | M59: 0 | N59: =J59/M59 -> #DIV/0! | O59: =M59/J59 -> 0 | P59: =J59/D59 -> #DIV/0! | Q59: =M59/D59 -> #DIV/0! | R59: =D59-M59 -> 0 | S59: =J59/L59 -> #DIV/0!
B60: to | C60: PAINT ZOOM - Home Depot US | G60: =E60/F60 -> #DIV/0! | H60: =D60/E60 -> #DIV/0! | I60: =H60/G60 -> #DIV/0! | J60: 0 | K60: 0 | M60: 0 | N60: =(J60/M60) -> #DIV/0! | O60: =M60/J60 -> #DIV/0! | P60: =J60/D60 -> #DIV/0! | Q60: =M60/D60 -> #DIV/0! | R60: =D60-M60 -> 0 | S60: =J60/L60 -> #DIV/0!
A61: =iferror(if(B61>0,month(B61)&"-"&year(B61),B61),) -> 11-2025 | B61: 45990 | C61: ROTORAZER SAW - Home Depot US / ROTORAZERSAW - Home Depot US | G61: =E61/F61 -> #DIV/0! | H61: =D61/E61 -> #DIV/0! | I61: =H61/G61 -> #DIV/0! | J61: 174.6 | K61: 9852 | M61: 185 | N61: =J61/M61 -> 0.94378378 | O61: =M61/J61 -> 1.0595647 | P61: =J61/D61 -> #DIV/0! | Q61: =M61/D61 -> #DIV/0! | R61: =D61-M61 -> -185 | S61: =J61/L61 -> #DIV/0!
A62: =iferror(if(B62>0,month(B62)&"-"&year(B62),B62),) | B62: Week 48 | D62: =SUM(D58:D61) -> 0 | E62: =SUM(E58:E61) -> 0 | F62: =SUM(F58:F61) -> 0 | G62: =E62/F62 -> #DIV/0! | H62: =D62/E62 -> #DIV/0! | I62: =H62/G62 -> #DIV/0! | J62: =SUM(J58:J61) -> 518 | K62: =SUM(K58:K61) -> 33004 | L62: =SUM(L58:L61) -> 0 | M62: =SUM(M58:M61) -> 333 | N62: =J62/M62 -> 1.5555556 | O62: =M62/J62 -> 0.64285714 | P62: =J62/D62 -> #DIV/0! | Q62: =M62/D62 -> #DIV/0! | R62: =SUM(R58:R61) -> -333 | S62: =J62/L62 -> #DIV/0! | T62: =IFERROR((D62-#REF!)/D62,) | U62: =IFERROR((E62-#REF!)/E62,) | V62: =IFERROR((D62-#REF!)/D62, ) | W62: =IFERROR((E62-#REF!)/E62, )
B63: 45991 | C63: AIRDOCTOR - Home Depot US | G63: =E63/F63 -> #DIV/0! | H63: =D63/E63 -> #DIV/0! | I63: =H63/G63 -> #DIV/0! | J63: 178.91 | K63: 7098 | M63: 335 | N63: =J63/M63 -> 0.5340597 | O63: =M63/J63 -> 1.8724498 | P63: =J63/D63 -> #DIV/0! | Q63: =M63/D63 -> #DIV/0! | R63: =D63-M63 -> -335 | S63: =J63/L63 -> #DIV/0!
C64: AQUA TRU - Home Depot US | G64: =E64/F64 -> #DIV/0! | H64: =D64/E64 -> #DIV/0! | I64: =H64/G64 -> #DIV/0! | J64: 1226.56 | K64: 98052 | M64: 609 | N64: =J64/M64 -> 2.0140558 | O64: =M64/J64 -> 0.49651057 | P64: =J64/D64 -> #DIV/0! | Q64: =M64/D64 -> #DIV/0! | R64: =D64-M64 -> -609 | S64: =J64/L64 -> #DIV/0!
B65: to | C65: PAINT ZOOM - Home Depot US | G65: =E65/F65 -> #DIV/0! | H65: =D65/E65 -> #DIV/0! | I65: =H65/G65 -> #DIV/0! | J65: 0 | K65: 0 | M65: 0 | N65: =(J65/M65) -> #DIV/0! | O65: =M65/J65 -> #DIV/0! | P65: =J65/D65 -> #DIV/0! | Q65: =M65/D65 -> #DIV/0! | R65: =D65-M65 -> 0 | S65: =J65/L65 -> #DIV/0!
A66: =iferror(if(B66>0,month(B66)&"-"&year(B66),B66),) -> 12-2025 | B66: 45997 | C66: ROTORAZER SAW - Home Depot US / ROTORAZERSAW - Home Depot US | G66: =E66/F66 -> #DIV/0! | H66: =D66/E66 -> #DIV/0! | I66: =H66/G66 -> #DIV/0! | J66: 1220.18 | K66: 75696 | M66: 391 | N66: =J66/M66 -> 3.120665 | O66: =M66/J66 -> 0.32044452 | P66: =J66/D66 -> #DIV/0! | Q66: =M66/D66 -> #DIV/0! | R66: =D66-M66 -> -391 | S66: =J66/L66 -> #DIV/0!
A67: =iferror(if(B67>0,month(B67)&"-"&year(B67),B67),) | B67: Week 49 | D67: =SUM(D63:D66) -> 0 | E67: =SUM(E63:E66) -> 0 | F67: =SUM(F63:F66) -> 0 | G67: =E67/F67 -> #DIV/0! | H67: =D67/E67 -> #DIV/0! | I67: =H67/G67 -> #DIV/0! | J67: =SUM(J63:J66) -> 2625.65 | K67: =SUM(K63:K66) -> 180846 | L67: =SUM(L63:L66) -> 0 | M67: =SUM(M63:M66) -> 1335 | N67: =J67/M67 -> 1.966779 | O67: =M67/J67 -> 0.50844553 | P67: =J67/D67 -> #DIV/0! | Q67: =M67/D67 -> #DIV/0! | R67: =SUM(R63:R66) -> -1335 | S67: =J67/L67 -> #DIV/0! | T67: =IFERROR((D67-#REF!)/D67,) | U67: =IFERROR((E67-#REF!)/E67,) | V67: =IFERROR((D67-#REF!)/D67, ) | W67: =IFERROR((E67-#REF!)/E67, )
B68: 45998 | C68: AIRDOCTOR - Home Depot US | G68: =E68/F68 -> #DIV/0! | H68: =D68/E68 -> #DIV/0! | I68: =H68/G68 -> #DIV/0! | J68: 167.6 | K68: 9254 | M68: 559 | N68: =J68/M68 -> 0.29982111 | O68: =M68/J68 -> 3.3353222 | P68: =J68/D68 -> #DIV/0! | Q68: =M68/D68 -> #DIV/0! | R68: =D68-M68 -> -559 | S68: =J68/L68 -> #DIV/0!
C69: AQUA TRU - Home Depot US | G69: =E69/F69 -> #DIV/0! | H69: =D69/E69 -> #DIV/0! | I69: =H69/G69 -> #DIV/0! | J69: 186.66 | K69: 18782 | M69: 0 | N69: =J69/M69 -> #DIV/0! | O69: =M69/J69 -> 0 | P69: =J69/D69 -> #DIV/0! | Q69: =M69/D69 -> #DIV/0! | R69: =D69-M69 -> 0 | S69: =J69/L69 -> #DIV/0!
B70: to | C70: PAINT ZOOM - Home Depot US | G70: =E70/F70 -> #DIV/0! | H70: =D70/E70 -> #DIV/0! | I70: =H70/G70 -> #DIV/0! | J70: 0 | K70: 0 | M70: 0 | N70: =(J70/M70) -> #DIV/0! | O70: =M70/J70 -> #DIV/0! | P70: =J70/D70 -> #DIV/0! | Q70: =M70/D70 -> #DIV/0! | R70: =D70-M70 -> 0 | S70: =J70/L70 -> #DIV/0!
A71: =iferror(if(B71>0,month(B71)&"-"&year(B71),B71),) -> 12-2025 | B71: 46004 | C71: ROTORAZER SAW - Home Depot US / ROTORAZERSAW - Home Depot US | G71: =E71/F71 -> #DIV/0! | H71: =D71/E71 -> #DIV/0! | I71: =H71/G71 -> #DIV/0! | J71: 176.02 | K71: 9377 | M71: 0 | N71: =J71/M71 -> #DIV/0! | O71: =M71/J71 -> 0 | P71: =J71/D71 -> #DIV/0! | Q71: =M71/D71 -> #DIV/0! | R71: =D71-M71 -> 0 | S71: =J71/L71 -> #DIV/0!
A72: =iferror(if(B72>0,month(B72)&"-"&year(B72),B72),) | B72: Week 50 | D72: =SUM(D68:D71) -> 0 | E72: =SUM(E68:E71) -> 0 | F72: =SUM(F68:F71) -> 0 | G72: =E72/F72 -> #DIV/0! | H72: =D72/E72 -> #DIV/0! | I72: =H72/G72 -> #DIV/0! | J72: =SUM(J68:J71) -> 530.28 | K72: =SUM(K68:K71) -> 37413 | L72: =SUM(L68:L71) -> 0 | M72: =SUM(M68:M71) -> 559 | N72: =J72/M72 -> 0.94862254 | O72: =M72/J72 -> 1.0541601 | P72: =J72/D72 -> #DIV/0! | Q72: =M72/D72 -> #DIV/0! | R72: =SUM(R68:R71) -> -559 | S72: =J72/L72 -> #DIV/0! | T72: =IFERROR((D72-#REF!)/D72,) | U72: =IFERROR((E72-#REF!)/E72,) | V72: =IFERROR((D72-#REF!)/D72, ) | W72: =IFERROR((E72-#REF!)/E72, )
B73: 46005 | C73: AIRDOCTOR - Home Depot US | G73: =E73/F73 -> #DIV/0! | H73: =D73/E73 -> #DIV/0! | I73: =H73/G73 -> #DIV/0! | J73: 184.7 | K73: 9908 | M73: 0 | N73: =J73/M73 -> #DIV/0! | O73: =M73/J73 -> 0 | P73: =J73/D73 -> #DIV/0! | Q73: =M73/D73 -> #DIV/0! | R73: =D73-M73 -> 0 | S73: =J73/L73 -> #DIV/0!
C74: AQUA TRU - Home Depot US | G74: =E74/F74 -> #DIV/0! | H74: =D74/E74 -> #DIV/0! | I74: =H74/G74 -> #DIV/0! | J74: 161.84 | K74: 13094 | M74: 1106 | N74: =J74/M74 -> 0.14632911 | O74: =M74/J74 -> 6.83391 | P74: =J74/D74 -> #DIV/0! | Q74: =M74/D74 -> #DIV/0! | R74: =D74-M74 -> -1106 | S74: =J74/L74 -> #DIV/0!
B75: to | C75: PAINT ZOOM - Home Depot US | G75: =E75/F75 -> #DIV/0! | H75: =D75/E75 -> #DIV/0! | I75: =H75/G75 -> #DIV/0! | J75: 0 | K75: 0 | M75: 0 | N75: =(J75/M75) -> #DIV/0! | O75: =M75/J75 -> #DIV/0! | P75: =J75/D75 -> #DIV/0! | Q75: =M75/D75 -> #DIV/0! | R75: =D75-M75 -> 0 | S75: =J75/L75 -> #DIV/0!
A76: =iferror(if(B76>0,month(B76)&"-"&year(B76),B76),) -> 12-2025 | B76: 46011 | C76: ROTORAZER SAW - Home Depot US / ROTORAZERSAW - Home Depot US | G76: =E76/F76 -> #DIV/0! | H76: =D76/E76 -> #DIV/0! | I76: =H76/G76 -> #DIV/0! | J76: 166.95 | K76: 5380 | M76: 0 | N76: =J76/M76 -> #DIV/0! | O76: =M76/J76 -> 0 | P76: =J76/D76 -> #DIV/0! | Q76: =M76/D76 -> #DIV/0! | R76: =D76-M76 -> 0 | S76: =J76/L76 -> #DIV/0!
A77: =iferror(if(B77>0,month(B77)&"-"&year(B77),B77),) | B77: Previous Week | D77: =SUM(D73:D76) -> 0 | E77: =SUM(E73:E76) -> 0 | F77: =SUM(F73:F76) -> 0 | G77: =E77/F77 -> #DIV/0! | H77: =D77/E77 -> #DIV/0! | I77: =H77/G77 -> #DIV/0! | J77: =SUM(J73:J76) -> 513.49 | K77: =SUM(K73:K76) -> 28382 | L77: =SUM(L73:L76) -> 0 | M77: =SUM(M73:M76) -> 1106 | N77: =J77/M77 -> 0.46427667 | O77: =M77/J77 -> 2.1538881 | P77: =J77/D77 -> #DIV/0! | Q77: =M77/D77 -> #DIV/0! | R77: =SUM(R73:R76) -> -1106 | S77: =J77/L77 -> #DIV/0! | T77: =IFERROR((D77-#REF!)/D77,) | U77: =IFERROR((E77-#REF!)/E77,) | V77: =IFERROR((D77-#REF!)/D77, ) | W77: =IFERROR((E77-#REF!)/E77, )
B78: 46012 | C78: AIRDOCTOR - Home Depot US | G78: =E78/F78 -> #DIV/0! | H78: =D78/E78 -> #DIV/0! | I78: =H78/G78 -> #DIV/0! | J78: 176.83 | K78: 10330 | M78: 839 | N78: =J78/M78 -> 0.21076281 | O78: =M78/J78 -> 4.74467 | P78: =J78/D78 -> #DIV/0! | Q78: =M78/D78 -> #DIV/0! | R78: =D78-M78 -> -839 | S78: =J78/L78 -> #DIV/0!
C79: AQUA TRU - Home Depot US | G79: =E79/F79 -> #DIV/0! | H79: =D79/E79 -> #DIV/0! | I79: =H79/G79 -> #DIV/0! | J79: 169.03 | K79: 10693 | M79: 177 | N79: =J79/M79 -> 0.95497175 | O79: =M79/J79 -> 1.0471514 | P79: =J79/D79 -> #DIV/0! | Q79: =M79/D79 -> #DIV/0! | R79: =D79-M79 -> -177 | S79: =J79/L79 -> #DIV/0!
B80: to | C80: PAINT ZOOM - Home Depot US | G80: =E80/F80 -> #DIV/0! | H80: =D80/E80 -> #DIV/0! | I80: =H80/G80 -> #DIV/0! | J80: 0 | K80: 0 | M80: 0 | N80: =(J80/M80) -> #DIV/0! | O80: =M80/J80 -> #DIV/0! | P80: =J80/D80 -> #DIV/0! | Q80: =M80/D80 -> #DIV/0! | R80: =D80-M80 -> 0 | S80: =J80/L80 -> #DIV/0!
A81: =iferror(if(B81>0,month(B81)&"-"&year(B81),B81),) -> 12-2025 | B81: 46018 | C81: ROTORAZER SAW - Home Depot US / ROTORAZERSAW - Home Depot US | G81: =E81/F81 -> #DIV/0! | H81: =D81/E81 -> #DIV/0! | I81: =H81/G81 -> #DIV/0! | J81: 174.74 | K81: 5497 | M81: 0 | N81: =J81/M81 -> #DIV/0! | O81: =M81/J81 -> 0 | P81: =J81/D81 -> #DIV/0! | Q81: =M81/D81 -> #DIV/0! | R81: =D81-M81 -> 0 | S81: =J81/L81 -> #DIV/0!
A82: =iferror(if(B82>0,month(B82)&"-"&year(B82),B82),) | B82: Previous Week | D82: =SUM(D78:D81) -> 0 | E82: =SUM(E78:E81) -> 0 | F82: =SUM(F78:F81) -> 0 | G82: =E82/F82 -> #DIV/0! | H82: =D82/E82 -> #DIV/0! | I82: =H82/G82 -> #DIV/0! | J82: =SUM(J78:J81) -> 520.6 | K82: =SUM(K78:K81) -> 26520 | L82: =SUM(L78:L81) -> 0 | M82: =SUM(M78:M81) -> 1016 | N82: =J82/M82 -> 0.51240157 | O82: =M82/J82 -> 1.9515943 | P82: =J82/D82 -> #DIV/0! | Q82: =M82/D82 -> #DIV/0! | R82: =SUM(R78:R81) -> -1016 | S82: =J82/L82 -> #DIV/0! | T82: =IFERROR((D82-#REF!)/D82,) | U82: =IFERROR((E82-#REF!)/E82,) | V82: =IFERROR((D82-#REF!)/D82, ) | W82: =IFERROR((E82-#REF!)/E82, )
B83: 46019 | C83: AIRDOCTOR - Home Depot US | G83: =E83/F83 -> #DIV/0! | H83: =D83/E83 -> #DIV/0! | I83: =H83/G83 -> #DIV/0! | J83: 163.31 | K83: 11820 | M83: 58 | N83: =J83/M83 -> 2.8156897 | O83: =M83/J83 -> 0.35515278 | P83: =J83/D83 -> #DIV/0! | Q83: =M83/D83 -> #DIV/0! | R83: =D83-M83 -> -58 | S83: =J83/L83 -> #DIV/0!
C84: AQUA TRU - Home Depot US | G84: =E84/F84 -> #DIV/0! | H84: =D84/E84 -> #DIV/0! | I84: =H84/G84 -> #DIV/0! | J84: 157.13 | K84: 10589 | M84: 359 | N84: =J84/M84 -> 0.43768802 | O84: =M84/J84 -> 2.2847324 | P84: =J84/D84 -> #DIV/0! | Q84: =M84/D84 -> #DIV/0! | R84: =D84-M84 -> -359 | S84: =J84/L84 -> #DIV/0!
B85: to | C85: PAINT ZOOM - Home Depot US | G85: =E85/F85 -> #DIV/0! | H85: =D85/E85 -> #DIV/0! | I85: =H85/G85 -> #DIV/0! | J85: 0 | K85: 0 | M85: 0 | N85: =(J85/M85) -> #DIV/0! | O85: =M85/J85 -> #DIV/0! | P85: =J85/D85 -> #DIV/0! | Q85: =M85/D85 -> #DIV/0! | R85: =D85-M85 -> 0 | S85: =J85/L85 -> #DIV/0!
A86: =iferror(if(B86>0,month(B86)&"-"&year(B86),B86),) -> 1-2026 | B86: 46025 | C86: ROTORAZER SAW - Home Depot US / ROTORAZERSAW - Home Depot US | G86: =E86/F86 -> #DIV/0! | H86: =D86/E86 -> #DIV/0! | I86: =H86/G86 -> #DIV/0! | J86: 166.48 | K86: 5772 | M86: 154 | N86: =J86/M86 -> 1.081039 | O86: =M86/J86 -> 0.92503604 | P86: =J86/D86 -> #DIV/0! | Q86: =M86/D86 -> #DIV/0! | R86: =D86-M86 -> -154 | S86: =J86/L86 -> #DIV/0!
A87: =iferror(if(B87>0,month(B87)&"-"&year(B87),B87),) | B87: Current Week | D87: =SUM(D83:D86) -> 0 | E87: =SUM(E83:E86) -> 0 | F87: =SUM(F83:F86) -> 0 | G87: =E87/F87 -> #DIV/0! | H87: =D87/E87 -> #DIV/0! | I87: =H87/G87 -> #DIV/0! | J87: =SUM(J83:J86) -> 486.92 | K87: =SUM(K83:K86) -> 28181 | L87: =SUM(L83:L86) -> 0 | M87: =SUM(M83:M86) -> 571 | N87: =J87/M87 -> 0.85274956 | O87: =M87/J87 -> 1.1726772 | P87: =J87/D87 -> #DIV/0! | Q87: =M87/D87 -> #DIV/0! | R87: =SUM(R83:R86) -> -571 | S87: =J87/L87 -> #DIV/0! | T87: =IFERROR((D87-D82)/D87,) | U87: =IFERROR((E87-E82)/E87,) | V87: =IFERROR((D87-#REF!)/D87, ) | W87: =IFERROR((E87-#REF!)/E87, )

Sheet CANADA
A1: Home Depot RPD - Orange Access - DATA SOURCES: https://us.orangeapronmedia.com/r/organizations
D2: WEEKLY PERFORMANCE | Y2: =(#REF!+#REF!+#REF!+#REF!)-(monthly_reporting_2021!E17+monthly_reporting_2021!E23+monthly_reporting_2021!E29+monthly_reporting_2021!E35) -> #REF! | Z2: =((#REF!+#REF!+#REF!+#REF!)-(monthly_reporting_2021!F17+monthly_reporting_2021!F23+monthly_reporting_2021!F29+monthly_reporting_2021!F35))/(#REF!+#REF!+#REF!+#REF!) -> #REF!
L3: Total Sales | O3: Total Orders | T3: Total Units Sold
L4: =VLOOKUP("Current Week",$B$11:$Y$61,match("SALES",$B$11:$Y$11,0),FALSE) -> 0 | O4: =VLOOKUP("Current Week",$B$11:$Y$61,match("Units Sold",$B$11:$Y$11,0),FALSE) -> 0 | T4: =VLOOKUP("Current Week",$B$11:$Y$61,match("Ordered Items",$B$11:$Y$11,0),FALSE) -> 0
L5: =(L4-(VLOOKUP("Previous Week",$B$11:$Y$66,match("SALES",$B$11:$Y$11,0),FALSE)))/L4 -> #DIV/0! | O5: =(O4-(VLOOKUP("Previous Week",$B$11:$Y$66,match("Units Sold",$B$11:$Y$11,0),FALSE)))/O4 -> #DIV/0! | T5: =(T4-(VLOOKUP("Previous Week",$B$11:$Y$66,match("Ordered Items",$B$11:$Y$11,0),FALSE)))/T4 -> #DIV/0!
L7: Advertising Sales | O7: Advertising Spend | T7: ACoS
L8: =VLOOKUP("Current Week",$B$11:$Y$61,match("AD SALES",$B$11:$Y$11,0),FALSE) -> 0 | O8: =VLOOKUP("Current Week",$B$11:$Y$61,match("SP AD SPEND",$B$11:$Y$11,0),FALSE) -> 106.4 | T8: =O8/L8 -> #DIV/0!
L9: =(L8-(VLOOKUP("Previous Week",$B$11:$Y$66,match("AD SALES",$B$11:$Y$11,0),FALSE)))/L8 -> #DIV/0! | O9: =(O8-(VLOOKUP("Previous Week",$B$11:$Y$66,match("SP AD SPEND",$B$11:$Y$11,0),FALSE)))/O8 -> 1 | T9: =(T8-(VLOOKUP("Previous Week",$B$11:$Y$66,match("ACOS",$B$11:$Y$11,0),FALSE)))/T8 -> #DIV/0!
E10: SALES METRICS | M10: ADVERTISING PERFORMANCE | W10: MoM | Y10: YoY
A11: Month-Code | B11: DATE | C11: Campaign Group per Brand | D11: Campaign Name | E11: SALES | F11: UNITS SOLD | G11: ORDERED ITEMS | H11: UNITS PER ORDER | I11: SALES PER ORDER | J11: ASP | K11: SP AD SPEND | L11: IMPRESSIONS | M11: UNIT SALES | N11: AD SALES | O11: ACoS | P11: ROAS (return on ad send) | Q11: TACoS (Total Advertsing Cost of Sales) | R11: REVENUE PERCENTAGE OF AD SALES | S11: ORGANIC SALES | T11: CPO | U11: SALES | V11: UNITS | W11: SALES | X11: UNITS
B13: 45921 | D13: AIRDOCTOR - Home Depot US | H13: =F13/G13 -> #DIV/0! | I13: =E13/F13 -> #DIV/0! | J13: =I13/H13 -> #DIV/0! | K13: 0 | L13: 0 | M13: 0 | N13: 0 | O13: =K13/N13 -> #DIV/0! | P13: =N13/K13 -> #DIV/0! | Q13: =K13/E13 -> #DIV/0! | R13: =N13/E13 -> #DIV/0! | S13: =E13-N13 -> 0 | T13: =K13/M13 -> #DIV/0!
D14: AQUA TRU - Home Depot US | H14: =F14/G14 -> #DIV/0! | I14: =E14/F14 -> #DIV/0! | J14: =I14/H14 -> #DIV/0! | K14: 0 | L14: 0 | M14: 0 | N14: 0 | O14: =K14/N14 -> #DIV/0! | P14: =N14/K14 -> #DIV/0! | Q14: =K14/E14 -> #DIV/0! | R14: =N14/E14 -> #DIV/0! | S14: =E14-N14 -> 0 | T14: =K14/M14 -> #DIV/0!
B15: to | D15: PAINT ZOOM - Home Depot US | H15: =F15/G15 -> #DIV/0! | I15: =E15/F15 -> #DIV/0! | J15: =I15/H15 -> #DIV/0! | K15: 0 | L15: 0 | M15: 0 | N15: 0 | O15: =(K15/N15) -> #DIV/0! | P15: =N15/K15 -> #DIV/0! | Q15: =K15/E15 -> #DIV/0! | R15: =N15/E15 -> #DIV/0! | S15: =E15-N15 -> 0 | T15: =K15/M15 -> #DIV/0!
A16: =iferror(if(B16>0,month(B16)&"-"&year(B16),B16),) -> 9-2025 | B16: 45927 | D16: ROTORAZER SAW - Home Depot US / ROTORAZERSAW - Home Depot US | H16: =F16/G16 -> #DIV/0! | I16: =E16/F16 -> #DIV/0! | J16: =I16/H16 -> #DIV/0! | K16: 0 | L16: 0 | M16: 0 | N16: 0 | O16: =K16/N16 -> #DIV/0! | P16: =N16/K16 -> #DIV/0! | Q16: =K16/E16 -> #DIV/0! | R16: =N16/E16 -> #DIV/0! | S16: =E16-N16 -> 0 | T16: =K16/M16 -> #DIV/0!
B17: 46005 | C17: AirDoctor - Home Depot CA | D17: AirDoctor - Onsite - Sponsored Grid | H17: =F17/G17 -> #DIV/0! | I17: =E17/F17 -> #DIV/0! | J17: =I17/H17 -> #DIV/0! | K17: 0 | L17: 0 | N17: 0 | O17: =K17/N17 -> #DIV/0! | P17: =N17/K17 -> #DIV/0! | Q17: =K17/E17 -> #DIV/0! | R17: =N17/E17 -> #DIV/0! | S17: =E17-N17 -> 0 | T17: =K17/M17 -> #DIV/0!
D18: AirDoctor - Offsite | H18: =F18/G18 -> #DIV/0! | I18: =E18/F18 -> #DIV/0! | J18: =I18/H18 -> #DIV/0! | K18: 0 | L18: 0 | N18: 0 | O18: =K18/N18 -> #DIV/0! | P18: =N18/K18 -> #DIV/0! | Q18: =K18/E18 -> #DIV/0! | R18: =N18/E18 -> #DIV/0! | S18: =E18-N18 -> 0 | T18: =K18/M18 -> #DIV/0!
D19: AirDoctor - Onsite - Sponsored Banners | H19: =F19/G19 -> #DIV/0! | I19: =E19/F19 -> #DIV/0! | J19: =I19/H19 -> #DIV/0! | K19: 0 | L19: 0 | N19: 0 | O19: =K19/N19 -> #DIV/0! | P19: =N19/K19 -> #DIV/0! | Q19: =K19/E19 -> #DIV/0! | R19: =N19/E19 -> #DIV/0! | S19: =E19-N19 -> 0 | T19: =K19/M19 -> #DIV/0!
C20: AquaTru - Home Depot CA | D20: AquaTru - Onsite - Systems - Sponsored Grid | H20: =F20/G20 -> #DIV/0! | I20: =E20/F20 -> #DIV/0! | J20: =I20/H20 -> #DIV/0! | K20: 0 | L20: 0 | N20: 0 | O20: =K20/N20 -> #DIV/0! | P20: =N20/K20 -> #DIV/0! | Q20: =K20/E20 -> #DIV/0! | R20: =N20/E20 -> #DIV/0! | S20: =E20-N20 -> 0 | T20: =K20/M20 -> #DIV/0!
D21: AquaTru - Onsite - Replacements - Sponsored Grid | H21: =F21/G21 -> #DIV/0! | I21: =E21/F21 -> #DIV/0! | J21: =I21/H21 -> #DIV/0! | K21: 0 | L21: 0 | N21: 0 | O21: =K21/N21 -> #DIV/0! | P21: =N21/K21 -> #DIV/0! | Q21: =K21/E21 -> #DIV/0! | R21: =N21/E21 -> #DIV/0! | S21: =E21-N21 -> 0 | T21: =K21/M21 -> #DIV/0!
D22: AquaTru - Onsite - - Systems - Sponsored Banners | H22: =F22/G22 -> #DIV/0! | I22: =E22/F22 -> #DIV/0! | J22: =I22/H22 -> #DIV/0! | K22: 0 | L22: 0 | N22: 0 | O22: =K22/N22 -> #DIV/0! | P22: =N22/K22 -> #DIV/0! | Q22: =K22/E22 -> #DIV/0! | R22: =N22/E22 -> #DIV/0! | S22: =E22-N22 -> 0 | T22: =K22/M22 -> #DIV/0!
B23: to | D23: AquaTru - Onsite - Replacements - Sponsored Banners | H23: =F23/G23 -> #DIV/0! | I23: =E23/F23 -> #DIV/0! | J23: =I23/H23 -> #DIV/0! | K23: 0 | L23: 0 | N23: 0 | O23: =(K23/N23) -> #DIV/0! | P23: =N23/K23 -> #DIV/0! | Q23: =K23/E23 -> #DIV/0! | R23: =N23/E23 -> #DIV/0! | S23: =E23-N23 -> 0 | T23: =K23/M23 -> #DIV/0!
A24: =iferror(if(B24>0,month(B24)&"-"&year(B24),B24),) -> 12-2025 | B24: 46011 | D24: AquaTru - Offsite WebsiteVisitorsAudience > Sales | H24: =F24/G24 -> #DIV/0! | I24: =E24/F24 -> #DIV/0! | J24: =I24/H24 -> #DIV/0! | K24: 0 | L24: 0 | N24: 0 | O24: =K24/N24 -> #DIV/0! | P24: =N24/K24 -> #DIV/0! | Q24: =K24/E24 -> #DIV/0! | R24: =N24/E24 -> #DIV/0! | S24: =E24-N24 -> 0 | T24: =K24/M24 -> #DIV/0!
A25: =iferror(if(B25>0,month(B25)&"-"&year(B25),B25),) | B25: Week 50 | E25: =SUM(E17:E24) -> 0 | F25: =SUM(F17:F24) -> 0 | G25: =SUM(G17:G24) -> 0 | H25: =F25/G25 -> #DIV/0! | I25: =E25/F25 -> #DIV/0! | J25: =I25/H25 -> #DIV/0! | K25: =SUM(K17:K24) -> 0 | L25: =SUM(L17:L24) -> 0 | M25: =SUM(M17:M24) -> 0 | N25: =SUM(N17:N24) -> 0 | O25: =K25/N25 -> #DIV/0! | P25: =N25/K25 -> #DIV/0! | Q25: =K25/E25 -> #DIV/0! | R25: =N25/E25 -> #DIV/0! | S25: =SUM(S17:S24) -> 0 | T25: =K25/M25 -> #DIV/0! | U25: =IFERROR((E25-#REF!)/E25,) | V25: =IFERROR((F25-#REF!)/F25,) | W25: =IFERROR((E25-#REF!)/E25, ) | X25: =IFERROR((F25-#REF!)/F25, )
B26: 46005 | C26: AirDoctor - Home Depot CA | D26: AirDoctor - Onsite - Sponsored Grid | H26: =F26/G26 -> #DIV/0! | I26: =E26/F26 -> #DIV/0! | J26: =I26/H26 -> #DIV/0! | K26: 0 | L26: 0 | N26: 0 | O26: =K26/N26 -> #DIV/0! | P26: =N26/K26 -> #DIV/0! | Q26: =K26/E26 -> #DIV/0! | R26: =N26/E26 -> #DIV/0! | S26: =E26-N26 -> 0 | T26: =K26/M26 -> #DIV/0!
D27: AirDoctor - Offsite | H27: =F27/G27 -> #DIV/0! | I27: =E27/F27 -> #DIV/0! | J27: =I27/H27 -> #DIV/0! | K27: 0 | L27: 0 | N27: 0 | O27: =K27/N27 -> #DIV/0! | P27: =N27/K27 -> #DIV/0! | Q27: =K27/E27 -> #DIV/0! | R27: =N27/E27 -> #DIV/0! | S27: =E27-N27 -> 0 | T27: =K27/M27 -> #DIV/0!
D28: AirDoctor - Onsite - Sponsored Banners | H28: =F28/G28 -> #DIV/0! | I28: =E28/F28 -> #DIV/0! | J28: =I28/H28 -> #DIV/0! | K28: 0 | L28: 0 | N28: 0 | O28: =K28/N28 -> #DIV/0! | P28: =N28/K28 -> #DIV/0! | Q28: =K28/E28 -> #DIV/0! | R28: =N28/E28 -> #DIV/0! | S28: =E28-N28 -> 0 | T28: =K28/M28 -> #DIV/0!
C29: AquaTru - Home Depot CA | D29: AquaTru - Onsite - Systems - Sponsored Grid | H29: =F29/G29 -> #DIV/0! | I29: =E29/F29 -> #DIV/0! | J29: =I29/H29 -> #DIV/0! | K29: 0 | L29: 0 | N29: 0 | O29: =K29/N29 -> #DIV/0! | P29: =N29/K29 -> #DIV/0! | Q29: =K29/E29 -> #DIV/0! | R29: =N29/E29 -> #DIV/0! | S29: =E29-N29 -> 0 | T29: =K29/M29 -> #DIV/0!
D30: AquaTru - Onsite - Replacements - Sponsored Grid | H30: =F30/G30 -> #DIV/0! | I30: =E30/F30 -> #DIV/0! | J30: =I30/H30 -> #DIV/0! | K30: 0 | L30: 0 | N30: 0 | O30: =K30/N30 -> #DIV/0! | P30: =N30/K30 -> #DIV/0! | Q30: =K30/E30 -> #DIV/0! | R30: =N30/E30 -> #DIV/0! | S30: =E30-N30 -> 0 | T30: =K30/M30 -> #DIV/0!
D31: AquaTru - Onsite - - Systems - Sponsored Banners | H31: =F31/G31 -> #DIV/0! | I31: =E31/F31 -> #DIV/0! | J31: =I31/H31 -> #DIV/0! | K31: 0 | L31: 0 | N31: 0 | O31: =K31/N31 -> #DIV/0! | P31: =N31/K31 -> #DIV/0! | Q31: =K31/E31 -> #DIV/0! | R31: =N31/E31 -> #DIV/0! | S31: =E31-N31 -> 0 | T31: =K31/M31 -> #DIV/0!
B32: to | D32: AquaTru - Onsite - Replacements - Sponsored Banners | H32: =F32/G32 -> #DIV/0! | I32: =E32/F32 -> #DIV/0! | J32: =I32/H32 -> #DIV/0! | K32: 0 | L32: 0 | N32: 0 | O32: =(K32/N32) -> #DIV/0! | P32: =N32/K32 -> #DIV/0! | Q32: =K32/E32 -> #DIV/0! | R32: =N32/E32 -> #DIV/0! | S32: =E32-N32 -> 0 | T32: =K32/M32 -> #DIV/0!
A33: =iferror(if(B33>0,month(B33)&"-"&year(B33),B33),) -> 12-2025 | B33: 46011 | D33: AquaTru - Offsite WebsiteVisitorsAudience > Sales | H33: =F33/G33 -> #DIV/0! | I33: =E33/F33 -> #DIV/0! | J33: =I33/H33 -> #DIV/0! | K33: 0 | L33: 0 | N33: 0 | O33: =K33/N33 -> #DIV/0! | P33: =N33/K33 -> #DIV/0! | Q33: =K33/E33 -> #DIV/0! | R33: =N33/E33 -> #DIV/0! | S33: =E33-N33 -> 0 | T33: =K33/M33 -> #DIV/0!
A34: =iferror(if(B34>0,month(B34)&"-"&year(B34),B34),) | B34: Week 51 | E34: =SUM(E26:E33) -> 0 | F34: =SUM(F26:F33) -> 0 | G34: =SUM(G26:G33) -> 0 | H34: =F34/G34 -> #DIV/0! | I34: =E34/F34 -> #DIV/0! | J34: =I34/H34 -> #DIV/0! | K34: =SUM(K26:K33) -> 0 | L34: =SUM(L26:L33) -> 0 | M34: =SUM(M26:M33) -> 0 | N34: =SUM(N26:N33) -> 0 | O34: =K34/N34 -> #DIV/0! | P34: =N34/K34 -> #DIV/0! | Q34: =K34/E34 -> #DIV/0! | R34: =N34/E34 -> #DIV/0! | S34: =SUM(S26:S33) -> 0 | T34: =K34/M34 -> #DIV/0! | U34: =IFERROR((E34-#REF!)/E34,) | V34: =IFERROR((F34-#REF!)/F34,) | W34: =IFERROR((E34-#REF!)/E34, ) | X34: =IFERROR((F34-#REF!)/F34, )
B35: 46012 | C35: AirDoctor - Home Depot CA | D35: AirDoctor - Onsite - Sponsored Grid | H35: =F35/G35 -> #DIV/0! | I35: =E35/F35 -> #DIV/0! | J35: =I35/H35 -> #DIV/0! | K35: 0 | L35: 0 | N35: 0 | O35: =K35/N35 -> #DIV/0! | P35: =N35/K35 -> #DIV/0! | Q35: =K35/E35 -> #DIV/0! | R35: =N35/E35 -> #DIV/0! | S35: =E35-N35 -> 0 | T35: =K35/M35 -> #DIV/0!
D36: AirDoctor - Offsite | H36: =F36/G36 -> #DIV/0! | I36: =E36/F36 -> #DIV/0! | J36: =I36/H36 -> #DIV/0! | K36: 0 | L36: 0 | N36: 0 | O36: =K36/N36 -> #DIV/0! | P36: =N36/K36 -> #DIV/0! | Q36: =K36/E36 -> #DIV/0! | R36: =N36/E36 -> #DIV/0! | S36: =E36-N36 -> 0 | T36: =K36/M36 -> #DIV/0!
D37: AirDoctor - Onsite - Sponsored Banners | H37: =F37/G37 -> #DIV/0! | I37: =E37/F37 -> #DIV/0! | J37: =I37/H37 -> #DIV/0! | K37: 0 | L37: 0 | N37: 0 | O37: =K37/N37 -> #DIV/0! | P37: =N37/K37 -> #DIV/0! | Q37: =K37/E37 -> #DIV/0! | R37: =N37/E37 -> #DIV/0! | S37: =E37-N37 -> 0 | T37: =K37/M37 -> #DIV/0!
C38: AquaTru - Home Depot CA | D38: AquaTru - Onsite - Systems - Sponsored Grid | H38: =F38/G38 -> #DIV/0! | I38: =E38/F38 -> #DIV/0! | J38: =I38/H38 -> #DIV/0! | K38: 0 | L38: 0 | N38: 0 | O38: =K38/N38 -> #DIV/0! | P38: =N38/K38 -> #DIV/0! | Q38: =K38/E38 -> #DIV/0! | R38: =N38/E38 -> #DIV/0! | S38: =E38-N38 -> 0 | T38: =K38/M38 -> #DIV/0!
B39: to | D39: AquaTru - Onsite - Replacements - Sponsored Grid | H39: =F39/G39 -> #DIV/0! | I39: =E39/F39 -> #DIV/0! | J39: =I39/H39 -> #DIV/0! | K39: 0 | L39: 0 | N39: 0 | O39: =(K39/N39) -> #DIV/0! | P39: =N39/K39 -> #DIV/0! | Q39: =K39/E39 -> #DIV/0! | R39: =N39/E39 -> #DIV/0! | S39: =E39-N39 -> 0 | T39: =K39/M39 -> #DIV/0!
D40: AquaTru - Onsite - - Systems - Sponsored Banners | H40: =F40/G40 -> #DIV/0! | I40: =E40/F40 -> #DIV/0! | J40: =I40/H40 -> #DIV/0! | K40: 0 | L40: 0 | N40: 0 | O40: =(K40/N40) -> #DIV/0! | P40: =N40/K40 -> #DIV/0! | Q40: =K40/E40 -> #DIV/0! | R40: =N40/E40 -> #DIV/0! | S40: =E40-N40 -> 0 | T40: =K40/M40 -> #DIV/0!
D41: AquaTru - Onsite - Replacements - Sponsored Banners | H41: =F41/G41 -> #DIV/0! | I41: =E41/F41 -> #DIV/0! | J41: =I41/H41 -> #DIV/0! | K41: 0 | L41: 0 | N41: 0 | O41: =(K41/N41) -> #DIV/0! | P41: =N41/K41 -> #DIV/0! | Q41: =K41/E41 -> #DIV/0! | R41: =N41/E41 -> #DIV/0! | S41: =E41-N41 -> 0 | T41: =K41/M41 -> #DIV/0!
A42: =iferror(if(B42>0,month(B42)&"-"&year(B42),B42),) -> 12-2025 | B42: 46018 | D42: AquaTru - Offsite WebsiteVisitorsAudience > Sales | H42: =F42/G42 -> #DIV/0! | I42: =E42/F42 -> #DIV/0! | J42: =I42/H42 -> #DIV/0! | K42: 0 | L42: 0 | N42: 0 | O42: =K42/N42 -> #DIV/0! | P42: =N42/K42 -> #DIV/0! | Q42: =K42/E42 -> #DIV/0! | R42: =N42/E42 -> #DIV/0! | S42: =E42-N42 -> 0 | T42: =K42/M42 -> #DIV/0!
A43: =iferror(if(B43>0,month(B43)&"-"&year(B43),B43),) | B43: Previous Week | E43: =SUM(E35:E42) -> 0 | F43: =SUM(F35:F42) -> 0 | G43: =SUM(G35:G42) -> 0 | H43: =F43/G43 -> #DIV/0! | I43: =E43/F43 -> #DIV/0! | J43: =I43/H43 -> #DIV/0! | K43: =SUM(K35:K42) -> 0 | L43: =SUM(L35:L42) -> 0 | M43: =SUM(M35:M42) -> 0 | N43: =SUM(N35:N42) -> 0 | O43: =K43/N43 -> #DIV/0! | P43: =N43/K43 -> #DIV/0! | Q43: =K43/E43 -> #DIV/0! | R43: =N43/E43 -> #DIV/0! | S43: =SUM(S35:S42) -> 0 | T43: =K43/M43 -> #DIV/0! | U43: =IFERROR((E43-#REF!)/E43,) | V43: =IFERROR((F43-#REF!)/F43,) | W43: =IFERROR((E43-#REF!)/E43, ) | X43: =IFERROR((F43-#REF!)/F43, )
B44: 46019 | C44: AirDoctor - Home Depot CA | D44: AirDoctor - Onsite - Sponsored Grid | H44: =F44/G44 -> #DIV/0! | I44: =E44/F44 -> #DIV/0! | J44: =I44/H44 -> #DIV/0! | K44: 106.4 | L44: 6630 | N44: 0 | O44: =K44/N44 -> #DIV/0! | P44: =N44/K44 -> 0 | Q44: =K44/E44 -> #DIV/0! | R44: =N44/E44 -> #DIV/0! | S44: =E44-N44 -> 0 | T44: =K44/M44 -> #DIV/0!
D45: AirDoctor - Offsite | H45: =F45/G45 -> #DIV/0! | I45: =E45/F45 -> #DIV/0! | J45: =I45/H45 -> #DIV/0! | K45: 0 | L45: 0 | N45: 0 | O45: =K45/N45 -> #DIV/0! | P45: =N45/K45 -> #DIV/0! | Q45: =K45/E45 -> #DIV/0! | R45: =N45/E45 -> #DIV/0! | S45: =E45-N45 -> 0 | T45: =K45/M45 -> #DIV/0!
D46: AirDoctor - Onsite - Sponsored Banners | H46: =F46/G46 -> #DIV/0! | I46: =E46/F46 -> #DIV/0! | J46: =I46/H46 -> #DIV/0! | K46: 0 | L46: 0 | N46: 0 | O46: =K46/N46 -> #DIV/0! | P46: =N46/K46 -> #DIV/0! | Q46: =K46/E46 -> #DIV/0! | R46: =N46/E46 -> #DIV/0! | S46: =E46-N46 -> 0 | T46: =K46/M46 -> #DIV/0!
C47: AquaTru - Home Depot CA | D47: AquaTru - Onsite - Systems - Sponsored Grid | H47: =F47/G47 -> #DIV/0! | I47: =E47/F47 -> #DIV/0! | J47: =I47/H47 -> #DIV/0! | K47: 0 | L47: 0 | N47: 0 | O47: =K47/N47 -> #DIV/0! | P47: =N47/K47 -> #DIV/0! | Q47: =K47/E47 -> #DIV/0! | R47: =N47/E47 -> #DIV/0! | S47: =E47-N47 -> 0 | T47: =K47/M47 -> #DIV/0!
B48: to | D48: AquaTru - Onsite - Replacements - Sponsored Grid | H48: =F48/G48 -> #DIV/0! | I48: =E48/F48 -> #DIV/0! | J48: =I48/H48 -> #DIV/0! | K48: 0 | L48: 0 | N48: 0 | O48: =(K48/N48) -> #DIV/0! | P48: =N48/K48 -> #DIV/0! | Q48: =K48/E48 -> #DIV/0! | R48: =N48/E48 -> #DIV/0! | S48: =E48-N48 -> 0 | T48: =K48/M48 -> #DIV/0!
D49: AquaTru - Onsite - - Systems - Sponsored Banners | H49: =F49/G49 -> #DIV/0! | I49: =E49/F49 -> #DIV/0! | J49: =I49/H49 -> #DIV/0! | K49: 0 | L49: 0 | N49: 0 | O49: =(K49/N49) -> #DIV/0! | P49: =N49/K49 -> #DIV/0! | Q49: =K49/E49 -> #DIV/0! | R49: =N49/E49 -> #DIV/0! | S49: =E49-N49 -> 0 | T49: =K49/M49 -> #DIV/0!
D50: AquaTru - Onsite - Replacements - Sponsored Banners | H50: =F50/G50 -> #DIV/0! | I50: =E50/F50 -> #DIV/0! | J50: =I50/H50 -> #DIV/0! | K50: 0 | L50: 0 | N50: 0 | O50: =(K50/N50) -> #DIV/0! | P50: =N50/K50 -> #DIV/0! | Q50: =K50/E50 -> #DIV/0! | R50: =N50/E50 -> #DIV/0! | S50: =E50-N50 -> 0 | T50: =K50/M50 -> #DIV/0!
A51: =iferror(if(B51>0,month(B51)&"-"&year(B51),B51),) -> 1-2026 | B51: 46025 | D51: AquaTru - Offsite WebsiteVisitorsAudience > Sales | H51: =F51/G51 -> #DIV/0! | I51: =E51/F51 -> #DIV/0! | J51: =I51/H51 -> #DIV/0! | K51: 0 | L51: 0 | N51: 0 | O51: =K51/N51 -> #DIV/0! | P51: =N51/K51 -> #DIV/0! | Q51: =K51/E51 -> #DIV/0! | R51: =N51/E51 -> #DIV/0! | S51: =E51-N51 -> 0 | T51: =K51/M51 -> #DIV/0!
A52: =iferror(if(B52>0,month(B52)&"-"&year(B52),B52),) | B52: Current Week | E52: =SUM(E44:E51) -> 0 | F52: =SUM(F44:F51) -> 0 | G52: =SUM(G44:G51) -> 0 | H52: =F52/G52 -> #DIV/0! | I52: =E52/F52 -> #DIV/0! | J52: =I52/H52 -> #DIV/0! | K52: =SUM(K44:K51) -> 106.4 | L52: =SUM(L44:L51) -> 6630 | M52: =SUM(M44:M51) -> 0 | N52: =SUM(N44:N51) -> 0 | O52: =K52/N52 -> #DIV/0! | P52: =N52/K52 -> 0 | Q52: =K52/E52 -> #DIV/0! | R52: =N52/E52 -> #DIV/0! | S52: =SUM(S44:S51) -> 0 | T52: =K52/M52 -> #DIV/0! | U52: =IFERROR((E52-E43)/E52,) | V52: =IFERROR((F52-F43)/F52,) | W52: =IFERROR((E52-#REF!)/E52, ) | X52: =IFERROR((F52-#REF!)/F52, )
